,id,unix_time,gps_x,gps_y
0,125875579,1704111600.0,15.51175,51.943222222222225
1,125863034,1704123753.0,15.58088888888889,52.44394444444445
2,125860597,1704122446.0,15.500083333333333,52.59569444444445
3,125860632,1704130147.0,15.290694444444444,51.62852777777778
4,125860704,1704133199.0,15.730138888888888,51.72866666666667
5,125862950,1704069660.0,15.52661111111111,52.24630555555556
6,125891186,1704117000.0,15.628305555555556,51.88675
7,125862040,1704094544.0,14.73025,52.54494444444445
8,125875582,1704119400.0,15.359388888888889,51.750083333333336
9,125860702,1704140502.0,15.1185,51.779222222222224
10,125860630,1704129901.0,15.702861111111112,52.97080555555556
11,125860442,1704065610.0,15.709555555555555,51.821222222222225
12,125862994,1704100345.0,15.2005,52.736916666666666
13,125962493,1704125700.0,15.275833333333333,52.78586111111111
14,125871149,1704119400.0,15.359388888888889,51.750083333333336
15,125862958,1704070510.0,15.258111111111111,51.804944444444445
16,125880303,1704104400.0,15.71711111111111,51.80469444444444
17,125862066,1704123084.0,15.275222222222222,52.736111111111114
18,125860712,1704138611.0,15.234944444444444,51.7985
19,125862025,1704079426.0,15.232777777777779,52.692305555555556
20,125929046,1704178800.0,15.253333333333334,52.74597222222222
21,125865234,1704215048.0,14.560055555555556,52.35308333333333
22,125875585,1704187380.0,15.439277777777777,51.94702777777778
23,125867794,1704228300.0,14.702694444444445,52.36108333333333
24,125865163,1704215878.0,15.696722222222222,52.42919444444444
25,125865324,1704219783.0,14.652805555555556,52.32552777777778
26,125865115,1704212063.0,14.619333333333334,52.323166666666665
27,125864364,1704218145.0,15.565333333333333,52.442166666666665
28,125863142,1704173743.0,14.563777777777778,52.349666666666664
29,125865189,1704217270.0,15.324,51.621833333333335
30,125861034,1704203799.0,15.305305555555556,51.61344444444445
31,125860770,1704177668.0,15.235527777777778,51.51419444444444
32,125866104,1704224182.0,14.693083333333334,52.36552777777778
33,125863407,1704223111.0,14.562388888888888,52.35205555555556
34,125865187,1704214895.0,15.059111111111111,52.07169444444445
35,125860752,1704175314.0,15.60525,52.07977777777778
36,125863268,1704199208.0,14.608138888888888,52.329861111111114
37,125875589,1704209400.0,15.503555555555556,51.93783333333333
38,125865305,1704230582.0,14.771333333333333,51.66802777777778
39,125864251,1704198000.0,15.096722222222223,52.055
40,125860821,1704179657.0,14.936833333333333,52.07083333333333
41,125861088,1704207836.0,15.478833333333334,52.25366666666667
42,125864311,1704206282.0,14.773805555555555,51.95986111111111
43,125860926,1704191942.0,15.227694444444445,52.693666666666665
44,125864202,1704189923.0,14.967194444444445,51.78477777777778
45,125863316,1704214270.0,14.723138888888888,51.96366666666667
46,125864270,1704199216.0,15.53075,52.24736111111111
47,125863162,1704177516.0,14.565083333333334,52.34858333333333
48,125963392,1704181380.0,14.65086111111111,52.58613888888889
49,125865173,1704216037.0,14.763861111111112,52.63805555555555
50,125860907,1704191225.0,14.667222222222222,52.32427777777778
51,125865251,1704208695.0,15.305972222222222,52.094
52,125865313,1704229104.0,15.226694444444444,52.73041666666667
53,125861072,1704205717.0,15.233666666666666,52.74469444444444
54,125865205,1704213695.0,15.23563888888889,52.74197222222222
55,125860908,1704192554.0,15.227805555555555,52.740027777777776
56,125864331,1704209738.0,14.744,52.33408333333333
57,125863173,1704183780.0,14.644444444444444,52.3255
58,125863367,1704218620.0,15.551111111111112,52.232305555555556
59,125865209,1704222104.0,14.902583333333334,52.6695
60,125865336,1704227937.0,14.56236111111111,52.34886111111111
61,125865289,1704217341.0,15.154805555555555,52.74311111111111
62,125867119,1704295157.0,14.575111111111111,52.34822222222222
63,125867373,1704307283.0,15.427107,52.20707
64,125867135,1704299552.0,15.240361111111111,52.69141666666667
65,125925633,1704288600.0,15.322916666666666,51.613277777777775
66,125988567,1704299100.0,15.256388888888889,52.73777777777778
67,125865532,1704257287.0,15.592305555555555,51.548972222222226
68,125866507,1704317861.0,14.979277777777778,52.80280555555556
69,125865539,1704266787.0,14.627333333333333,52.349
70,125866508,1704313181.0,14.650777777777778,52.58947222222222
71,125867333,1704305511.0,15.293194444444444,52.74925
72,125875608,1704294000.0,15.502555555555556,51.934555555555555
73,125867246,1704297853.0,15.7295,51.748666666666665
74,125865673,1704266444.0,15.502,52.432944444444445
75,125865453,1704255945.0,15.600027777777777,51.72811111111111
76,125865899,1704285506.0,15.703194444444444,51.80427777777778
77,125866036,1704293422.0,15.6345,52.08302777777778
78,125865642,1704271344.0,15.448805555555555,51.59136111111111
79,125866303,1704281399.0,14.677777777777777,52.325583333333334
80,125865388,1704258339.0,15.406916666666667,52.503055555555555
81,125865615,1704271332.0,15.164416666666666,51.96736111111111
82,125866042,1704282560.0,15.137416666666667,51.7365
83,125866376,1704284700.0,15.62513888888889,52.08902777777778
84,125867414,1704311186.0,15.38525,52.43922222222222
85,125867148,1704297258.0,14.829972222222223,51.58219444444445
86,125866247,1704282394.0,15.234916666666667,52.74583333333333
87,125866489,1704312626.0,14.814176,52.541965
88,125875621,1704319800.0,15.514222222222223,51.936083333333336
89,125865706,1704278711.0,15.520333333333333,51.93394444444444
90,125866367,1704299070.0,15.628027777777778,52.08452777777778
91,125865974,1704288417.0,15.524861111111111,51.93252777777778
92,125867404,1704317307.0,15.589944444444445,51.93561111111111
93,125867389,1704307507.0,15.520083333333334,51.95191666666667
94,125867352,1704310248.0,15.497638888888888,51.95313888888889
95,125875601,1704259320.0,15.502833333333333,51.93705555555555
96,125865964,1704289511.0,14.6235,52.34733333333333
97,125865369,1704261437.0,15.23236111111111,52.73886111111111
98,125865984,1704291919.0,15.508944444444445,51.94280555555556
99,125865331,1704239100.0,15.502166666666668,51.939277777777775
100,125866424,1704304055.0,15.497666666666667,51.95316666666667
101,125870473,1704257100.0,15.59975,51.728722222222224
102,125867391,1704306731.0,15.541416666666667,52.287416666666665
103,125868168,1704266100.0,15.4535,52.15258333333333
104,125875605,1704262320.0,15.496805555555556,51.935694444444444
105,125865960,1704287467.0,15.322,51.61747222222222
106,125871212,1704391380.0,15.14,51.654805555555555
107,125870140,1704395538.0,14.564,52.359833333333334
108,125868081,1704386627.0,14.640944444444445,52.59444444444444
109,125868009,1704387180.0,15.295388888888889,52.32983333333333
110,125866740,1704362940.0,15.170222222222222,51.61552777777778
111,125867911,1704379406.0,15.259611111111111,52.734722222222224
112,125869208,1704377226.0,15.522472222222222,51.95633333333333
113,125867872,1704374881.0,16.11327,51.787327
114,125874222,1704356400.0,15.694777777777778,52.77238888888889
115,125867744,1704368096.0,15.69736111111111,51.807138888888886
116,125869189,1704393740.0,15.507138888888889,51.91408333333333
117,125866795,1704368463.0,15.519305555555556,51.93944444444445
118,125870153,1704397335.0,15.525277777777777,51.95763888888889
119,125869162,1704392105.0,15.530138888888889,51.939194444444446
120,125867886,1704377892.0,15.476722222222222,51.95463888888889
121,125866653,1704350293.0,15.52438888888889,51.93977777777778
122,125867712,1704363131.0,14.650527777777778,52.58947222222222
123,125867509,1704348113.0,15.268638888888889,52.75775
124,125870125,1704387699.0,15.121444444444444,51.634972222222224
125,125866709,1704345900.0,14.937583333333333,51.844166666666666
126,125876049,1704383160.0,14.913499999999999,51.59538888888889
127,125867841,1704369921.0,15.167333333333334,52.7165
128,125877495,1704355200.0,15.526361111111111,51.94280555555556
129,125877562,1704368100.0,15.488944444444444,51.92838888888889
130,125867455,1704347284.0,15.211694444444445,52.73577777777778
131,125877499,1704362100.0,15.553,51.93688888888889
132,125972903,1704389400.0,15.253916666666667,52.74616666666667
133,125972810,1704366900.0,15.239444444444445,52.74805555555555
134,125866555,1704347284.0,15.242916666666666,52.73325
135,125867743,1704361367.0,15.149805555555556,51.63583333333333
136,125867421,1704325914.0,15.265722222222223,52.76463888888889
137,125869133,1704392605.0,15.529666666666667,52.24736111111111
138,125866896,1704370951.0,15.199555555555555,51.50036111111111
139,125868003,1704386138.0,15.247555555555556,52.73363888888889
140,125867977,1704381305.0,14.722027777777777,51.95225
141,125972930,1704454500.0,15.253333333333334,52.741083333333336
142,125870291,1704439080.0,14.902134,52.295319
143,125869707,1704474362.0,15.266194444444444,51.81111111111111
144,125869670,1704468670.0,15.505833333333333,51.94197222222222
145,125871075,1704482028.0,15.420388888888889,52.73313888888889
146,125869394,1704441929.0,15.541166666666667,52.881
147,125870980,1704476575.0,15.15425,52.74611111111111
148,125870870,1704473945.0,15.21786111111111,52.741166666666665
149,125870390,1704448399.0,15.124527777777777,51.63913888888889
150,125870584,1704452940.0,15.565,52.440694444444446
151,125869635,1704462462.0,15.250027777777778,51.79761111111111
152,125869513,1704453126.0,15.49938888888889,51.92413888888889
153,125870987,1704468000.0,15.114916666666666,51.661
154,125870342,1704441197.0,15.729583333333334,51.76463888888889
155,125871041,1704486473.0,15.710638888888889,51.80605555555555
156,125870635,1704468120.0,15.249416666666667,51.79736111111111
157,125872107,1704494268.0,14.614833333333333,52.32527777777778
158,125869762,1704489260.0,15.371138888888888,51.949333333333335
159,125870611,1704460850.0,15.539888888888889,52.248805555555556
160,125870828,1704474299.0,15.295277777777777,52.32911111111111
161,125869450,1704448324.0,15.71325,51.802527777777776
162,125871009,1704482257.0,15.599222222222222,51.92502777777778
163,125869496,1704452160.0,15.49863888888889,51.933083333333336
164,125897770,1704490500.0,15.912138888888888,53.08272222222222
165,125972909,1704449400.0,15.256083333333333,52.73769444444444
166,125878107,1704477600.0,16.067555555555554,51.87972222222222
167,125891120,1704430800.0,15.492888888888888,51.92922222222222
168,125870936,1704474208.0,15.217333333333332,52.74
169,125870709,1704466866.0,15.246833333333333,52.64944444444444
170,125871029,1704479404.0,15.253472222222221,52.73341666666666
171,125930118,1704456000.0,15.078333333333333,52.69083333333333
172,125870673,1704466825.0,15.276861111111112,52.763416666666664
173,125870252,1704437335.0,15.743333333333334,52.340444444444444
174,125870910,1704476307.0,15.257833333333334,52.76011111111111
175,125869414,1704443063.0,15.549055555555556,51.56422222222222
176,125870801,1704471712.0,15.698611111111111,51.63016666666667
177,125871044,1704482595.0,15.534194444444445,52.87397222222222
178,125872206,1704533462.0,15.561027777777777,52.4415
179,125869846,1704546522.0,15.592527777777779,52.900194444444445
180,125869968,1704580242.0,15.523888888888889,51.95777777777778
181,125872154,1704509256.0,15.55225,52.509083333333336
182,125869883,1704555690.0,15.715972222222222,51.80116666666667
183,125869804,1704519977.0,15.280277777777778,52.78069444444444
184,125872426,1704559243.0,15.294388,52.326584
185,125872429,1704566080.0,15.579361111111112,52.44533333333333
186,125869926,1704569257.0,15.58536111111111,51.85827777777778
187,125872241,1704535955.0,14.642111111111111,52.325694444444444
188,125872301,1704546341.0,14.654777777777777,52.32469444444445
189,125869917,1704556560.0,14.751166666666666,52.543166666666664
190,125869923,1704563202.0,14.607333333333333,52.32875
191,125872485,1704577977.0,15.49725,52.59313888888889
192,125872330,1704556034.0,15.451555555555556,52.29494444444445
193,125872508,1704575540.0,15.588055555555556,51.85691666666666
194,125877607,1704528000.0,15.525416666666667,51.957388888888886
195,125869939,1704572111.0,15.295805555555555,52.33188888888889
196,125869845,1704544434.0,15.291427,52.421986
197,125963501,1704513600.0,14.666472222222222,52.59013888888889
198,125869808,1704518434.0,15.2905,52.75933333333333
199,125972919,1704547200.0,15.246055555555555,52.73213888888889
200,125872218,1704535244.0,15.09475,51.44594444444444
201,125872944,1704656434.0,15.831833333333334,52.06805555555555
202,125870028,1704624282.0,15.546111111111111,52.38713888888889
203,125872704,1704625778.0,15.220305555555555,52.73872222222222
204,125872814,1704644113.0,15.43913888888889,51.94627777777778
205,125870090,1704646703.0,15.435833333333333,52.25563888888889
206,125872877,1704644040.0,14.608777777777778,52.32147222222222
207,125875126,1704658499.0,14.644388888888889,52.325472222222224
208,125870013,1704623126.0,14.560638888888889,52.35205555555556
209,125872970,1704658138.0,14.558055555555555,52.35691666666666
210,125880478,1704665400.0,15.192972222222222,51.46588888888889
211,125872579,1704607874.0,16.071653,51.880985
212,125876524,1704657600.0,15.009666666666666,52.62913888888889
213,125872529,1704583593.0,15.518583333333334,51.94072222222222
214,125972936,1704630600.0,15.252138888888888,52.74238888888889
215,125872873,1704644431.0,15.6045,52.10552777777778
216,125872720,1704633178.0,15.449444444444444,51.954
217,125876386,1704725455.0,15.594111111111111,52.44375
218,125876331,1704711702.0,15.102444444444444,52.72419444444444
219,125874154,1704696942.0,15.440222222222221,51.946777777777775
220,125876283,1704710514.0,14.679583333333333,52.60775
221,125874344,1704722973.0,15.513944444444444,51.934583333333336
222,125875496,1704744480.0,15.814472222222221,51.730222222222224
223,125876375,1704723499.0,15.724361111111111,51.806333333333335
224,125875406,1704723820.0,15.524166666666666,51.957861111111114
225,125972947,1704694200.0,15.207583333333334,52.73513888888889
226,125876484,1704745582.0,15.568305555555556,51.93897222222222
227,125874194,1704710351.0,15.493583333333333,51.942
228,125874364,1704719758.0,15.686333333333334,51.80158333333333
229,125874248,1704714480.0,15.506527777777778,51.935805555555554
230,125875162,1704693824.0,15.524972222222223,51.95891666666667
231,125874373,1704725167.0,14.972,51.78488888888889
232,125874437,1704723408.0,15.500555555555556,51.95813888888889
233,125876114,1704698044.0,15.172361111111112,52.73902777777778
234,125874257,1704716621.0,15.582777777777778,52.44263888888889
235,125880130,1704713400.0,15.480222222222222,51.938472222222224
236,125876056,1704711600.0,15.507972222222222,51.92688888888889
237,125872982,1704673745.0,14.761388888888888,51.66744444444444
238,125874228,1704714112.0,15.528222222222222,52.22091666666667
239,125875226,1704683951.0,15.324194444444444,52.30258333333333
240,125874358,1704722700.0,15.62036111111111,52.0785
241,125875475,1704729014.0,15.824527777777778,51.72552777777778
242,125874308,1704714966.0,15.207666666666666,52.73533333333334
243,125875128,1704679748.0,15.189127,52.444359
244,125875489,1704734319.0,15.192305555555556,52.31930555555556
245,125875282,1704715117.0,16.319861111111113,51.80733333333333
246,125875174,1704701386.0,16.164379,51.85045
247,125874315,1704719284.0,14.909666666666666,52.50402777777778
248,125874594,1704744716.0,15.621444444444444,51.491
249,125876178,1704704004.0,14.565166666666666,52.34883333333333
250,125874348,1704722491.0,14.632694444444445,52.32647222222222
251,125874423,1704730018.0,15.559027777777779,52.20783333333333
252,125876222,1704706775.0,14.95925,51.78619444444445
253,125875505,1704744720.0,14.584833333333334,52.31616666666667
254,125875661,1704794821.0,15.448,51.56769444444444
255,125875711,1704800444.0,15.246583333333334,52.757416666666664
256,125876956,1704792600.0,15.530722222222222,52.877722222222225
257,125877180,1704812210.0,14.561055555555555,52.35011111111111
258,125875815,1704819282.0,14.815333333333333,51.85952777777778
259,125875851,1704825130.0,15.521916666666666,52.24783333333333
260,125875747,1704810380.0,14.729694444444444,51.951027777777774
261,125875650,1704793385.0,14.724805555555555,51.95016666666667
262,125875806,1704817621.0,15.096111111111112,52.03563888888889
263,125877108,1704806229.0,14.580055555555555,52.34727777777778
264,125880131,1704793500.0,15.51925,51.93655555555556
265,125877304,1704825311.0,15.516055555555555,51.935472222222224
266,125877280,1704817627.0,14.764833333333334,51.66763888888889
267,125875631,1704789479.0,15.162194444444445,52.74205555555555
268,125875831,1704823099.0,15.252027777777778,52.75816666666667
269,125874741,1704786601.0,15.2605,52.717305555555555
270,125875741,1704803828.0,14.990361111111111,52.76716666666667
271,125874690,1704784220.0,15.250361111111111,52.71852777777778
272,125876502,1704780325.0,15.519388888888889,52.240972222222226
273,125874628,1704778741.0,15.510939,52.236317
274,125874689,1704780425.0,15.518944444444445,51.93716666666667
275,125878370,1704810600.0,15.00838888888889,52.46494444444444
276,125875532,1704779898.0,15.175444444444445,51.611583333333336
277,125877309,1704824050.0,15.240527777777778,51.798
278,125875051,1704805220.0,15.513222222222222,51.942972222222224
279,125963410,1704791700.0,14.776111111111112,52.87761111111111
280,125891125,1704799800.0,15.799416666666666,52.12025
281,125891122,1704792600.0,15.776972222222222,52.13719444444445
282,125886835,1704916800.0,16.07261111111111,51.882444444444445
283,125877780,1704894810.0,15.248472222222222,52.717
284,125878033,1704903356.0,15.417777777777777,52.60758333333333
285,125878249,1704914595.0,14.831305555555556,52.34744444444444
286,125876925,1704871640.0,15.532833333333333,52.243916666666664
287,125877654,1704886137.0,15.7295,51.76672222222222
288,125876934,1704869925.0,15.50388888888889,52.598166666666664
289,125881429,1704905640.0,15.718722222222222,51.80016666666667
290,125878154,1704897566.0,15.234333333333334,52.7455
291,125972960,1704879000.0,15.232083333333334,52.75002777777778
292,125877980,1704903046.0,15.728055555555555,51.73025
293,125877536,1704868964.0,15.646416666666667,52.088944444444444
294,125894761,1704889800.0,15.483138888888888,51.937444444444445
295,125877976,1704899696.0,15.058083333333334,51.80752777777778
296,125879948,1704915000.0,14.761277777777778,52.40563888888889
297,125877522,1704854672.0,14.604138888888889,52.294666666666664
298,125876921,1704869771.0,15.155333333333333,52.74583333333333
299,125879251,1704905170.0,15.617555555555555,52.06505555555555
300,125877413,1704865854.0,15.251277777777778,52.73386111111111
301,125876979,1704877471.0,15.116861111111112,52.438138888888886
302,125877540,1704876511.0,15.24525,52.74086111111111
303,125877025,1704882786.0,15.237444444444444,52.74513888888889
304,125877872,1704893401.0,14.611611111111111,52.32677777777778
305,125877801,1704896519.0,15.852222222222222,52.82519444444444
306,125876084,1704889894.0,15.49386111111111,51.963944444444444
307,125877822,1704888192.0,14.611611111111111,52.32227777777778
308,125877760,1704894660.0,15.533527777777778,51.56613888888889
309,125877422,1704866429.0,15.492166666666666,51.943333333333335
310,125879132,1704896276.0,15.528722222222223,51.575583333333334
311,125878026,1704908048.0,15.425166666666666,51.58669444444445
312,125878846,1705011665.0,15.487388888888889,52.25347222222222
313,125878100,1704942148.0,15.575055555555556,51.92663888888889
314,125885319,1704976740.0,15.497722222222222,51.936
315,126010462,1705012800.0,15.199916666666667,52.73577777777778
316,125882287,1704989640.0,15.587,52.17413888888889
317,125882285,1704986700.0,15.583722222222223,52.19
318,125880404,1704990263.0,15.696444444444445,51.640027777777775
319,125879811,1704979708.0,14.997166666666667,51.770722222222226
320,125880381,1704990900.0,15.438583333333334,51.94588888888889
321,125878587,1704984783.0,15.497027777777777,51.958555555555556
322,125879649,1704978850.0,15.596583333333333,51.743722222222225
323,125878605,1704988450.0,15.418666666666667,51.98255555555556
324,125878714,1704989799.0,15.677277777777778,52.0935
325,125883773,1705010400.0,15.549138888888889,52.22416666666667
326,125882741,1704997800.0,15.625583333333333,52.09013888888889
327,125879664,1704981197.0,15.472861111111111,51.956361111111114
328,125878774,1705002478.0,15.63188888888889,51.95388888888889
329,125880422,1704993918.0,15.56375,51.85063888888889
330,125878625,1704990200.0,15.542831,52.265537
331,125880443,1705001464.0,15.724319,52.201042
332,125878840,1704986280.0,15.586166666666667,52.18411111111111
333,125880427,1704994423.0,15.123416666666667,51.633944444444445
334,125878099,1704935390.0,15.852055555555555,52.32863888888889
335,125879620,1704976778.0,14.556666666666667,52.350138888888885
336,125878845,1705007075.0,14.65236111111111,52.32413888888889
337,125880106,1704943024.0,14.740083333333333,52.544694444444445
338,125879347,1704955418.0,15.216944444444444,52.809805555555556
339,125880242,1704954078.0,15.170722222222222,51.70580555555556
340,125879299,1704930018.0,15.28125,51.62663888888889
341,125880375,1704987240.0,15.050361111111112,52.22025
342,125879457,1704966027.0,15.310666666666666,51.63097222222222
343,125878541,1704978492.0,15.031694444444444,52.08111111111111
344,125878595,1704989702.0,14.657027777777778,52.58711111111111
345,125879471,1704967459.0,15.161916666666666,52.763888888888886
346,125878683,1704991206.0,14.60061111111111,52.342527777777775
347,125878807,1704985800.0,15.581527777777778,52.193222222222225
348,125879785,1704989716.0,15.530212,52.229591
349,125878843,1704985800.0,15.586472222222222,52.18013888888889
350,125880325,1704983479.0,15.12975,51.64416666666666
351,125880258,1704969840.0,15.719138888888889,51.80277777777778
352,125879741,1704982836.0,15.52775,52.591
353,125921590,1704996000.0,15.521638888888889,51.93355555555556
354,125878663,1704992216.0,15.542,52.541333333333334
355,125880125,1704955303.0,15.504916666666666,52.249805555555554
356,125879308,1704949778.0,15.538527777777778,52.393
357,125879931,1704943200.0,14.740083333333333,52.544694444444445
358,125880102,1704947798.0,15.277888888888889,52.71202777777778
359,125879568,1704973820.0,15.143876,52.519127
360,125878835,1705002833.0,14.797333333333333,52.17675
361,125878098,1704929475.0,14.63036111111111,52.326166666666666
362,125878844,1705011059.0,15.484444444444444,52.253
363,125878621,1704986487.0,16.315305555555554,51.80733333333333
364,125880534,1705046900.0,15.833194444444445,52.83836111111111
365,125881336,1705072761.0,15.665861111111111,52.57541666666667
366,125880842,1705088944.0,14.864222222222223,51.64069444444444
367,125882056,1705066200.0,15.52063888888889,51.52547222222222
368,125882166,1705067717.0,15.125666666666667,52.07447222222222
369,125881193,1705063865.0,14.728805555555555,51.99697222222222
370,125879967,1705041194.0,15.714944444444445,51.739444444444445
371,125881319,1705074333.0,14.587416666666666,52.338277777777776
372,125882116,1705063875.0,15.259638888888889,52.738166666666665
373,125882192,1705077139.0,15.289527777777778,52.76336111111111
374,125880731,1705073528.0,15.308305555555556,51.610083333333336
375,125955015,1705084440.0,15.511777777777779,51.93447222222222
376,125879078,1705053471.0,15.086444444444444,52.654
377,125878931,1705042825.0,15.121694444444444,52.677
378,125880770,1705080761.0,15.200416666666667,52.73686111111111
379,125917351,1705078200.0,15.796527777777778,51.62233333333333
380,125881293,1705053600.0,15.711305555555555,51.79922222222222
381,125880859,1705090262.0,15.20036111111111,52.736916666666666
382,125878907,1705043057.0,15.50986111111111,51.92955555555555
383,125880793,1705081905.0,15.240222222222222,52.72994444444444
384,125879902,1705021241.0,14.590833333333332,52.33675
385,125882161,1705068225.0,15.033777777777777,51.632083333333334
386,125923953,1705056600.0,15.548055555555555,52.36602777777778
387,125879039,1705053605.0,15.145805555555556,51.63927777777778
388,125878970,1705048590.0,15.71888888888889,52.44675
389,125881367,1705086760.0,15.624722222222221,52.0915
390,125878852,1705036343.0,15.120333333333333,51.63472222222222
391,125882177,1705075226.0,15.513777777777777,51.93391666666667
392,125878979,1705050179.0,15.194111111111111,52.73572222222222
393,125882178,1705074787.0,15.519805555555555,51.94611111111111
394,125880076,1705057924.0,15.597722222222222,51.95019444444444
395,125881351,1705081661.0,15.5215,51.95425
396,125880485,1705042260.0,15.263277777777779,52.762972222222224
397,125880460,1705015621.0,15.052944444444444,51.56377777777778
398,125880837,1705089703.0,16.327222222222222,51.8055
399,125883160,1705165277.0,15.11625,52.45125
400,125881030,1705141270.0,15.533111111111111,52.24088888888889
401,125882333,1705135427.0,15.701444444444444,51.81952777777778
402,125881448,1705146720.0,14.655194444444444,52.587833333333336
403,125881502,1705156652.0,15.200194444444444,52.737
404,125881442,1705141060.0,15.703694444444444,51.809916666666666
405,125880914,1705127451.0,15.525194444444445,52.87291666666667
406,125976187,1705158000.0,15.234444444444444,52.754083333333334
407,125883197,1705169340.0,15.55786111111111,51.54713888888889
408,125883290,1705177860.0,14.971583333333333,51.598333333333336
409,125882462,1705172520.0,15.503472222222221,51.957277777777776
410,125881462,1705147521.0,15.511472222222222,51.94083333333333
411,125881515,1705160768.0,15.579416666666667,52.57625
412,125883605,1705256740.0,15.860222222222223,51.88044444444444
413,125881604,1705191156.0,14.873861111111111,52.30169444444444
414,125882642,1705257706.0,15.618666666666666,52.07925
415,125881624,1705217646.0,15.216527777777777,52.549416666666666
416,125882675,1705271100.0,14.614833333333333,52.32525
417,125883409,1705221980.0,15.42688888888889,52.197722222222225
418,125963477,1705235400.0,14.98475,52.64191666666667
419,125883469,1705241581.0,15.118027777777778,52.461222222222226
420,125882528,1705221409.0,16.329903,51.811882
421,125883500,1705245356.0,15.702944444444444,51.846111111111114
422,125883403,1705221055.0,15.153194444444445,51.53341666666667
423,125882515,1705205964.0,15.55675,52.42033333333333
424,125882905,1705316461.0,15.52375,51.93897222222222
425,125972967,1705338900.0,15.251277777777778,52.74794444444444
426,125944131,1705321800.0,15.483166666666667,51.937416666666664
427,125884403,1705337727.0,15.623527777777777,51.49497222222222
428,125883686,1705296834.0,15.535638888888888,51.56216666666667
429,125894388,1705273200.0,15.49161111111111,51.956805555555555
430,125884440,1705339423.0,15.105638888888889,51.66708333333333
431,125883696,1705292894.0,14.631638888888888,52.31744444444445
432,125881766,1705297335.0,15.194166666666666,52.738166666666665
433,126006447,1705327200.0,15.163305555555555,52.74030555555556
434,125883667,1705295546.0,14.928284,52.526791
435,125885169,1705350816.0,15.226833333333333,52.730444444444444
436,125972846,1705334400.0,15.219333333333333,52.73566666666667
437,125882713,1705301066.0,15.557444444444444,52.909444444444446
438,125884032,1705321876.0,15.226055555555556,52.74308333333333
439,125885192,1705353044.0,15.567865,52.192883
440,125884154,1705330368.0,14.649166666666666,52.58975
441,125883085,1705327889.0,14.646472222222222,52.58863888888889
442,125884053,1705329361.0,14.643361111111112,52.592194444444445
443,125883756,1705301834.0,15.199388888888889,52.73513888888889
444,125884074,1705330404.0,15.19375,52.73769444444444
445,125972898,1705322100.0,15.226555555555555,52.74311111111111
446,125885218,1705354806.0,15.567222222222222,52.193416666666664
447,125972891,1705336200.0,15.219333333333333,52.73566666666667
448,125884926,1705346400.0,15.125666666666667,52.0745
449,125884030,1705319517.0,14.611333333333333,52.32216666666667
450,125884489,1705340919.0,15.512333333333334,51.929027777777776
451,125972022,1705339800.0,15.259583333333333,52.71486111111111
452,125883089,1705324988.0,15.145222222222221,51.63697222222222
453,125884615,1705354164.0,14.721638888888888,51.955333333333336
454,125885136,1705344180.0,15.568111111111111,51.98302777777778
455,125884367,1705336431.0,15.495111111111111,51.95225
456,125883697,1705300639.0,15.303972222222223,51.61394444444444
457,125883768,1705302252.0,15.515722222222223,51.926833333333335
458,125885221,1705356487.0,15.322722222222222,51.45663888888889
459,125972953,1705320900.0,15.249722222222223,52.71775
460,125885159,1705348180.0,15.195361111111112,52.73747222222222
461,125881944,1705315043.0,15.546083333333334,52.38325
462,125883847,1705305792.0,15.620833333333334,52.08730555555555
463,125891141,1705348800.0,15.7145,52.114694444444446
464,125882994,1705320702.0,15.492083333333333,52.59261111111111
465,125884098,1705335709.0,15.522611111111111,51.95247222222222
466,125921595,1705273200.0,15.499527777777779,51.938944444444445
467,125883795,1705303892.0,15.674777777777777,52.275416666666665
468,125884529,1705345206.0,15.517083333333334,52.25111111111111
469,125883922,1705309716.0,15.468472222222223,52.84247222222222
470,125884306,1705333645.0,15.21936111111111,52.735638888888886
471,125881965,1705311567.0,14.763,52.40613888888889
472,125882012,1705319844.0,15.237722222222223,52.73405555555556
473,125885193,1705348953.0,15.166888888888888,51.600027777777775
474,125883723,1705300263.0,15.0865,52.313944444444445
475,125884436,1705334082.0,14.77838888888889,52.54666666666667
476,125883016,1705319968.0,14.913694444444445,52.511694444444444
477,125884422,1705336111.0,15.67375,52.31563888888889
478,125884531,1705341646.0,15.8695,52.36752777777778
479,125884451,1705340053.0,15.827861111111112,52.82413888888889
480,125885118,1705331366.0,15.261444444444445,52.71575
481,125883869,1705308354.0,15.537222222222223,52.82661111111111
482,125884421,1705340550.0,15.543388888888888,52.30108333333333
483,125884562,1705346690.0,15.523388888888888,52.29380555555556
484,125884305,1705334673.0,15.801277777777777,51.66894444444444
485,125891145,1705348800.0,15.7145,52.114694444444446
486,125886980,1705327800.0,15.624277777777777,52.083666666666666
487,125883673,1705294173.0,15.508194444444445,51.923972222222226
488,125882001,1705317600.0,15.322305555555555,51.61505555555556
489,125884289,1705331997.0,15.53288888888889,51.95772222222222
490,125883935,1705311787.0,14.824194444444444,51.63463888888889
491,125886016,1705442197.0,15.294883,52.321865
492,125888216,1705427400.0,15.427027777777777,52.82855555555555
493,125885624,1705408348.0,15.112972222222222,52.05572222222222
494,125885748,1705412231.0,15.532166666666667,52.23502777777778
495,126202494,1705392480.0,15.844972222222221,52.165277777777774
496,125894764,1705410000.0,15.505083333333333,51.92111111111111
497,125891150,1705417200.0,15.50875,51.938027777777776
498,125885356,1705389948.0,15.269944444444445,52.75838888888889
499,125962577,1705431600.0,15.111166666666668,52.798138888888886
500,125886259,1705403187.0,15.519972222222222,51.94213888888889
501,125885320,1705389674.0,15.249972222222222,52.722972222222225
502,125891147,1705384800.0,15.523861111111112,51.939083333333336
503,125885303,1705384159.0,15.722444444444445,52.33291666666667
504,125885771,1705415991.0,15.697388888888888,52.3795
505,125886105,1705389952.0,14.951361111111112,51.77572222222222
506,125885054,1705411800.0,15.007722222222222,51.75647222222222
507,125972962,1705369500.0,15.200805555555556,52.73894444444444
508,125885963,1705427195.0,15.619416666666666,52.10552777777778
509,125885061,1705412960.0,15.24311111111111,52.73136111111111
510,125886613,1705426790.0,15.098194444444445,51.575694444444444
511,125885648,1705409051.0,15.722416666666666,51.82322222222222
512,125885950,1705425510.0,15.47561111111111,51.93913888888889
513,125885533,1705400052.0,14.5645,52.34886111111111
514,125886172,1705396994.0,15.1225,52.02458333333333
515,125885247,1705366272.0,15.259555555555556,51.48438888888889
516,125884777,1705390526.0,15.69961111111111,51.81461111111111
517,125886221,1705397754.0,15.328305555555556,52.18841666666667
518,125886396,1705402054.0,15.356055555555555,51.76283333333333
519,125884917,1705399958.0,14.640722222222223,52.580222222222226
520,125884801,1705387200.0,15.561638888888888,52.25161111111111
521,125886350,1705410723.0,15.154583333333333,52.742583333333336
522,125885908,1705423616.0,15.87875,51.89538888888889
523,125884692,1705383981.0,15.726944444444445,51.76541666666667
524,125902136,1705426800.0,15.845416666666667,52.06938888888889
525,125886336,1705401181.0,14.56475,52.34872222222222
526,125886484,1705419324.0,15.1285,52.77113888888889
527,125886572,1705427157.0,15.34661111111111,52.76283333333333
528,125885686,1705413033.0,14.835916666666666,52.344972222222225
529,125885826,1705420232.0,15.539916666666667,52.24886111111111
530,125886038,1705463075.0,15.515055555555556,52.32186111111111
531,125894771,1705489200.0,15.476416666666667,51.94577777777778
532,125886860,1705477901.0,15.490777777777778,51.93961111111111
533,125890133,1705503319.0,15.608305555555555,52.44533333333333
534,125891191,1705475700.0,15.489055555555556,51.928416666666664
535,125891192,1705485600.0,15.504055555555556,51.9405
536,125886963,1705491759.0,15.532444444444444,51.64213888888889
537,125886994,1705494013.0,15.576972222222222,51.636805555555554
538,125890260,1705530201.0,15.701055555555556,51.82066666666667
539,126727304,1705495140.0,15.263166666666667,52.715805555555555
540,125890217,1705511289.0,15.15238888888889,52.75197222222222
541,125890262,1705532145.0,15.155138888888889,52.75080555555556
542,125886972,1705485600.0,15.713222222222223,51.803333333333335
543,125888424,1705501268.0,15.185277777777777,52.79944444444445
544,125886868,1705479548.0,15.652444444444445,51.94605555555555
545,125886726,1705467569.0,14.862,51.70977777777778
546,125886858,1705481696.0,15.230361111111112,52.74561111111111
547,125888558,1705514847.0,15.84613888888889,52.77205555555555
548,125888121,1705479509.0,15.232972222222223,52.73716666666667
549,125888374,1705497403.0,15.150194444444445,52.752916666666664
550,125888393,1705502841.0,15.150805555555555,52.75261111111111
551,125886885,1705486980.0,15.507027777777777,52.25025
552,125888336,1705497144.0,15.529388888888889,52.87675
553,125886733,1705476011.0,15.545583333333333,52.875638888888886
554,125888355,1705490315.0,15.267083333333334,52.65825
555,125887073,1705498273.0,15.515888888888888,52.25263888888889
556,125890213,1705511151.0,15.256333333333334,52.73422222222222
557,125890174,1705509000.0,15.533861111111111,52.260333333333335
558,125888583,1705521386.0,15.533694444444444,52.26094444444445
559,125890263,1705527543.0,15.555166666666667,51.95477777777778
560,125886755,1705477731.0,15.512666666666666,51.94363888888889
561,125886029,1705448001.0,14.861805555555556,51.70977777777778
562,125888232,1705480716.0,16.327385,51.802174
563,125894443,1705579200.0,15.694055555555556,51.80361111111111
564,125890735,1705590691.0,15.704444444444444,52.32652777777778
565,125894375,1705550400.0,15.37875,52.36691666666667
566,125888963,1705587124.0,15.550638888888889,52.41916666666667
567,125890670,1705582068.0,15.496722222222223,51.95813888888889
568,125890431,1705566695.0,15.490416666666667,51.94413888888889
569,125892240,1705601959.0,15.624305555555555,52.083777777777776
570,125890964,1705609822.0,15.488694444444445,51.92622222222222
571,125982045,1705599000.0,15.619666666666667,52.07783333333333
572,125890457,1705565047.0,15.133833333333333,51.63752777777778
573,125904120,1705567680.0,15.549583333333333,51.97638888888889
574,126289276,1705579740.0,15.248194444444444,52.75136111111111
575,125890900,1705601428.0,15.476638888888889,51.934222222222225
576,125917960,1705534200.0,15.16125,52.3265
577,125890607,1705580958.0,15.473055555555556,51.95655555555555
578,125888984,1705583645.0,15.500583333333333,51.93783333333333
579,125976151,1705559400.0,15.23825,52.76102777777778
580,125894776,1705608000.0,15.4685,51.945861111111114
581,125890540,1705575107.0,15.831055555555556,52.83519444444445
582,125888846,1705576680.0,15.704583333333334,51.763416666666664
583,125888643,1705557759.0,15.243972222222222,52.74008333333333
584,125972969,1705569600.0,15.23425,52.733555555555554
585,125902137,1705612080.0,15.626083333333334,51.91719444444445
586,125890551,1705569443.0,15.175694444444444,52.706
587,125888865,1705570440.0,15.661416666666666,52.233222222222224
588,125972076,1705578300.0,15.212472222222223,52.73547222222222
589,125890272,1705539872.0,15.582222222222223,51.74066666666667
590,125890627,1705584357.0,15.45475,52.94936111111111
591,125888970,1705581532.0,15.617055555555556,51.461444444444446
592,125890520,1705572606.0,15.08656,52.320538
593,125888919,1705580853.0,14.568527777777778,52.36655555555556
594,125890666,1705584717.0,16.32852,51.805573
595,125892175,1705599031.0,15.745555555555555,51.70444444444445
596,125888693,1705561010.0,15.13375,51.65452777777778
597,125892295,1705616021.0,14.979944444444445,51.63725
598,125896084,1705599060.0,15.182027777777778,51.638
599,125889080,1705594328.0,15.25013888888889,52.744083333333336
600,125902141,1705687200.0,14.968916666666667,51.81933333333333
601,125893632,1705680201.0,14.614138888888888,52.343111111111114
602,125893393,1705666140.0,15.545166666666667,52.332277777777776
603,125893770,1705694619.0,15.240277777777777,52.72955555555556
604,125893667,1705678557.0,15.526555555555555,52.24627777777778
605,125893736,1705689241.0,15.335111111111111,51.61527777777778
606,125894108,1705702348.0,15.290277777777778,51.60191666666667
607,125893645,1705680315.0,15.520972222222222,52.881166666666665
608,125892870,1705676360.0,15.545972222222222,52.38022222222222
609,125893077,1705677628.0,15.71488888888889,51.95027777777778
610,125892477,1705651149.0,15.229722222222222,52.75877777777778
611,125893691,1705688706.0,15.229916666666666,52.77227777777778
612,125891065,1705644886.0,15.00475,51.86413888888889
613,125894105,1705700938.0,15.700277777777778,52.03755555555556
614,125893720,1705687529.0,14.820509,52.53352
615,125894778,1705683900.0,15.518611111111111,51.945055555555555
616,125893486,1705672017.0,15.573416666666667,52.443666666666665
617,125893289,1705658041.0,15.225972222222222,52.72822222222222
618,125963474,1705685400.0,15.21725,52.808305555555556
619,125893797,1705700047.0,15.795722222222222,51.74047222222222
620,125893498,1705673171.0,15.504166666666666,51.92597222222222
621,125893384,1705665690.0,15.490666666666666,51.9395
622,125893251,1705653959.0,15.44988888888889,51.55486111111111
623,125892940,1705680313.0,15.524694444444444,51.957972222222224
624,125891022,1705643287.0,15.087555555555555,52.02986111111111
625,125893443,1705668105.0,15.520277777777778,51.95897222222222
626,125891096,1705647614.0,15.48461111111111,51.931916666666666
627,125894782,1705737600.0,15.504083333333334,51.93644444444445
628,125894127,1705705680.0,15.205861111111112,52.64658333333333
629,125893967,1705748385.0,15.23525,52.733805555555556
630,125895166,1705757175.0,14.973777777777778,51.79394444444444
631,125894797,1705743000.0,15.511916666666666,51.934222222222225
632,125912123,1705773900.0,15.523388888888888,51.938944444444445
633,125894006,1705752660.0,15.611694444444444,52.844
634,125895289,1705781997.0,15.067416666666666,51.62991666666667
635,125894098,1705759192.0,15.349944444444445,51.62416666666667
636,125893826,1705727362.0,15.804027777777778,52.380694444444444
637,125893870,1705737294.0,15.212944444444444,52.73802777777778
638,125896236,1705768265.0,15.443333333333333,52.15413888888889
639,125895157,1705758211.0,14.582055555555556,52.32480555555556
640,125894800,1705753800.0,15.526722222222222,51.95602777777778
641,125905208,1705744800.0,15.227361111111112,51.543527777777776
642,125894792,1705741200.0,15.247277777777779,51.80222222222222
643,125894207,1705733412.0,15.558,51.562555555555555
644,125976189,1705748400.0,15.25836111111111,52.76588888888889
645,125894077,1705757174.0,15.245055555555556,52.758694444444444
646,125893937,1705744691.0,15.264861111111111,51.7735
647,125893897,1705738023.0,15.147944444444445,51.63872222222222
648,125893824,1705725568.0,15.887277777777777,52.843
649,125895276,1705784431.0,15.160694444444445,52.72338888888889
650,125895254,1705767590.0,15.82788888888889,52.82266666666666
651,125895247,1705774109.0,15.721194444444444,51.80547222222222
652,125893984,1705748401.0,15.484861111111112,51.93186111111111
653,125895360,1705814769.0,15.06175,52.834694444444445
654,125896347,1705807414.0,15.229472222222222,52.77038888888889
655,125896407,1705831791.0,15.238833333333334,52.69155555555555
656,125896497,1705851807.0,15.828611111111112,52.83488888888889
657,125895392,1705827426.0,15.621916666666667,52.08236111111111
658,125896567,1705854714.0,15.393416666666667,51.89436111111111
659,125896605,1705865102.0,14.869972222222222,51.63513888888889
660,125912135,1705834200.0,15.522361111111111,51.939194444444446
661,125896528,1705853905.0,15.43213888888889,51.93958333333333
662,125976190,1705846200.0,15.241222222222222,52.73030555555555
663,125896494,1705849768.0,15.244083333333334,52.742777777777775
664,125895500,1705853093.0,15.129027777777777,52.751916666666666
665,125895449,1705841436.0,15.353983,51.577782
666,125895520,1705841289.0,15.61075,52.02022222222222
667,125897609,1705804200.0,15.384444444444444,51.4635
668,125896475,1705844767.0,15.548305555555556,51.56413888888889
669,125895530,1705859970.0,15.352277777777777,51.60216666666667
670,125896574,1705854586.0,15.525194444444445,51.93922222222222
671,125896639,1705902576.0,15.59525,51.74338888888889
672,125963494,1705942800.0,15.245944444444444,52.68080555555556
673,125895668,1705899404.0,16.190414,51.739138
674,125896628,1705897846.0,15.105638888888889,51.79983333333333
675,125895794,1705915270.0,14.655472222222222,52.58872222222222
676,125896849,1705922883.0,15.211833333333333,52.73330555555555
677,125895726,1705910015.0,15.25163888888889,52.73397222222222
678,125895707,1705908330.0,15.530527777777777,52.25402777777778
679,125895769,1705913744.0,14.644083333333333,52.592444444444446
680,125895653,1705903327.0,15.50838888888889,52.18747222222222
681,125896820,1705920358.0,15.529777777777777,52.25566666666667
682,126008216,1705914240.0,15.250222222222222,52.76247222222222
683,125896007,1705932548.0,15.597,51.74788888888889
684,125895704,1705905000.0,15.645388888888888,52.07072222222222
685,126167269,1705921500.0,14.824416666666666,52.66155555555556
686,125897135,1705943895.0,15.311027777777777,51.6185
687,125963510,1705915800.0,14.654416666666666,52.58588888888889
688,125898115,1705941780.0,16.320156,51.801327
689,125896958,1705929384.0,15.30786111111111,52.67402777777778
690,125895630,1705883667.0,15.000694444444445,51.59458333333333
691,125896966,1705932524.0,15.700027777777779,51.80583333333333
692,125897110,1705941263.0,14.824472222222223,51.64947222222222
693,125895983,1705932412.0,15.673861111111112,52.57647222222222
694,125896993,1705925518.0,15.575805555555556,52.44075
695,125897217,1705949145.0,14.941741,52.564431
696,125895635,1705893412.0,14.946088,52.322407
697,125898214,1705960856.0,15.75225,52.303472222222226
698,125896977,1705930662.0,15.512027777777778,51.90694444444444
699,125896011,1705930800.0,14.647777777777778,52.32533333333333
700,125896857,1705923986.0,14.725888888888889,51.95413888888889
701,125898133,1705942475.0,15.235083333333334,52.73013888888889
702,125896060,1705937800.0,15.242972222222223,52.74597222222222
703,125897170,1705947952.0,14.629833333333334,52.59883333333333
704,125897069,1705940865.0,15.710333333333333,51.81155555555556
705,125896804,1705917906.0,14.564277777777777,52.34872222222222
706,125896782,1705913887.0,14.634583333333333,52.59941666666667
707,125897190,1705946411.0,15.481416666666666,51.93575
708,125897042,1705936424.0,15.521361111111112,51.954
709,125895961,1705927840.0,15.575277777777778,51.565583333333336
710,125894698,1706044596.0,15.216,52.744166666666665
711,125902114,1706010900.0,15.521805555555556,51.95338888888889
712,125920117,1706019000.0,15.519361111111111,51.93247222222222
713,125898856,1706031518.0,14.655805555555556,52.32336111111111
714,125898677,1706023212.0,15.252055555555556,52.71911111111111
715,125898359,1706000547.0,14.655527777777777,52.58844444444444
716,125898836,1706030731.0,15.272555555555556,52.73608333333333
717,125898434,1706007898.0,16.31522222222222,51.80255555555556
718,125897581,1706008678.0,15.621194444444445,52.08727777777778
719,125912124,1705991400.0,15.511444444444445,52.035694444444445
720,125898466,1706009795.0,15.237416666666666,52.748
721,125898719,1706025921.0,15.163666666666666,52.75966666666667
722,125899387,1706022600.0,15.199555555555555,51.99597222222222
723,125898488,1706011534.0,15.218527777777778,52.80469444444444
724,125894655,1706032243.0,15.689972222222222,52.857055555555554
725,125897767,1705980600.0,15.526166666666667,52.866166666666665
726,125898908,1706032068.0,14.722055555555556,51.95952777777778
727,125898802,1706026506.0,15.341777777777779,52.13836111111111
728,125898891,1706034926.0,15.474166666666667,52.84572222222222
729,125898562,1706015866.0,15.702944444444444,51.80972222222222
730,125898698,1706022780.0,15.535722222222223,52.24136111111111
731,125897638,1706015218.0,15.835027777777778,52.84752777777778
732,125897705,1706014678.0,15.537833333333333,52.24188888888889
733,126008278,1706022900.0,15.201083333333333,52.73788888888889
734,125897684,1706020210.0,16.071916666666667,51.880944444444445
735,125897501,1706003553.0,15.328277777777778,52.44175
736,125894652,1706029882.0,15.273444444444445,52.760555555555555
737,125976166,1705992480.0,15.244444444444444,52.74583333333333
738,125897472,1705997177.0,15.324694444444445,52.44288888888889
739,125898602,1706018549.0,15.229,52.72208333333333
740,125898294,1705994538.0,15.521444444444445,52.25338888888889
741,125897312,1705985064.0,14.615361111111111,52.323277777777776
742,125898289,1705993001.0,15.329694444444444,52.44186111111111
743,125894630,1706026247.0,15.65275,52.065583333333336
744,125898243,1705988932.0,15.54186111111111,51.925444444444445
745,125897388,1705992420.0,14.62336111111111,52.32538888888889
746,125897662,1706018583.0,15.49675,51.95280555555556
747,125897437,1705998698.0,15.501861111111111,51.92872222222222
748,125898633,1706011979.0,15.486166666666668,51.97922222222222
749,125898858,1706037420.0,15.272611111111111,52.73591666666667
750,125971984,1706030400.0,15.272777777777778,52.73591666666667
751,125912116,1706022000.0,15.476888888888888,51.93830555555556
752,125912113,1705979220.0,15.560138888888888,51.8855
753,125899378,1706094815.0,15.508472222222222,52.18752777777778
754,125912118,1706077380.0,15.500055555555555,51.91730555555556
755,125899174,1706080186.0,15.464527777777779,51.959666666666664
756,125899474,1706097300.0,15.491666666666667,51.93
757,125899550,1706097835.0,15.491722222222222,51.929916666666664
758,125912120,1706123280.0,15.48011111111111,51.93438888888889
759,125899332,1706090031.0,15.513861111111112,51.940083333333334
760,125901202,1706126920.0,15.508333333333333,51.94130555555556
761,125899822,1706104700.0,15.438666666666666,51.947
762,125901283,1706127513.0,15.428472222222222,52.01311111111111
763,125899468,1706099656.0,15.581666666666667,52.44605555555555
764,125901332,1706132698.0,15.489222222222223,51.97413888888889
765,125904164,1706093100.0,14.909444444444444,52.50552777777778
766,125894832,1706087460.0,15.24311111111111,52.655
767,125899597,1706101944.0,15.2235,52.72347222222222
768,125899325,1706090288.0,15.509972222222222,51.93830555555556
769,125899341,1706093802.0,14.746361111111112,51.95338888888889
770,125899707,1706106639.0,16.320688,51.801456
771,125899222,1706086680.0,15.654333333333334,52.29947222222222
772,125899270,1706084409.0,14.916694444444444,52.43902777777778
773,125964165,1706097600.0,14.663777777777778,52.59213888888889
774,125901265,1706130809.0,15.214897,52.461072
775,125899632,1706104859.0,15.513805555555555,52.58613888888889
776,125976172,1706103900.0,15.2415,52.73133333333333
777,125899176,1706084069.0,15.240777777777778,52.72830555555556
778,125899676,1706103732.0,15.526055555555555,51.943222222222225
779,125899588,1706104863.0,14.97,52.677166666666665
780,125976156,1706107200.0,15.24088888888889,52.72855555555556
781,125900040,1706120278.0,15.513694444444445,52.23791666666666
782,125971998,1706110500.0,15.237166666666667,52.73247222222222
783,125894883,1706085009.0,15.214416666666667,52.82138888888889
784,125976177,1706108400.0,15.251722222222222,52.72002777777778
785,125899339,1706089805.0,15.631,51.679611111111114
786,125903540,1706212882.0,15.163166666666667,52.760444444444445
787,125972085,1706193600.0,15.248777777777779,52.74897222222222
788,125901501,1706165458.0,14.618972222222222,52.32333333333333
789,125903240,1706201317.0,15.531611111111111,51.96391666666667
790,125901468,1706164369.0,15.116972222222222,52.443666666666665
791,125901454,1706162580.0,14.969138888888889,51.78627777777778
792,125903209,1706199617.0,15.45925,52.01602777777778
793,125903191,1706202930.0,14.642916666666666,52.60875
794,125902027,1706189881.0,15.830472222222221,52.168527777777776
795,125901696,1706172621.0,15.127833333333333,51.63475
796,125901943,1706184780.0,14.650916666666667,52.30758333333333
797,125901467,1706165598.0,15.234388888888889,52.75369444444444
798,125901874,1706182185.0,15.596166666666667,52.44361111111111
799,125903329,1706193009.0,15.223138888888888,52.73105555555556
800,125903310,1706203557.0,14.593305555555556,52.33983333333333
801,125901857,1706185356.0,15.301444444444444,51.60980555555555
802,125901779,1706171257.0,15.242861111111111,52.73877777777778
803,125903349,1706207087.0,15.819305555555555,52.82888888888889
804,125912122,1706193900.0,15.498166666666666,51.95344444444444
805,125902052,1706182609.0,14.658916666666666,52.59077777777778
806,125901813,1706184900.0,15.784444444444444,52.34452777777778
807,125901825,1706182543.0,15.190282,52.444162
808,125901957,1706187775.0,15.697138888888889,51.75175
809,125901861,1706186607.0,15.504555555555555,52.43344444444445
810,125901784,1706181580.0,15.783666666666667,52.34441666666667
811,125920120,1706190420.0,15.490916666666667,51.94
812,125901789,1706181933.0,15.596972222222222,51.74747222222222
813,125901388,1706161437.0,15.17661111111111,52.728972222222225
814,125901518,1706165423.0,15.806111111111111,52.56611111111111
815,125901650,1706171103.0,15.614944444444445,51.745583333333336
816,125901520,1706167855.0,15.72336111111111,51.782583333333335
817,125903877,1706260477.0,15.249222222222222,52.744
818,125903684,1706246302.0,15.353333333333333,52.756277777777775
819,125903841,1706254018.0,14.651027777777777,52.58519444444445
820,125903848,1706260200.0,14.628222222222222,52.6025
821,125906263,1706279536.0,14.920194444444444,52.692972222222224
822,125906716,1706296720.0,15.200833333333334,52.736916666666666
823,125906813,1706300344.0,16.328666666666667,51.81166666666667
824,125914393,1706270400.0,15.689722222222223,52.79425
825,125906523,1706291521.0,15.533277777777778,52.30605555555555
826,125906650,1706294326.0,14.652555555555555,52.32413888888889
827,125903923,1706263457.0,15.535555555555556,52.24758333333333
828,125906658,1706284186.0,15.232722222222222,52.753194444444446
829,125903812,1706256330.0,15.513055555555555,52.23755555555555
830,125904080,1706263489.0,15.564388888888889,52.46608333333333
831,125904076,1706269451.0,15.709194444444444,51.817277777777775
832,125903718,1706246315.0,15.153166666666667,52.74041666666667
833,125906320,1706281197.0,14.961232,52.562119
834,125964137,1706280000.0,14.920194444444444,52.692972222222224
835,125903775,1706247900.0,15.139222222222223,52.72238888888889
836,125906648,1706285845.0,15.51961111111111,52.26125
837,125921600,1706241000.0,15.601138888888888,52.1105
838,125903968,1706265393.0,15.240388888888889,52.72947222222222
839,125921605,1706276400.0,15.788055555555555,52.07688888888889
840,125922193,1706305200.0,15.878555555555556,52.97577777777778
841,125971981,1706264100.0,15.244666666666667,52.72441666666667
842,125903951,1706259426.0,15.511583333333334,51.94394444444445
843,125906748,1706300533.0,15.520305555555556,51.945
844,125903733,1706252289.0,15.709277777777778,51.81213888888889
845,125909257,1706362864.0,15.720194444444445,51.807138888888886
846,125909355,1706356440.0,15.135194444444444,51.63752777777778
847,126202499,1706352300.0,15.613861111111111,52.07672222222222
848,125907076,1706348466.0,15.576166666666667,52.44552777777778
849,125909392,1706367726.0,16.324555555555555,51.80430555555556
850,125909654,1706382089.0,15.35575,52.75588888888889
851,125909615,1706380171.0,15.84811111111111,52.827527777777775
852,125909674,1706385960.0,15.34725,52.75611111111111
853,125920131,1706363400.0,15.517166666666666,51.92261111111111
854,125909214,1706356734.0,15.51211111111111,51.94502777777778
855,125976169,1706360700.0,15.241416666666666,52.728027777777775
856,125909583,1706380062.0,15.836472222222222,52.270916666666665
857,125909409,1706372233.0,14.782641,52.549191
858,125920127,1706341200.0,15.490694444444445,51.962805555555555
859,125909883,1706395680.0,15.186583333333333,52.80052777777778
860,125909595,1706380503.0,15.206972222222221,52.72713888888889
861,125909551,1706377888.0,15.449666666666667,51.968444444444444
862,125909641,1706380507.0,15.19513888888889,51.51808333333334
863,125906966,1706341140.0,15.459972222222222,51.926722222222224
864,125910107,1706392800.0,15.701888888888888,51.80425
865,125909232,1706357546.0,15.564694444444445,51.918416666666666
866,125909154,1706354413.0,15.493333333333334,51.93994444444444
867,125907022,1706345523.0,15.665888888888889,51.94683333333333
868,125911440,1706466019.0,14.988311,52.332652
869,125911174,1706447340.0,15.6235,52.06655555555555
870,125972000,1706451600.0,15.162805555555556,52.70816666666666
871,125911460,1706465930.0,15.815989,52.244942
872,125911538,1706475180.0,15.215555555555556,52.792972222222225
873,125911263,1706460009.0,15.077527777777778,52.01275
874,125909951,1706428457.0,15.349333333333334,52.756388888888885
875,125910009,1706436759.0,15.524944444444444,51.957277777777776
876,125911524,1706471887.0,15.215166666666667,52.79241666666667
877,125911230,1706449363.0,15.230972222222222,52.731027777777776
878,125911358,1706463606.0,14.95786111111111,51.79825
879,125911383,1706464820.0,15.832166666666666,52.84280555555556
880,125911540,1706473363.0,15.40986111111111,51.90163888888889
881,125909993,1706436642.0,15.112694444444445,52.442166666666665
882,125911104,1706443365.0,15.512083333333333,51.934583333333336
883,125911462,1706469214.0,15.449555555555555,51.96908333333333
884,125911197,1706447576.0,15.657388888888889,51.79647222222222
885,125916128,1706466000.0,14.758722222222222,51.66708333333333
886,125915196,1706555232.0,14.647333333333334,52.32519444444444
887,125914485,1706527167.0,15.622305555555556,52.0915
888,125914130,1706514651.0,14.782833333333333,51.65075
889,125911900,1706503073.0,15.245472222222222,52.30019444444444
890,125914311,1706517700.0,15.2095,52.745805555555556
891,125914235,1706519445.0,15.648361111111111,52.54172222222222
892,125912136,1706517410.0,14.890472222222222,52.674166666666665
893,125911672,1706504078.0,14.74061111111111,51.922777777777775
894,125914218,1706512866.0,15.257805555555555,52.734611111111114
895,125915243,1706559274.0,15.617944444444444,52.09708333333333
896,125915191,1706556241.0,15.589944444444445,51.935583333333334
897,125937554,1706523600.0,15.451666666666666,51.96677777777778
898,125914475,1706519956.0,14.649694444444444,52.49666666666667
899,125914716,1706534996.0,15.5725,51.98613888888889
900,125914663,1706530403.0,15.49125,51.92675
901,125914411,1706518355.0,15.230638888888889,52.74644444444444
902,125914850,1706542704.0,15.11336111111111,51.61922222222222
903,125914892,1706545608.0,15.217972222222222,52.80488888888889
904,125964134,1706513400.0,15.347527777777778,52.75636111111111
905,125911854,1706506163.0,15.761194444444445,51.68297222222222
906,125914549,1706529198.0,15.371888888888888,52.254333333333335
907,125920112,1706506800.0,15.595694444444444,51.89961111111111
908,125915201,1706559615.0,15.39075,51.52997222222222
909,125920178,1706507400.0,15.587,51.90511111111111
910,125911813,1706507063.0,15.597777777777777,51.898805555555555
911,125915056,1706544955.0,15.519055555555555,51.95086111111111
912,125911683,1706503562.0,15.338444444444445,51.634388888888886
913,125915026,1706549414.0,15.707638888888889,52.21913888888889
914,125915143,1706557007.0,15.065166666666666,52.067972222222224
915,125914594,1706531222.0,15.229666666666667,52.73963888888889
916,125971120,1706544000.0,15.219416666666667,52.66697222222222
917,125914166,1706507503.0,15.589222222222222,51.90430555555555
918,125920182,1706508000.0,15.557666666666666,51.92722222222222
919,125917447,1706507400.0,15.497555555555556,51.955444444444446
920,125920174,1706506800.0,15.593472222222221,51.90072222222222
921,125915245,1706563542.0,15.276,52.763888888888886
922,125920144,1706506500.0,15.594722222222222,51.900222222222226
923,125915125,1706555261.0,15.2325,52.68427777777778
924,125912094,1706510316.0,14.827861111111112,52.33852777777778
925,125914924,1706544863.0,15.518416666666667,51.949416666666664
926,125914906,1706544773.0,15.306888888888889,51.82813888888889
927,125914616,1706530190.0,14.646444444444445,52.32530555555556
928,125915105,1706552904.0,15.557472222222222,52.44141666666667
929,125920169,1706506800.0,15.597777777777777,51.898805555555555
930,125915549,1706605233.0,15.230527777777779,52.743972222222226
931,125915836,1706615399.0,15.143083333333333,51.64575
932,125915848,1706588944.0,15.613472222222223,52.06305555555556
933,125917209,1706620828.0,15.83463888888889,52.83808333333333
934,125918321,1706652025.0,15.5585,51.92472222222222
935,125915850,1706618160.0,15.555666666666667,51.922583333333336
936,125915504,1706601277.0,15.17736111111111,51.72611111111111
937,125915395,1706598780.0,15.529944444444444,52.24733333333333
938,125927157,1706643900.0,15.682055555555555,51.79680555555556
939,125964130,1706643000.0,15.217527777777779,52.806444444444445
940,125917849,1706627100.0,15.105916666666667,52.05275
941,125915911,1706622960.0,15.51463888888889,52.24166666666667
942,125915862,1706617393.0,15.233638888888889,52.73338888888889
943,125915313,1706594226.0,15.492,51.943416666666664
944,125915498,1706595068.0,14.670527777777778,52.61083333333333
945,125915624,1706608960.0,14.642,52.57875
946,125915512,1706599603.0,15.144722222222223,51.63086111111111
947,125917252,1706627832.0,15.234694444444445,52.68205555555556
948,125915891,1706617963.0,15.532527777777778,52.839555555555556
949,125915507,1706600134.0,14.705805555555555,52.274277777777776
950,125920632,1706626260.0,15.113083333333334,52.421083333333335
951,125918121,1706624832.0,14.5565,52.35041666666667
952,125917224,1706617601.0,15.24013888888889,52.72986111111111
953,125918165,1706633898.0,15.742166666666666,51.95986111111111
954,125915815,1706615534.0,15.520583333333333,51.95286111111111
955,125915954,1706621240.0,15.515722222222223,51.93680555555556
956,125915350,1706587592.0,15.805333333333333,51.66641666666666
957,125918721,1706691514.0,15.59225,51.94275
958,125918519,1706693767.0,15.225055555555556,52.72947222222222
959,125918966,1706728222.0,15.244972222222222,52.79408333333333
960,125918827,1706717713.0,15.333694444444445,51.61369444444445
961,125918624,1706700769.0,14.95275,52.82002777777778
962,125918405,1706681376.0,15.087305555555556,52.32180555555556
963,125918395,1706680591.0,15.464166666666667,51.95997222222222
964,125918793,1706711596.0,16.340174,51.79438
965,125918453,1706683796.0,15.677416666666666,52.32116666666667
966,125918727,1706708632.0,14.978388888888889,51.637027777777774
967,125918696,1706706812.0,15.268777777777778,52.74122222222222
968,125918690,1706703926.0,15.53411111111111,52.874138888888886
969,125964155,1706714100.0,15.217166666666667,52.66591666666667
970,125917654,1706717444.0,15.71738888888889,51.80133333333333
971,125917672,1706719102.0,15.302972222222222,52.304972222222226
972,125918638,1706699478.0,15.23011111111111,52.743972222222226
973,125917674,1706714943.0,14.571833333333334,52.348
974,125971994,1706733600.0,15.275416666666667,52.74552777777778
975,125971992,1706716860.0,15.225444444444445,52.73158333333333
976,125917599,1706712213.0,15.144694444444445,52.06211111111111
977,125917479,1706695260.0,15.511888888888889,52.33925
978,125918813,1706714529.0,15.579166666666667,52.17327777777778
979,125917757,1706724600.0,15.838861111111111,52.27063888888889
980,125918928,1706724637.0,15.819805555555556,52.27227777777778
981,125918756,1706712181.0,15.25361111111111,52.741166666666665
982,125918783,1706713119.0,15.578555555555555,52.44822222222222
983,125918658,1706704484.0,15.228027777777777,52.73975
984,125919058,1706772060.0,15.516222222222222,51.93541666666667
985,125918076,1706804916.0,15.750111111111112,52.34188888888889
986,125921243,1706794088.0,14.966972222222223,51.78458333333333
987,125920383,1706809267.0,15.553527777777777,51.93788888888889
988,125920297,1706787313.0,15.49413888888889,51.96163888888889
989,125922250,1706778000.0,15.695805555555555,51.807027777777776
990,125924193,1706790900.0,15.514055555555556,51.94577777777778
991,125921336,1706796000.0,15.702444444444444,51.80986111111111
992,125919034,1706767393.0,15.56338888888889,52.44272222222222
993,125917883,1706779260.0,15.833785,52.271145
994,125920391,1706805900.0,15.828694444444444,52.24038888888889
995,125918100,1706808553.0,15.542666666666667,52.856027777777776
996,125917936,1706777982.0,15.498333333333333,51.93586111111111
997,125919081,1706776787.0,15.547333333333333,52.22983333333333
998,125917845,1706772120.0,16.31337,51.79044
999,125921188,1706785277.0,15.249305555555555,52.744277777777775
1000,125919032,1706772913.0,15.275,52.745444444444445
1001,125964151,1706767200.0,15.22875,52.68388888888889
1002,125920164,1706763327.0,16.184301,51.834545
1003,125918031,1706797740.0,15.532833333333333,52.25952777777778
1004,125922139,1706819160.0,15.521888888888888,52.242472222222226
1005,125921395,1706807415.0,15.546416666666667,52.32063888888889
1006,125919020,1706770428.0,15.523388888888888,52.24411111111111
1007,125921329,1706789520.0,15.312888888888889,51.664138888888886
1008,125920261,1706790647.0,15.581888888888889,52.440555555555555
1009,125917847,1706773199.0,15.246583333333334,52.757555555555555
1010,125921244,1706793600.0,15.255444444444445,52.73452777777778
1011,125917789,1706755461.0,15.545944444444444,52.37811111111111
1012,125926736,1706766000.0,15.522611111111111,51.94236111111111
1013,125925591,1706792220.0,15.532638888888888,54.42411111111111
1014,125921767,1706875477.0,15.172666666666666,51.70911111111111
1015,125921683,1706868490.0,15.10525,52.05438888888889
1016,125922306,1706869800.0,15.701833333333333,51.80297222222222
1017,125927090,1706878800.0,14.880888888888888,52.33422222222222
1018,125922352,1706879256.0,15.670583333333333,52.57619444444445
1019,125972092,1706889720.0,15.259333333333334,52.76080555555556
1020,125922207,1706855908.0,16.314416666666666,51.79611111111111
1021,125921804,1706876533.0,15.221472222222221,52.7395
1022,125972028,1706896800.0,15.234472222222223,52.7615
1023,125922459,1706909039.0,15.513972222222222,52.260555555555555
1024,125921822,1706882178.0,15.465388888888889,52.57827777777778
1025,125921953,1706887583.0,15.809138888888889,52.564305555555556
1026,125922460,1706902264.0,15.255916666666666,52.63686111111111
1027,125920786,1706890561.0,15.520444444444445,51.959
1028,125922319,1706875869.0,15.1625,51.6435
1029,125921970,1706893989.0,15.639166666666666,52.07669444444444
1030,125972011,1706871600.0,15.242666666666667,52.74966666666667
1031,125920604,1706873027.0,16.067972222222224,51.879694444444446
1032,126836391,1706880600.0,15.623055555555556,52.080305555555555
1033,125925554,1706864100.0,15.32011111111111,51.61508333333333
1034,125922334,1706881704.0,15.584166666666667,52.443888888888885
1035,125926702,1706889300.0,15.503277777777777,51.93966666666667
1036,125921694,1706869847.0,15.2345,52.74402777777778
1037,125921837,1706881715.0,14.58025,52.38097222222222
1038,125920626,1706873700.0,15.534305555555555,52.24944444444444
1039,125926698,1706878800.0,15.497833333333332,51.9445
1040,125922000,1706896103.0,15.57863888888889,52.447
1041,125922085,1706906410.0,15.582138888888888,52.440583333333336
1042,125926703,1706882400.0,15.513166666666667,51.936055555555555
1043,125921961,1706892514.0,15.244666666666667,52.75175
1044,125926057,1706835240.0,14.718861111111112,51.919805555555556
1045,125921763,1706876717.0,15.449944444444444,51.562666666666665
1046,125988358,1706873400.0,15.234527777777778,52.74388888888889
1047,125920798,1706907050.0,15.529305555555556,51.930083333333336
1048,125925611,1706870400.0,15.31775,51.60341666666667
1049,125922010,1706898759.0,15.523888888888889,51.958555555555556
1050,125920741,1706878077.0,15.442361111111111,51.97436111111111
1051,125921818,1706877236.0,15.513777777777777,51.93391666666667
1052,125921655,1706866378.0,15.501277777777778,51.93552777777778
1053,125923200,1706952242.0,15.419916666666667,51.90880555555555
1054,125922634,1706979676.0,15.141472222222223,51.64519444444444
1055,125920858,1706955360.0,14.658555555555555,52.590555555555554
1056,125923295,1706962527.0,15.213,52.726083333333335
1057,125923470,1706985333.0,15.624583333333334,52.07702777777778
1058,125923326,1706961684.0,15.40863888888889,52.738638888888886
1059,125923244,1706958453.0,15.211472222222222,52.7395
1060,125922609,1706979420.0,16.309055555555556,51.799055555555555
1061,125922671,1706999923.0,15.625722222222223,52.07658333333333
1062,125922643,1706979448.0,14.63813888888889,52.598444444444446
1063,125920947,1706976610.0,15.555944444444444,52.873222222222225
1064,125923131,1706919966.0,15.166916666666667,52.00602777777778
1065,125920878,1706958389.0,14.828916666666666,52.34672222222222
1066,125924240,1706949000.0,14.556888888888889,52.348444444444446
1067,125920864,1706955841.0,14.561361111111111,52.347611111111114
1068,125923299,1706959943.0,14.574527777777778,52.34825
1069,125923423,1706978530.0,16.315348,51.845642
1070,125923366,1706968961.0,15.441138888888888,51.94825
1071,125923136,1706922077.0,15.006657,52.332508
1072,125923320,1706957044.0,15.170916666666667,51.70602777777778
1073,125937565,1706974200.0,15.272083333333333,51.74733333333333
1074,125920984,1706977568.0,15.651694444444445,51.876333333333335
1075,125923160,1706944012.0,15.684277777777778,51.80061111111111
1076,125920887,1706959800.0,15.682055555555555,51.79680555555556
1077,125923511,1706988036.0,15.234777777777778,52.68194444444445
1078,125923393,1706974994.0,15.343166666666667,52.23116666666667
1079,125923266,1706958827.0,16.12137,51.841268
1080,125920877,1706960125.0,15.203305555555556,52.73627777777778
1081,125922604,1706978993.0,15.591527777777777,52.44438888888889
1082,125923468,1706979001.0,14.77813888888889,51.552055555555555
1083,125923230,1706957717.0,15.526361111111111,52.24638888888889
1084,125923185,1706949506.0,15.265333333333333,51.84769444444444
1085,125922494,1706945583.0,14.674777777777777,52.29677777777778
1086,125923234,1706957076.0,15.506944444444445,51.96047222222222
1087,125920897,1706962934.0,15.07563888888889,51.58338888888889
1088,125923116,1706915970.0,15.580722222222223,52.19433333333333
1089,125923347,1706964025.0,15.626,52.08713888888889
1090,125920949,1706973004.0,15.505555555555556,51.90841666666667
1091,125923583,1707014588.0,15.775472222222222,51.612972222222226
1092,125923599,1707035280.0,14.561833333333333,52.34961111111111
1093,125972090,1707049800.0,15.2515,52.74755555555556
1094,125937585,1707073200.0,15.623833333333334,52.07727777777778
1095,125922809,1707078180.0,14.759361111111112,52.39991666666667
1096,125922806,1707066353.0,15.706972222222221,52.35341666666667
1097,125923792,1707078714.0,16.316277777777778,51.80372222222222
1098,125937579,1707039600.0,15.611527777777777,52.08713888888889
1099,125923582,1707017100.0,15.543916666666666,51.92461111111111
1100,125922768,1707059631.0,15.769,51.80105555555556
1101,125923647,1707055388.0,15.018138888888888,51.63572222222222
1102,125922771,1707064313.0,15.62875,51.92894444444445
1103,125924137,1707074594.0,15.240944444444445,52.73005555555555
1104,125921033,1707006316.0,15.534694444444444,52.251305555555554
1105,125924623,1707054300.0,14.992,52.57577777777778
1106,125972012,1707151500.0,15.260361111111111,52.76372222222222
1107,125922970,1707123604.0,15.47625,52.92966666666667
1108,125937596,1707166200.0,15.617750000000001,52.09733333333333
1109,125926327,1707142500.0,14.557666666666666,52.55766666666667
1110,125924228,1707119984.0,15.791694444444444,52.37713888888889
1111,125923088,1707134467.0,15.327861111111112,52.72833333333333
1112,125925176,1707139217.0,14.667861111111112,52.611
1113,125922870,1707114769.0,15.234916666666667,52.74638888888889
1114,125924062,1707137173.0,14.665277777777778,52.61108333333333
1115,125928091,1707113700.0,15.624472222222222,51.76588888888889
1116,125925254,1707145920.0,15.52111111111111,52.24272222222222
1117,125925361,1707147281.0,14.765583333333334,51.667722222222224
1118,125944480,1707152400.0,15.49525,51.938138888888886
1119,125972067,1707120900.0,15.270861111111111,52.75780555555556
1120,125924224,1707115035.0,14.6065,52.32925
1121,125923006,1707123386.0,15.24325,52.73330555555555
1122,125926109,1707140369.0,14.631611111111111,52.326166666666666
1123,125925138,1707130796.0,15.292361111111111,51.627916666666664
1124,125923854,1707114572.0,14.934972222222223,52.33627777777778
1125,125925470,1707154603.0,15.117333333333333,52.786611111111114
1126,125964139,1707100800.0,15.088666666666667,52.69361111111111
1127,125937591,1707141600.0,15.708555555555556,52.106972222222225
1128,125922921,1707121425.0,15.237333333333334,52.705333333333336
1129,125922838,1707108537.0,15.532944444444444,52.262166666666666
1130,125923849,1707112905.0,15.790722222222222,52.37672222222222
1131,125923902,1707117119.0,15.5745,51.984944444444444
1132,125923809,1707088679.0,15.707328,52.19886
1133,125923073,1707134820.0,15.53288888888889,52.25241666666667
1134,125925429,1707151705.0,15.476277777777778,51.99497222222222
1135,125926267,1707166200.0,15.526805555555555,52.88152777777778
1136,125925507,1707166723.0,14.717166666666667,51.90863888888889
1137,125924101,1707141571.0,15.216333333333333,51.52472222222222
1138,125924004,1707124146.0,15.138805555555555,51.641194444444444
1139,125926115,1707149729.0,15.33775,52.70297222222222
1140,125924312,1707134089.0,14.997472222222223,51.77013888888889
1141,125925159,1707138579.0,15.550444444444445,51.92225
1142,125924098,1707144011.0,15.503333333333334,51.93336111111111
1143,125925235,1707138705.0,15.520305555555556,51.93472222222222
1144,125924252,1707120892.0,15.519277777777777,51.9565
1145,125926274,1707135300.0,14.656777777777778,52.32344444444445
1146,125925120,1707133817.0,15.565666666666667,51.91452777777778
1147,125926756,1707131400.0,15.487527777777778,51.93186111111111
1148,125923060,1707129676.0,15.518666666666666,51.945
1149,125925658,1707131460.0,15.086055555555555,52.058638888888886
1150,125928887,1707237600.0,15.75536111111111,52.575
1151,125926228,1707191759.0,14.78825,52.335388888888886
1152,125924905,1707241097.0,15.577472222222223,52.13413888888889
1153,125934009,1707199200.0,15.507,51.92691666666666
1154,125927093,1707204600.0,15.301416666666666,51.622194444444446
1155,125924908,1707239914.0,15.539777777777777,51.9595
1156,125925588,1707200765.0,15.521972222222223,51.94266666666667
1157,125926787,1707210300.0,16.27561111111111,51.76083333333333
1158,125926674,1707208800.0,14.568222222222222,52.358694444444446
1159,125924743,1707230544.0,15.530972222222221,52.247277777777775
1160,125924732,1707225710.0,15.70375,51.81025
1161,125925702,1707214557.0,15.71186111111111,51.80211111111111
1162,125924758,1707230340.0,15.701944444444445,51.803694444444446
1163,125924808,1707236820.0,15.238166666666666,52.727583333333335
1164,125971116,1707218700.0,15.312972222222221,52.666777777777774
1165,125925891,1707242227.0,14.641388888888889,52.5805
1166,125924877,1707241488.0,15.573583333333334,52.83872222222222
1167,125926466,1707221686.0,15.23038888888889,52.74047222222222
1168,125926542,1707241646.0,15.607611111111112,52.10513888888889
1169,125924860,1707242417.0,15.524555555555555,51.55436111111111
1170,125924729,1707229600.0,15.239722222222222,52.72786111111111
1171,125926604,1707249120.0,15.129583333333333,51.63461111111111
1172,125924588,1707211629.0,14.65263888888889,52.58686111111111
1173,125924831,1707239887.0,15.57563888888889,52.838388888888886
1174,125924531,1707199833.0,15.54325,52.81630555555556
1175,125926094,1707302383.0,14.606722222222222,52.320972222222224
1176,125927483,1707329642.0,15.544472222222222,52.232166666666664
1177,125927474,1707329120.0,15.544722222222223,52.231722222222224
1178,125927209,1707301397.0,14.611444444444444,52.32219444444444
1179,125925059,1707288489.0,15.564055555555555,52.442194444444446
1180,125927268,1707305924.0,14.97325,51.78725
1181,125927332,1707316151.0,15.302555555555555,51.63261111111111
1182,125971109,1707305400.0,15.095888888888888,52.757555555555555
1183,125928186,1707309111.0,15.367583333333334,51.94777777777778
1184,125926977,1707325957.0,14.916694444444444,52.56661111111111
1185,125926885,1707299979.0,15.626888888888889,52.07608333333334
1186,125925060,1707286255.0,16.319055555555554,51.806472222222226
1187,125998619,1707286800.0,15.608527777777777,52.104416666666665
1188,125927362,1707305578.0,15.502805555555556,51.940083333333334
1189,125926053,1707296597.0,15.495194444444444,51.937777777777775
1190,125940228,1707311760.0,15.597666666666667,51.74461111111111
1191,125927381,1707306945.0,15.5,51.95333333333333
1192,125927524,1707302615.0,15.34986111111111,51.99069444444444
1193,125938169,1707282000.0,15.452555555555556,52.52455555555556
1194,125927118,1707290047.0,15.492222222222223,51.94336111111111
1195,125927453,1707324148.0,15.526805555555555,51.941944444444445
1196,125926101,1707295485.0,15.505611111111111,51.93552777777778
1197,125927312,1707305542.0,15.515555555555556,51.93566666666667
1198,126836441,1707298200.0,15.373666666666667,52.04338888888889
1199,125927329,1707308400.0,15.732416666666667,51.69275
1200,125925093,1707288948.0,15.701361111111112,51.80352777777778
1201,125926718,1707300065.0,15.063805555555556,52.686
1202,125926769,1707304528.0,15.563222222222223,51.72708333333333
1203,125927282,1707312360.0,15.56188888888889,51.726416666666665
1204,125927478,1707325734.0,15.71,51.827222222222225
1205,125934012,1707301500.0,15.495444444444445,51.95075
1206,125927386,1707319488.0,16.314018,51.808659
1207,125927476,1707308968.0,14.72311111111111,51.953833333333336
1208,125925966,1707280829.0,15.305555555555555,52.67775
1209,125927361,1707316089.0,15.238888888888889,52.73688888888889
1210,125925080,1707287067.0,15.275416666666667,52.742583333333336
1211,125929350,1707402817.0,15.493388888888889,51.9575
1212,125929655,1707371100.0,15.120083333333334,51.63444444444445
1213,125927797,1707390646.0,15.198666666666666,52.73897222222222
1214,125928554,1707411120.0,15.746777777777778,52.19188888888889
1215,125927749,1707386983.0,15.57725,52.454166666666666
1216,125955319,1707410100.0,15.490055555555555,51.94425
1217,125988553,1707405600.0,15.211444444444444,52.736
1218,125927620,1707353369.0,15.8225,51.66088888888889
1219,125927079,1707371742.0,15.01063888888889,52.57227777777778
1220,125928671,1707414755.0,15.833277777777777,52.12016666666667
1221,125939410,1707386400.0,15.490583333333333,51.963027777777775
1222,125927831,1707392646.0,15.115388888888889,52.019666666666666
1223,125927796,1707387402.0,15.133055555555556,51.63863888888889
1224,125937632,1707397200.0,15.625944444444444,52.0855
1225,125927917,1707409641.0,15.41986111111111,51.90855555555556
1226,125928605,1707413972.0,15.233888888888888,52.6995
1227,125935246,1707379200.0,15.505972222222223,51.93713888888889
1228,125929463,1707412418.0,14.558,52.34861111111111
1229,125927939,1707413243.0,15.6795,51.795611111111114
1230,125929469,1707423763.0,15.72125,51.807
1231,125929345,1707401402.0,15.691555555555556,51.84086111111111
1232,125952112,1707415200.0,15.681833333333334,52.09444444444444
1233,125929412,1707413362.0,15.364083333333333,51.88986111111111
1234,125938245,1707410100.0,15.490111111111112,51.94419444444444
1235,125928016,1707430195.0,14.797166666666667,52.67488888888889
1236,125927718,1707381633.0,15.560222222222222,52.32213888888889
1237,125928641,1707411558.0,15.228666666666667,52.73897222222222
1238,125928500,1707402215.0,15.3205,51.614444444444445
1239,125929111,1707376342.0,15.332694444444444,51.59125
1240,125928668,1707420145.0,15.25325,52.73283333333333
1241,125929332,1707399953.0,15.123777777777779,51.62511111111111
1242,125929314,1707400061.0,15.514305555555556,52.23877777777778
1243,125928706,1707422678.0,15.534638888888889,52.233805555555556
1244,125929361,1707401319.0,15.123333333333333,51.654472222222225
1245,125927863,1707389929.0,15.087694444444445,51.63025
1246,125928894,1707462028.0,15.301805555555555,52.29994444444444
1247,125929072,1707474212.0,14.626444444444445,52.31986111111111
1248,125930164,1707481490.0,15.208305555555556,52.73486111111111
1249,125928823,1707461521.0,15.577305555555556,52.44288888888889
1250,125929569,1707467832.0,15.183083333333334,52.71986111111111
1251,125928920,1707465964.0,15.795111111111112,52.07694444444444
1252,125930121,1707476520.0,15.300722222222221,51.6075
1253,125929800,1707497940.0,15.200833333333334,51.501083333333334
1254,125930660,1707512474.0,15.572138888888889,51.549305555555556
1255,125929896,1707502102.0,15.86588888888889,52.313805555555554
1256,125930203,1707478745.0,15.503,52.599
1257,125928816,1707461926.0,16.307444444444446,51.81025
1258,125929752,1707491052.0,15.302472222222223,52.95027777777778
1259,125932662,1707458700.0,15.116388888888888,51.63583333333333
1260,125929533,1707458436.0,15.116472222222223,51.63619444444444
1261,125930255,1707484868.0,15.569472222222222,52.462833333333336
1262,125929969,1707507840.0,14.744527777777778,51.96791666666667
1263,125932659,1707438600.0,15.55236111111111,52.82525
1264,125928917,1707462251.0,14.83938888888889,52.34286111111111
1265,125930187,1707458400.0,15.563694444444444,51.9255
1266,125938188,1707500400.0,15.12888888888889,51.62986111111111
1267,125929090,1707477540.0,15.139388888888888,51.63847222222222
1268,125998625,1707510000.0,15.608666666666666,52.05869444444444
1269,125930388,1707488453.0,15.520222222222221,51.93944444444445
1270,125930635,1707505535.0,15.363472222222223,51.80083333333333
1271,125930338,1707483638.0,15.553166666666666,51.92166666666667
1272,125930201,1707479855.0,14.91236111111111,52.67438888888889
1273,125929523,1707458779.0,15.497722222222222,51.95538888888889
1274,125930420,1707492326.0,15.657805555555555,51.734027777777776
1275,125929722,1707488805.0,15.721361111111111,51.787416666666665
1276,125971135,1707502200.0,14.902805555555556,52.81213888888889
1277,125952700,1707481800.0,16.217472222222224,51.81961111111111
1278,125930710,1707519087.0,15.787992,52.29689
1279,125930009,1707519324.0,15.292333333333334,52.74791666666667
1280,125930440,1707492776.0,16.315599,51.80162
1281,125934835,1707483600.0,15.509555555555556,51.931694444444446
1282,125930681,1707513148.0,14.941483,52.539669
1283,125928764,1707433860.0,15.052958,52.423683
1284,125930632,1707507768.0,15.544083333333333,52.23286111111111
1285,125928976,1707468171.0,14.656222222222222,52.32375
1286,125938180,1707469200.0,15.134972222222222,51.63761111111111
1287,125929652,1707477381.0,14.670444444444444,52.299166666666665
1288,125935249,1707471000.0,15.478111111111112,51.93577777777778
1289,125934864,1707476400.0,15.495305555555555,52.571
1290,125929735,1707486900.0,14.975555555555555,51.415638888888886
1291,125928028,1707448560.0,15.870861111111111,52.329055555555556
1292,125929885,1707501895.0,15.722305555555556,52.214305555555555
1293,125929725,1707484980.0,15.533777777777777,52.29741666666666
1294,125929786,1707497243.0,14.875972222222222,52.457861111111114
1295,125931101,1707583896.0,15.544138888888888,52.232527777777776
1296,125933217,1707591641.0,15.292916666666667,52.749
1297,125988335,1707575820.0,15.260416666666666,52.76369444444445
1298,125944140,1707542100.0,15.575583333333334,52.12836111111111
1299,125931018,1707576143.0,15.66761111111111,52.041
1300,126033145,1707600600.0,15.93625,52.063472222222224
1301,125933123,1707575629.0,15.114444444444445,52.15858333333333
1302,125932200,1707575993.0,14.740416666666667,51.922555555555554
1303,125932131,1707565075.0,15.75125,52.93677777777778
1304,125932283,1707600182.0,15.867611111111112,52.316361111111114
1305,125988523,1707566400.0,15.251138888888889,52.75644444444445
1306,125931200,1707562750.0,15.578166666666666,52.44577777777778
1307,125931185,1707555518.0,15.878777777777778,52.36708333333333
1308,125930724,1707530797.0,15.49086111111111,52.31875
1309,125931073,1707572192.0,15.471972222222222,51.9955
1310,125931217,1707563659.0,15.2585,52.71438888888889
1311,125930820,1707557943.0,15.128277777777777,52.440555555555555
1312,125932332,1707602400.0,15.287527777777777,52.69452777777778
1313,125930770,1707545492.0,14.758194444444445,51.66866666666667
1314,125931014,1707574810.0,15.536,52.24744444444445
1315,125933335,1707600480.0,15.645916666666666,51.777055555555556
1316,125931214,1707560820.0,15.709666666666667,51.82369444444444
1317,125933175,1707588994.0,15.783,52.30130555555556
1318,125937488,1707550200.0,15.496277777777777,51.95827777777778
1319,125932221,1707587520.0,15.544083333333333,52.23247222222222
1320,125971137,1707579000.0,15.060472222222222,52.764833333333335
1321,125933311,1707597885.0,14.747083333333332,52.436527777777776
1322,125930934,1707570811.0,15.572944444444444,52.19991666666667
1323,125933200,1707591998.0,15.543861111111111,52.23286111111111
1324,125930783,1707555950.0,15.132666666666667,51.63880555555556
1325,125932341,1707646985.0,15.198888888888888,52.72452777777778
1326,126186501,1707613200.0,15.302333333333333,52.672444444444444
1327,125933610,1707662559.0,14.560527777777779,52.35172222222222
1328,125932516,1707689547.0,15.605055555555555,52.10586111111111
1329,125933493,1707651676.0,15.647083333333333,51.57391666666667
1330,125933807,1707678679.0,15.470083333333333,51.55727777777778
1331,125933517,1707655881.0,15.576666666666666,52.4455
1332,125933668,1707669960.0,15.489583333333334,52.89852777777778
1333,125932318,1707635388.0,15.544916666666667,51.95630555555555
1334,125933582,1707663480.0,15.5365,52.24563888888889
1335,125933779,1707675619.0,15.005277777777778,52.583416666666665
1336,125932325,1707640173.0,15.723833333333333,51.781305555555555
1337,125946374,1707676200.0,15.491777777777777,52.145583333333335
1338,125933643,1707666961.0,15.642913,52.071864
1339,125971132,1707679200.0,15.289666666666667,52.76283333333333
1340,125971130,1707670200.0,15.29336111111111,52.749138888888886
1341,125933915,1707685060.0,15.231305555555556,52.744166666666665
1342,125933419,1707634706.0,14.640583333333334,52.580333333333336
1343,125932469,1707680276.0,14.631916666666667,52.58127777777778
1344,125933548,1707657747.0,15.544194444444445,52.23255555555556
1345,125933369,1707615610.0,15.156833333333333,52.74811111111111
1346,125944277,1707609600.0,15.2745,51.73308333333333
1347,125934348,1707743089.0,15.269111111111112,52.741055555555555
1348,125933048,1707757478.0,15.559777777777779,52.251
1349,125932925,1707741472.0,15.301777777777778,52.301
1350,125934430,1707749124.0,15.114222222222223,52.053555555555555
1351,125933970,1707716398.0,15.543583333333334,52.23338888888889
1352,125932990,1707753420.0,15.566416666666667,52.25255555555555
1353,125934637,1707761522.0,15.528555555555556,52.247166666666665
1354,125934251,1707737808.0,15.251416666666668,52.71852777777778
1355,126007154,1707724800.0,15.617027777777778,52.07972222222222
1356,125935147,1707767051.0,15.29186111111111,52.754555555555555
1357,125934346,1707739799.0,15.610972222222223,52.033027777777775
1358,125933019,1707748278.0,15.243666666666666,52.7455
1359,126202505,1707725940.0,15.681833333333334,52.09444444444444
1360,125934365,1707737121.0,14.763944444444444,51.66766666666667
1361,125938184,1707755400.0,14.758416666666667,51.660694444444445
1362,125934353,1707740719.0,15.654666666666667,52.064166666666665
1363,125934330,1707740020.0,15.086581,52.32539
1364,125934750,1707776341.0,15.336277777777777,52.34877777777778
1365,125939416,1707719280.0,15.518611111111111,51.958083333333335
1366,125934258,1707735465.0,15.235166666666666,51.79841666666667
1367,125932904,1707746751.0,15.835472222222222,52.84166666666667
1368,125932626,1707726605.0,15.816194444444445,52.161027777777775
1369,125937677,1707739800.0,15.805138888888889,52.176944444444445
1370,125932901,1707742178.0,15.556777777777778,52.252916666666664
1371,125934108,1707725438.0,15.67325,52.75080555555556
1372,125934718,1707766360.0,15.01088888888889,51.58719444444444
1373,125933037,1707757115.0,15.728444444444445,51.76869444444444
1374,125933078,1707758548.0,15.543416666666667,52.233694444444446
1375,125934113,1707713041.0,15.317361111111111,51.61697222222222
1376,125944483,1707760800.0,15.471916666666667,51.94577777777778
1377,125934467,1707750792.0,15.518444444444444,51.941833333333335
1378,125932967,1707741275.0,16.06675,51.879993
1379,125935152,1707770588.0,15.29186111111111,52.75405555555555
1380,125932903,1707741934.0,14.736055555555556,51.95488888888889
1381,125932619,1707724696.0,14.759944444444445,52.40463888888889
1382,125934547,1707756475.0,15.254583333333333,52.74769444444444
1383,125932923,1707746519.0,15.241166666666667,52.728027777777775
1384,125934678,1707758555.0,15.530833333333334,52.25233333333333
1385,125934350,1707743727.0,15.462055555555555,52.8375
1386,125934440,1707741925.0,15.115833333333333,52.059222222222225
1387,125932879,1707739972.0,15.014694444444444,51.79869444444444
1388,125935107,1707763266.0,15.696805555555555,52.857277777777774
1389,125942099,1707732300.0,15.510305555555556,51.90963888888889
1390,125935188,1707776795.0,15.501944444444444,52.787333333333336
1391,125932576,1707721550.0,15.161805555555556,52.74472222222222
1392,125934972,1707818001.0,15.112194444444444,52.0195
1393,125935548,1707827025.0,15.564388888888889,52.5675
1394,125937345,1707850993.0,15.672194444444445,52.53488888888889
1395,125934817,1707804889.0,15.78975,52.29516666666667
1396,126078103,1707817200.0,15.804944444444445,52.19005555555555
1397,125935596,1707837696.0,15.479,51.703916666666665
1398,125942465,1707844200.0,15.327583333333333,51.61322222222222
1399,125937410,1707838263.0,15.233611111111111,51.7985
1400,125935665,1707836544.0,14.757305555555556,51.66741666666667
1401,125937395,1707858600.0,15.300055555555556,52.31525
1402,125998630,1707831300.0,15.624222222222222,52.082055555555556
1403,125939422,1707831000.0,15.469138888888889,51.94580555555556
1404,125944107,1707832800.0,15.508,51.94241666666667
1405,125934999,1707818362.0,14.584166666666667,52.38225
1406,125937161,1707827940.0,15.137166666666667,52.74897222222222
1407,125935409,1707820049.0,14.760916666666667,52.14783333333333
1408,125989603,1707834600.0,15.271472222222222,52.76425
1409,125934891,1707809201.0,15.703972222222223,51.810472222222224
1410,126015281,1707823800.0,15.645694444444445,51.61075
1411,125935452,1707806036.0,14.681444444444445,52.60422222222222
1412,125944142,1707811200.0,15.69688888888889,52.06997222222222
1413,125935601,1707835740.0,15.441194444444445,52.3375
1414,125934763,1707792634.0,15.782222222222222,52.31344444444444
1415,125939356,1707950547.0,15.447333333333333,52.588055555555556
1416,125935974,1707908624.0,15.870777777777779,52.32
1417,125937496,1707893327.0,15.310777777777778,51.98686111111111
1418,125937747,1707907278.0,15.680833333333334,52.32113888888889
1419,125936074,1707917154.0,15.242333333333333,52.65736111111111
1420,125937834,1707919817.0,15.537638888888889,52.25080555555556
1421,125936056,1707916732.0,15.536444444444445,52.24772222222222
1422,125938016,1707936383.0,15.833527777777778,52.844611111111114
1423,125939160,1707923501.0,15.241194444444444,52.72858333333333
1424,125939255,1707935047.0,15.114027777777778,51.65577777777778
1425,125939303,1707924301.0,15.264194444444444,52.757888888888886
1426,125939330,1707927900.0,15.236333333333333,52.73275
1427,125938030,1707936898.0,14.64011111111111,52.58011111111111
1428,125935836,1707894478.0,15.525611111111111,51.56286111111111
1429,125936036,1707912959.0,15.556194444444444,51.56344444444444
1430,125939247,1707934384.0,15.634833333333333,51.76858333333333
1431,125937900,1707917511.0,15.708,51.850722222222224
1432,125939227,1707928124.0,15.690583333333333,52.322361111111114
1433,125938339,1708011191.0,14.957599,52.347137
1434,125938399,1708021082.0,15.505916666666666,52.89033333333333
1435,125938291,1707997448.0,15.23325,52.7005
1436,125939418,1707979151.0,15.248166666666666,52.73777777777778
1437,125946484,1708001400.0,15.518777777777778,51.937083333333334
1438,125939859,1708022699.0,15.509222222222222,52.8885
1439,125939852,1708022630.0,15.508777777777778,52.88875
1440,125941023,1708030800.0,15.73386111111111,51.69316666666667
1441,125940391,1707999094.0,14.768777777777778,51.95686111111111
1442,125940532,1708014599.0,15.626277777777778,51.95719444444445
1443,125944485,1708025400.0,15.517027777777777,51.93525
1444,125940353,1707996480.0,15.524000000000001,52.32288888888889
1445,125940565,1708011968.0,15.563805555555556,51.91763888888889
1446,125939382,1707972631.0,15.520083333333334,52.26125
1447,125939605,1707995550.0,15.31413888888889,52.343833333333336
1448,125939589,1707993559.0,15.851833333333333,52.825583333333334
1449,125940563,1708016171.0,15.524861111111111,51.939166666666665
1450,125940271,1707987627.0,15.412555555555556,52.257305555555554
1451,125940403,1707995135.0,15.050611111111111,51.64022222222222
1452,125938328,1708007820.0,15.545861111111112,52.321777777777775
1453,125938441,1708022510.0,15.818805555555555,52.02733333333333
1454,125938330,1707996000.0,15.4345,51.94713888888889
1455,125939704,1707999426.0,15.115777777777778,51.628055555555555
1456,126018205,1707987600.0,15.490722222222223,51.956694444444445
1457,125989788,1708011900.0,15.199166666666667,52.73566666666667
1458,125950119,1708018800.0,15.123194444444444,52.53775
1459,125944109,1707998400.0,15.511972222222223,51.93436111111111
1460,125940168,1707975846.0,14.892722222222222,52.698277777777776
1461,125940253,1707980894.0,15.267972222222221,52.75669444444444
1462,125940450,1707982560.0,14.681472222222222,52.604277777777774
1463,125939510,1707987937.0,15.120916666666666,52.701972222222224
1464,125938421,1708020877.0,15.239166666666666,52.73613888888889
1465,125938251,1707990667.0,15.207194444444445,51.769888888888886
1466,125940505,1708016345.0,14.871384,52.547351
1467,125940212,1707973623.0,15.597166666666666,51.89913888888889
1468,125940805,1708096187.0,15.199861111111112,52.84186111111111
1469,125940081,1708075298.0,15.24386111111111,52.72386111111111
1470,125940607,1708062534.0,15.040596,52.317583
1471,125939954,1708061335.0,14.562833333333334,52.357055555555554
1472,125941601,1708121435.0,16.362944444444445,51.81886111111111
1473,125940815,1708094081.0,14.561083333333332,52.35241666666667
1474,125938790,1708108799.0,15.293083333333334,52.32391666666667
1475,126006369,1708072200.0,15.236194444444445,52.74747222222222
1476,125938761,1708105945.0,15.709138888888889,52.22275
1477,125944491,1708102800.0,15.51625,51.933083333333336
1478,125941150,1708077627.0,15.889666666666667,52.79336111111111
1479,125940038,1708070265.0,15.541472222222222,52.236916666666666
1480,126176139,1708110600.0,15.671138888888889,52.05319444444444
1481,125939920,1708042628.0,15.361222222222223,51.59975
1482,125938602,1708078018.0,15.43238888888889,52.71775
1483,125940989,1708065000.0,15.59836111111111,51.74572222222222
1484,125940755,1708079042.0,14.89175,51.63652777777778
1485,125940885,1708109308.0,15.244444444444444,52.74997222222222
1486,125941483,1708106383.0,14.75613888888889,52.22705555555556
1487,126399297,1708086600.0,15.248944444444444,52.75325
1488,125940896,1708113581.0,15.833055555555555,52.838
1489,125940072,1708071935.0,15.588000000000001,51.934583333333336
1490,125940665,1708074152.0,15.52588888888889,51.943333333333335
1491,125938576,1708079280.0,15.518416666666667,51.94980555555556
1492,125941596,1708124010.0,15.481333333333334,51.93933333333333
1493,125938676,1708093420.0,15.3955,51.89533333333333
1494,125940812,1708094645.0,15.250472222222221,52.71836111111111
1495,125941402,1708085477.0,15.735138888888889,51.690777777777775
1496,125940778,1708091875.0,15.730722222222223,51.69027777777778
1497,125938440,1708042515.0,15.523,52.24386111111111
1498,125941467,1708103352.0,16.313694444444444,51.80727777777778
1499,125941349,1708094402.0,15.50136111111111,51.92933333333333
1500,125940835,1708097952.0,15.11525,52.78797222222222
1501,125971163,1708174260.0,14.888194444444444,52.67319444444445
1502,125939094,1708192378.0,15.300491,52.315212
1503,125956156,1708127400.0,14.63861111111111,52.32608333333334
1504,125941644,1708144930.0,14.73638888888889,52.33294444444444
1505,125940986,1708165709.0,14.73161111111111,52.249916666666664
1506,125942140,1708207156.0,15.213833333333334,52.756
1507,125941868,1708181901.0,15.250305555555556,52.72236111111111
1508,125989794,1708189560.0,15.243638888888889,52.725944444444444
1509,125941697,1708160344.0,15.356333333333334,52.643
1510,125938974,1708178905.0,15.811111111111112,51.95313888888889
1511,125938903,1708171357.0,15.699805555555555,52.81063888888889
1512,125939072,1708196187.0,15.500027777777778,52.244638888888886
1513,125938907,1708171585.0,15.494027777777777,51.93977777777778
1514,125938979,1708181910.0,15.494111111111112,51.92830555555555
1515,125940987,1708168551.0,15.519277777777777,51.950805555555554
1516,125941920,1708202909.0,14.663305555555556,52.5925
1517,125938936,1708176600.0,15.262083333333333,52.73580555555556
1518,125938981,1708176269.0,15.873194444444444,51.88791666666667
1519,125971185,1708253400.0,15.126388888888888,52.779916666666665
1520,125943168,1708223155.0,15.130777777777778,51.63927777777778
1521,125942260,1708279867.0,15.561972222222222,52.25161111111111
1522,125942011,1708272484.0,15.53975,52.24005555555556
1523,125943160,1708225292.0,15.295476,52.329361
1524,125942008,1708269704.0,15.494361111111111,52.53369444444444
1525,125943275,1708265363.0,15.149583333333334,51.626083333333334
1526,125943261,1708263228.0,15.695277777777777,52.76230555555556
1527,125941992,1708263404.0,15.565444444444445,52.44233333333333
1528,125942252,1708277411.0,15.393554,52.112955
1529,125946485,1708227600.0,15.505833333333333,51.94036111111111
1530,125955882,1708275600.0,14.63861111111111,52.32608333333334
1531,125971133,1708249920.0,15.556833333333334,52.72497222222222
1532,125971136,1708273200.0,14.89113888888889,52.67288888888889
1533,125943181,1708244802.0,15.52811111111111,51.95602777777778
1534,125941997,1708268086.0,15.766472222222223,52.96572222222222
1535,125943368,1708282806.0,15.22311111111111,51.78538888888889
1536,125942193,1708260302.0,15.247194444444444,52.716277777777776
1537,125942217,1708254033.0,16.07161111111111,51.88097222222222
1538,125950554,1708254000.0,15.295305555555556,52.329277777777776
1539,125944125,1708332313.0,15.229055555555556,52.73008333333333
1540,125943400,1708317269.0,15.196083333333334,52.738083333333336
1541,125988542,1708339200.0,15.147027777777778,52.74777777777778
1542,125944183,1708335336.0,14.914722222222222,52.79347222222222
1543,125942398,1708336371.0,14.960305555555555,52.81938888888889
1544,125946487,1708334700.0,15.592888888888888,52.07711111111111
1545,125942382,1708332033.0,16.267303,51.856728
1546,125956159,1708380600.0,14.65275,52.56883333333333
1547,125943806,1708349299.0,14.79588888888889,51.66736111111111
1548,126024551,1708297200.0,15.438888888888888,51.94683333333333
1549,125942497,1708348669.0,15.246166666666667,52.72752777777778
1550,125943592,1708333233.0,15.2195,51.52444444444444
1551,125943716,1708339930.0,15.216388888888888,52.73927777777778
1552,125944104,1708321006.0,15.500972222222222,51.903055555555554
1553,125943480,1708319040.0,15.518305555555555,52.24038888888889
1554,125943723,1708347211.0,14.748611111111112,51.94563888888889
1555,125944108,1708327033.0,15.257666666666667,51.974805555555555
1556,125944296,1708347732.0,15.001722222222222,51.63975
1557,125943535,1708329897.0,15.29963888888889,52.33811111111111
1558,125943624,1708340497.0,15.521694444444444,52.243
1559,125943457,1708325492.0,15.692638888888888,52.938138888888886
1560,125943697,1708344560.0,15.648416666666666,52.75072222222222
1561,125943883,1708368192.0,15.1635,51.64286111111111
1562,125942387,1708334113.0,15.095666666666666,52.053916666666666
1563,125944997,1708353600.0,15.726888888888888,52.41825
1564,125943818,1708360800.0,15.784638888888889,52.29983333333333
1565,125944308,1708354500.0,15.302583333333333,52.307833333333335
1566,125943762,1708347817.0,15.837144,52.25079
1567,125943397,1708300459.0,15.49836111111111,51.9335
1568,125943903,1708365687.0,15.513861111111112,51.936194444444446
1569,125944286,1708350949.0,14.668416666666667,52.590444444444444
1570,125942397,1708334907.0,15.522027777777778,51.94269444444444
1571,125942314,1708311619.0,15.307027777777778,51.82838888888889
1572,125943777,1708352037.0,15.501527777777778,51.94836111111111
1573,125944172,1708331324.0,15.340722222222222,51.9785
1574,125942522,1708338067.0,15.625277777777779,52.08419444444444
1575,125942509,1708349773.0,14.613472222222223,52.32402777777778
1576,125943817,1708360118.0,15.526416666666666,51.939277777777775
1577,125943735,1708348635.0,15.157638888888888,52.74536111111111
1578,125942718,1708370550.0,15.25911111111111,52.70788888888889
1579,125942758,1708356055.0,14.695166666666667,52.36638888888889
1580,125942751,1708368826.0,15.497305555555556,51.91466666666667
1581,125943844,1708361460.0,15.530916666666666,52.25227777777778
1582,125942473,1708343652.0,15.686277777777779,51.80155555555555
1583,125944287,1708348712.0,15.732583333333334,51.69305555555555
1584,125942765,1708359443.0,14.59388888888889,52.34016666666667
1585,125971165,1708369200.0,15.200444444444445,52.793083333333335
1586,126202740,1708426800.0,15.244416666666666,52.74922222222222
1587,125944459,1708403595.0,15.55861111111111,51.95880555555556
1588,125993240,1708426800.0,15.244194444444444,52.74925
1589,125944739,1708447564.0,14.966777777777779,52.81875
1590,125946158,1708445080.0,15.741527777777778,52.013777777777776
1591,125944567,1708421053.0,15.764416666666667,51.99655555555555
1592,126006392,1708426800.0,15.232583333333332,52.74080555555555
1593,125946105,1708438142.0,15.240944444444445,52.72708333333333
1594,125942910,1708412775.0,15.276694444444445,52.76325
1595,125942794,1708386775.0,15.436111111111112,52.92658333333333
1596,125942935,1708419871.0,15.218666666666667,51.52916666666667
1597,125942811,1708407534.0,15.546194444444444,52.817194444444446
1598,125942800,1708397760.0,14.728861111111112,51.954972222222224
1599,125945167,1708440469.0,14.561222222222222,52.35319444444445
1600,125944828,1708459986.0,15.49463888888889,51.96252777777778
1601,125946306,1708452417.0,15.573333333333334,51.98547222222222
1602,125944064,1708424760.0,15.495111111111111,51.93238888888889
1603,125942820,1708404653.0,15.570194444444445,51.91927777777778
1604,125944045,1708426966.0,15.52525,51.95758333333333
1605,125946117,1708439331.0,14.593916666666667,52.38547222222222
1606,125946168,1708440236.0,15.425694444444444,51.592555555555556
1607,125943059,1708433697.0,15.50938888888889,52.24
1608,125946274,1708450403.0,15.257333333333333,52.758583333333334
1609,125943061,1708436657.0,15.547166666666667,52.81722222222222
1610,125944659,1708432653.0,15.562388888888888,52.442083333333336
1611,125944029,1708418464.0,15.126694444444444,52.019416666666665
1612,125944474,1708405807.0,15.249694444444444,52.74386111111111
1613,125946222,1708451671.0,14.655972222222221,52.58694444444444
1614,125946308,1708461584.0,15.08688888888889,52.322833333333335
1615,125942897,1708418860.0,15.563444444444444,51.79072222222222
1616,125944790,1708452646.0,15.295694444444445,52.33097222222222
1617,125946351,1708462800.0,15.028944444444445,52.77502777777778
1618,125942843,1708407705.0,15.274722222222222,52.78805555555556
1619,125946137,1708442954.0,15.749944444444445,52.46986111111111
1620,126006434,1708533600.0,15.153805555555556,52.75216666666667
1621,125947422,1708542375.0,15.536722222222222,51.99805555555555
1622,125947400,1708534485.0,15.783611111111112,52.31225
1623,125945088,1708517934.0,15.221083333333333,52.742694444444446
1624,126006414,1708507500.0,15.202305555555556,52.738055555555555
1625,125947264,1708527936.0,15.25,52.72247222222222
1626,125946512,1708524029.0,15.242805555555556,52.74927777777778
1627,125946600,1708545024.0,15.784416666666667,52.300222222222224
1628,125953876,1708536480.0,15.152027777777779,51.678444444444445
1629,126187390,1708526100.0,15.08388888888889,52.64197222222222
1630,125947129,1708515600.0,15.507388888888888,51.942194444444446
1631,125946436,1708496226.0,15.848638888888889,52.39022222222222
1632,125947336,1708535403.0,15.610861111111111,52.72430555555555
1633,125947266,1708522958.0,15.465916666666667,51.95308333333333
1634,125945417,1708513165.0,15.5065,51.93761111111111
1635,125947426,1708534965.0,15.563972222222223,51.9385
1636,125955026,1708522200.0,15.609944444444444,51.062777777777775
1637,125946408,1708493700.0,15.237305555555556,52.699222222222225
1638,125944840,1708479257.0,15.369305555555556,51.87186111111111
1639,125947472,1708554053.0,15.20076,52.316212
1640,125946394,1708495131.0,15.2185,52.73802777777778
1641,125945059,1708511799.0,16.165255,51.729332
1642,125947366,1708533846.0,15.195305555555555,52.73738888888889
1643,125946401,1708491000.0,15.236666666666666,52.699222222222225
1644,125945403,1708512179.0,14.608527777777777,52.321444444444445
1645,125951274,1708524000.0,15.722,51.80708333333333
1646,125944858,1708496823.0,15.384194444444445,52.30008333333333
1647,125947357,1708532506.0,15.784444444444444,52.30016666666667
1648,125945320,1708502003.0,15.528416666666667,52.259972222222224
1649,125945574,1708537136.0,15.704077,52.237473
1650,125945504,1708525850.0,15.249611111111111,52.29936111111111
1651,125946594,1708543956.0,15.787138888888888,52.297472222222225
1652,125946348,1708471514.0,15.506777777777778,51.93136111111111
1653,125944947,1708506326.0,14.95525,52.67636111111111
1654,125947131,1708518233.0,14.6125,52.32252777777778
1655,126000852,1708533000.0,15.15275,52.752583333333334
1656,125948397,1708627316.0,15.256027777777778,52.73411111111111
1657,125948413,1708628204.0,15.434083333333334,52.72488888888889
1658,125948154,1708604125.0,15.28738888888889,52.771277777777776
1659,125948296,1708618792.0,15.745055555555556,52.008694444444444
1660,125971174,1708576200.0,15.148388888888888,52.7865
1661,125945704,1708594637.0,15.300583333333334,52.31366666666667
1662,125953462,1708610400.0,15.486222222222223,51.95333333333333
1663,125985198,1708608600.0,15.563722222222221,51.67333333333333
1664,125946072,1708632175.0,15.787166666666666,52.29788888888889
1665,126028452,1708638600.0,14.830166666666667,52.33752777777778
1666,125947617,1708592474.0,15.541277777777777,52.880944444444445
1667,125946612,1708580896.0,15.14786111111111,51.638305555555554
1668,125945999,1708618025.0,15.050194444444445,51.568555555555555
1669,125945988,1708622399.0,15.7895,52.56752777777778
1670,125946633,1708579935.0,15.211444444444444,51.526916666666665
1671,125948302,1708617616.0,16.219278,51.753555
1672,125947469,1708558115.0,15.452555555555556,51.89694444444444
1673,125948370,1708624135.0,15.241472222222223,52.7285
1674,125948258,1708607774.0,15.203111111111111,52.74038888888889
1675,125947481,1708575454.0,15.228166666666667,52.73094444444445
1676,125946041,1708628940.0,15.141861111111112,51.65258333333333
1677,125948222,1708611929.0,15.522972222222222,51.95641666666667
1678,125947543,1708582239.0,15.25025,52.75786111111111
1679,125948332,1708626565.0,15.7895,52.56755555555556
1680,125946055,1708629950.0,15.644111111111112,52.44405555555556
1681,125945796,1708596180.0,15.719194444444444,51.80158333333333
1682,125948252,1708617152.0,15.509666666666666,52.188722222222225
1683,125963942,1708624800.0,15.638111111111112,52.407694444444445
1684,125945867,1708610674.0,15.713472222222222,51.801
1685,125971178,1708603200.0,15.17613888888889,52.79475
1686,125971170,1708599900.0,15.347972222222221,52.7565
1687,125950309,1708722330.0,15.678861111111111,52.269222222222226
1688,125949444,1708698600.0,15.240805555555555,52.72911111111111
1689,125949481,1708684425.0,14.649555555555555,52.30725
1690,126186237,1708671600.0,14.891388888888889,52.67777777777778
1691,125948442,1708650796.0,15.135416666666666,52.750194444444446
1692,125950163,1708699039.0,15.262277777777777,52.75275
1693,125948912,1708705800.0,15.510533,52.189683
1694,125949569,1708726500.0,15.117307,52.425546
1695,125949321,1708688123.0,15.098166666666666,52.047805555555556
1696,125948821,1708695357.0,15.382333333333333,51.8875
1697,125949228,1708679996.0,15.471,51.94311111111111
1698,125948784,1708693816.0,15.628527777777778,52.086
1699,125948775,1708694505.0,15.542416666666666,52.23433333333333
1700,125949133,1708667139.0,15.387805555555556,51.624833333333335
1701,125949496,1708711620.0,15.529055555555555,52.878
1702,125948769,1708694220.0,15.555861111111112,52.43347222222222
1703,125949273,1708681248.0,14.796,52.19452777777778
1704,125953174,1708718400.0,15.740111111111112,52.78797222222222
1705,125950174,1708702780.0,15.831055555555556,52.83733333333333
1706,125950249,1708709807.0,15.120305555555555,51.63447222222222
1707,125949100,1708716091.0,15.786305555555556,52.2985
1708,125949526,1708711453.0,15.786176,52.298416
1709,125949152,1708665677.0,15.435583333333334,52.31702777777778
1710,125949558,1708720055.0,15.785416666666666,52.299194444444446
1711,125948469,1708670940.0,15.541222222222222,52.23733333333333
1712,125948932,1708703200.0,15.30875,52.342555555555556
1713,125949552,1708712249.0,14.569749999999999,52.34886111111111
1714,125948791,1708693471.0,15.11525,52.44588888888889
1715,125948662,1708679936.0,15.716055555555556,51.79947222222222
1716,126006440,1708677480.0,15.239777777777778,52.73266666666667
1717,125949611,1708765818.0,15.23911111111111,52.727583333333335
1718,125949636,1708771438.0,15.140361111111112,52.78102777777778
1719,125949749,1708796105.0,15.208527777777778,52.783611111111114
1720,125971960,1708790280.0,14.776388888888889,52.66433333333333
1721,125955248,1708797600.0,15.47875,51.93522222222222
1722,125972596,1708765200.0,15.515916666666667,51.931666666666665
1723,125952100,1708777200.0,14.57788888888889,52.34788888888889
1724,125989815,1708785000.0,15.249277777777777,52.750416666666666
1725,125950498,1708800360.0,15.461,52.707166666666666
1726,125951253,1708765938.0,15.329972222222223,51.613194444444446
1727,125950504,1708807089.0,15.947555555555555,52.860277777777775
1728,125951318,1708774658.0,15.540111111111111,51.92608333333333
1729,125955034,1708761900.0,15.615805555555555,52.07147222222222
1730,125951185,1708750740.0,15.799722222222222,52.171527777777776
1731,125950508,1708807971.0,15.514277777777778,51.946444444444445
1732,125949668,1708768909.0,15.64786111111111,52.30116666666667
1733,125951371,1708776896.0,16.310388888888887,51.80722222222222
1734,125951547,1708799507.0,15.507027777777777,51.90163888888889
1735,125951512,1708794720.0,15.492805555555556,51.94005555555555
1736,125951507,1708788925.0,15.009277777777777,52.6975
1737,125951399,1708784011.0,15.216861111111111,52.81036111111111
1738,125949792,1708808520.0,15.215555555555556,52.81702777777778
1739,125949623,1708769468.0,15.195388888888889,52.73844444444445
1740,125951559,1708799947.0,15.652555555555555,52.853972222222225
1741,125951256,1708767857.0,15.789833333333334,52.56761111111111
1742,125951611,1708812654.0,15.739722222222222,52.790333333333336
1743,125949751,1708794568.0,15.487305555555556,52.58986111111111
1744,125951228,1708762858.0,15.62225,51.93055555555556
1745,125951493,1708793134.0,15.569583333333334,51.74744444444445
1746,125949584,1708742901.0,15.072888888888889,52.063805555555554
1747,125950352,1708769710.0,14.700611111111112,51.89791666666667
1748,125951325,1708775965.0,14.727388888888889,51.95008333333333
1749,125950417,1708782503.0,15.093555555555556,52.06194444444444
1750,125951199,1708757379.0,15.137609,52.52279
1751,125951501,1708795006.0,15.936805555555555,52.858694444444446
1752,125950481,1708785204.0,14.584,52.34602777777778
1753,125951452,1708785410.0,15.50061111111111,51.93977777777778
1754,125955252,1708801200.0,15.488527777777778,51.965583333333335
1755,126006405,1708876800.0,15.22561111111111,52.74305555555556
1756,125950659,1708890337.0,15.57325,52.44061111111111
1757,125951935,1708879055.0,15.619277777777778,51.88666666666667
1758,125949852,1708853945.0,15.451083333333333,51.97233333333333
1759,125988521,1708878000.0,15.32875,51.61227777777778
1760,125998648,1708860000.0,15.593666666666667,52.11975
1761,126000767,1708886400.0,14.225861111111112,52.74294444444445
1762,125953472,1708845300.0,15.526777777777777,51.95591666666667
1763,125950571,1708861773.0,15.478444444444445,51.60033333333333
1764,125951863,1708882911.0,14.850805,52.560923
1765,125951730,1708861619.0,15.504194444444444,51.92594444444445
1766,125949839,1708852274.0,15.486944444444445,51.95455555555556
1767,125949872,1708868890.0,15.206944444444444,52.7355
1768,125951897,1708883047.0,15.23011111111111,52.73138888888889
1769,125951725,1708863539.0,15.217555555555556,52.74027777777778
1770,125951970,1708896206.0,14.726833333333333,51.914972222222225
1771,125950617,1708881725.0,15.755222222222223,52.97452777777778
1772,125949832,1708856041.0,15.54,52.248777777777775
1773,125951674,1708852080.0,15.574262,52.183599
1774,125951792,1708873469.0,15.144343,52.516894
1775,125953475,1708856400.0,15.833972222222222,51.92038888888889
1776,125954418,1708946340.0,15.598472222222222,51.74475
1777,126028328,1708969500.0,15.461,52.707166666666666
1778,125952291,1708934171.0,15.517777777777777,51.94891666666667
1779,125952296,1708951172.0,14.626055555555556,52.348555555555556
1780,125950884,1708952197.0,15.232861111111111,52.75375
1781,126167067,1708948800.0,15.399611111111112,52.745111111111115
1782,125953348,1708980552.0,15.270833333333334,52.79302777777778
1783,125952118,1708934981.0,14.89338888888889,52.15558333333333
1784,125952258,1708941496.0,15.250916666666667,52.723555555555556
1785,125952074,1708931566.0,15.52425,51.93947222222222
1786,125952037,1708927897.0,15.335055555555556,51.61525
1787,125949958,1708926464.0,15.300416666666667,52.314861111111114
1788,125950903,1708957678.0,15.53288888888889,52.880583333333334
1789,125952456,1708968277.0,15.583388888888889,52.43866666666667
1790,125952529,1708977360.0,15.510444444444444,51.9435
1791,125952194,1708943514.0,14.641333333333334,52.580666666666666
1792,125952173,1708933413.0,15.090305555555556,51.63038888888889
1793,125952019,1708924592.0,15.129378,52.573249
1794,125953116,1708940806.0,15.25938888888889,52.76111111111111
1795,125950054,1708937760.0,14.999166666666667,51.75736111111111
1796,125953194,1708933280.0,15.0125,51.870444444444445
1797,125951995,1708909650.0,15.157152,52.306982
1798,125952111,1708933979.0,15.536888888888889,51.564972222222224
1799,125952004,1708918364.0,14.87963888888889,51.63572222222222
1800,125950937,1708965410.0,14.898694444444445,52.68805555555556
1801,125952740,1709025025.0,15.780944444444444,52.303
1802,125952814,1709012100.0,15.52186111111111,51.95494444444444
1803,126007361,1709017200.0,15.260416666666666,52.76166666666667
1804,126007439,1709010900.0,15.516555555555556,51.95325
1805,125953709,1709026307.0,14.76475,51.66777777777778
1806,125955145,1709063519.0,15.606055555555555,51.81169444444444
1807,125951070,1709017413.0,15.069944444444445,51.58105555555556
1808,125952987,1709039828.0,14.651055555555555,52.586
1809,125952733,1709023123.0,15.096694444444445,51.437666666666665
1810,125952951,1709043660.0,15.29711111111111,52.33455555555555
1811,125952901,1709035072.0,14.799888888888889,52.19372222222222
1812,125951089,1709020306.0,15.150444444444444,51.63883333333333
1813,125952738,1709016837.0,15.587222222222222,51.93425
1814,125952725,1709020017.0,15.533888888888889,52.23902777777778
1815,125952839,1709032068.0,15.668,52.57727777777778
1816,125951079,1709017087.0,15.111194444444445,52.06422222222222
1817,125951069,1709012703.0,15.563222222222223,51.93783333333333
1818,125953354,1708996140.0,15.407583333333333,52.31922222222222
1819,125954317,1709056014.0,15.599361111111111,52.073972222222224
1820,125951015,1708996082.0,15.543,52.531
1821,125952871,1709028995.0,15.53375,51.563722222222225
1822,125958165,1709016900.0,15.49761111111111,51.95338888888889
1823,125954170,1709036000.0,15.709388888888888,51.817277777777775
1824,125954114,1709023255.0,16.315472222222223,51.80605555555555
1825,125953858,1709069582.0,15.546416666666667,52.22925
1826,125954784,1709141077.0,15.249888888888888,52.724583333333335
1827,125961940,1709131500.0,15.304777777777778,51.61697222222222
1828,125955221,1709099622.0,15.570444444444444,51.910444444444444
1829,125955418,1709117339.0,15.344416666666667,52.64783333333333
1830,125954713,1709132110.0,15.373888888888889,52.84236111111111
1831,125954674,1709129736.0,14.893333333333333,52.679833333333335
1832,125978381,1709117580.0,15.690972222222221,51.80736111111111
1833,125955886,1709150100.0,14.63861111111111,52.32608333333334
1834,125955669,1709141976.0,15.37963888888889,52.69613888888889
1835,125954384,1709100807.0,15.825027777777779,52.353972222222225
1836,125955414,1709118347.0,15.50686111111111,51.93138888888889
1837,125955735,1709152977.0,15.50625,52.59925
1838,125954854,1709149262.0,15.524138888888888,51.9585
1839,125954842,1709146687.0,15.38438888888889,52.29988888888889
1840,125956150,1709140800.0,15.76525,52.96658333333333
1841,125954835,1709149576.0,15.082968,52.305621
1842,125954876,1709152376.0,15.315722222222222,52.34422222222222
1843,125955361,1709112867.0,15.223027777777778,51.98986111111111
1844,125955298,1709106067.0,15.529916666666667,52.245444444444445
1845,125954851,1709147950.0,15.700166666666666,52.21241666666667
1846,125954660,1709129473.0,15.477722222222223,52.559
1847,125961937,1709114400.0,15.320305555555555,51.718555555555554
1848,125955299,1709108419.0,15.563444444444444,51.86577777777778
1849,125955537,1709131238.0,15.709444444444445,51.81725
1850,125954390,1709100837.0,14.611416666666667,52.388666666666666
1851,125957816,1709201400.0,15.524861111111111,51.939305555555556
1852,125955973,1709200327.0,15.234916666666667,52.76119444444444
1853,125957132,1709216743.0,15.10961111111111,52.77008333333333
1854,125956143,1709203070.0,14.935527777777779,51.77122222222222
1855,125956275,1709210194.0,15.492138888888888,51.96369444444444
1856,125989797,1709201100.0,15.2115,52.74
1857,125956000,1709210275.0,15.583083333333333,52.44130555555556
1858,125955902,1709193540.0,14.827166666666667,52.20911111111111
1859,125961993,1709220000.0,15.649416666666667,51.79244444444444
1860,125954989,1709189779.0,15.523583333333333,51.947833333333335
1861,125954944,1709190392.0,15.5305,52.876444444444445
1862,125954982,1709192636.0,14.975083333333334,52.65427777777778
1863,125957154,1709219982.0,15.626138888888889,51.887388888888886
1864,125956397,1709231942.0,15.238333333333333,52.684222222222225
1865,125957123,1709219292.0,15.177555555555555,51.71747222222222
1866,125955751,1709162160.0,15.60175,52.4445
1867,125954072,1709207245.0,15.82225,52.226
1868,125955975,1709204045.0,16.043623,51.886608
1869,125955866,1709191626.0,14.808859,52.563766
1870,125956040,1709218939.0,14.744916666666667,51.96380555555555
1871,125956007,1709212170.0,14.727194444444445,51.94711111111111
1872,125955783,1709185615.0,15.14086111111111,51.64066666666667
1873,125956377,1709228985.0,15.483944444444445,52.92158333333333
1874,125956151,1709206703.0,15.09575,52.05405555555556
1875,125956221,1709215740.0,14.663444444444444,52.589
1876,125956290,1709219824.0,15.24088888888889,52.72838888888889
1877,125955979,1709207111.0,15.521638888888889,51.93366666666667
1878,125955093,1709198680.0,15.481916666666667,51.95283333333333
1879,125955823,1709188860.0,15.084416666666666,51.67202777777778
1880,125956324,1709224210.0,15.701222222222222,52.21136111111111
1881,125956422,1709230158.0,14.780972222222221,52.335277777777776
1882,125956214,1709211065.0,15.473222222222223,51.94363888888889
1883,125956384,1709228261.0,15.235277777777778,52.74477777777778
1884,125956503,1709247415.0,14.668805555555556,52.63447222222222
1885,125956026,1709213763.0,15.525916666666667,51.93925
1886,125956188,1709203680.0,14.586083333333333,52.38283333333333
1887,125955890,1709196062.0,15.279083333333332,52.74366666666667
1888,125956561,1709275845.0,15.095805555555556,52.32522222222222
1889,125957279,1709282745.0,15.243027777777778,52.74594444444445
1890,125956578,1709276208.0,15.253166666666667,52.71830555555555
1891,126028329,1709315400.0,14.617722222222222,52.61022222222222
1892,126028309,1709285400.0,14.910583333333333,52.795833333333334
1893,126028310,1709297400.0,14.650305555555555,52.586166666666664
1894,125960674,1709302200.0,15.292444444444444,51.564083333333336
1895,125956686,1709285497.0,15.50836111111111,52.25061111111111
1896,125957025,1709303530.0,15.149638888888889,51.63569444444445
1897,125960663,1709288400.0,15.504694444444445,51.94311111111111
1898,125956943,1709288990.0,14.55786111111111,52.35369444444444
1899,125958211,1709283112.0,15.165083333333333,51.599472222222225
1900,125958246,1709286184.0,14.749944444444445,51.77527777777778
1901,125956672,1709281182.0,15.518666666666666,51.945
1902,125956516,1709257002.0,15.273194444444444,52.29508333333333
1903,125956718,1709286386.0,14.763722222222222,52.63825
1904,125956876,1709296920.0,15.61438888888889,52.075722222222225
1905,125961709,1709310300.0,15.326638888888889,52.52436111111111
1906,125957328,1709288127.0,14.65163888888889,52.308
1907,125958397,1709313916.0,15.501555555555555,52.91
1908,125956795,1709291760.0,15.496694444444444,52.58866666666667
1909,125956887,1709298656.0,15.049583333333333,52.00183333333333
1910,125958400,1709314368.0,15.597555555555555,52.06630555555556
1911,125958435,1709312262.0,15.810027777777778,51.66591666666667
1912,125957094,1709315554.0,15.519944444444445,51.95897222222222
1913,125956917,1709302572.0,15.487722222222223,52.25138888888889
1914,125958464,1709329975.0,15.759027777777778,51.65811111111111
1915,125957091,1709310766.0,15.505472222222222,51.939055555555555
1916,125956915,1709301895.0,15.494055555555555,51.93866666666667
1917,126008119,1709357700.0,15.24488888888889,52.76125
1918,126028302,1709388000.0,15.292527777777778,52.687305555555554
1919,125958511,1709373122.0,15.574222222222222,52.44375
1920,125959462,1709379562.0,14.56488888888889,52.34875
1921,125958597,1709394034.0,15.156166666666667,52.74608333333333
1922,125960686,1709400900.0,15.489611111111111,51.95213888888889
1923,125989808,1709385600.0,15.209166666666667,52.73444444444444
1924,125957606,1709404643.0,15.34688888888889,52.76230555555556
1925,125958532,1709381086.0,14.723444444444445,51.962694444444445
1926,125959603,1709404500.0,15.077194444444444,52.09130555555556
1927,125959583,1709403217.0,15.757083333333334,52.34330555555555
1928,125958594,1709397957.0,15.80338888888889,52.31955555555555
1929,125957483,1709368292.0,15.14636111111111,51.666111111111114
1930,125959298,1709368428.0,15.196388888888889,52.735194444444446
1931,125958556,1709379862.0,15.246694444444444,52.757888888888886
1932,125957569,1709394217.0,15.213611111111112,51.519416666666665
1933,125959353,1709373815.0,14.55663888888889,52.350138888888885
1934,125959439,1709386527.0,14.654333333333334,52.58588888888889
1935,125958607,1709402044.0,15.722527777777778,51.805
1936,125959456,1709385030.0,15.153694444444444,51.62486111111111
1937,125959552,1709395945.0,15.455194444444444,52.16725
1938,125959308,1709364431.0,15.54325,52.13291666666667
1939,125959593,1709404867.0,15.52738888888889,52.246722222222225
1940,125959640,1709411591.0,15.327664,52.153634
1941,125957480,1709366202.0,15.541138888888888,51.568888888888885
1942,125959352,1709377048.0,15.514194444444444,51.936083333333336
1943,125959635,1709403600.0,15.515611111111111,51.926972222222226
1944,125959405,1709380343.0,15.703944444444444,52.29669444444445
1945,125959384,1709378434.0,15.275166666666667,52.742694444444446
1946,126008225,1709489700.0,15.231166666666667,52.730111111111114
1947,125957692,1709469719.0,15.4775,51.95455555555556
1948,125959901,1709488394.0,14.899166666666666,52.66869444444445
1949,125958732,1709475531.0,14.559583333333332,52.34872222222222
1950,125959865,1709481429.0,15.520888888888889,52.253194444444446
1951,125959864,1709479769.0,15.493361111111112,51.94002777777778
1952,125959878,1709477500.0,14.565888888888889,52.348638888888885
1953,125959789,1709468330.0,15.634055555555555,52.81397222222222
1954,125958725,1709473844.0,15.754388888888888,51.79838888888889
1955,125962879,1709478000.0,15.483416666666667,51.978027777777775
1956,125961384,1709564417.0,15.226694444444444,52.743027777777776
1957,125961440,1709566385.0,15.684111111111111,51.797805555555556
1958,126007352,1709541600.0,15.253305555555556,52.745194444444444
1959,125960452,1709565636.0,15.216722222222222,52.794583333333335
1960,125961907,1709544600.0,15.510777777777777,51.93675
1961,125989801,1709538300.0,15.255277777777778,52.75888888888889
1962,125960286,1709552598.0,15.577,52.44475
1963,125961167,1709545494.0,15.374638888888889,52.45525
1964,125957783,1709527200.0,15.408833333333334,52.73866666666667
1965,125960315,1709555419.0,15.608055555555556,52.421055555555554
1966,125961166,1709544306.0,15.201722222222223,52.72508333333333
1967,125960143,1709533990.0,15.438555555555556,51.94669444444445
1968,125961903,1709533800.0,15.387416666666667,51.956833333333336
1969,125960374,1709560812.0,15.313833333333333,51.627694444444444
1970,125961397,1709557960.0,15.244166666666667,52.74
1971,125961195,1709542600.0,15.398861111111112,51.896972222222225
1972,125960449,1709563719.0,15.479027777777778,51.94127777777778
1973,125960334,1709550299.0,15.67061111111111,51.923722222222224
1974,125961106,1709544387.0,14.829944444444445,52.56755555555556
1975,125961370,1709564510.0,15.533166666666666,52.24894444444445
1976,125960428,1709565221.0,14.613166666666666,52.32263888888889
1977,125960075,1709536467.0,14.564694444444445,52.34858333333333
1978,125960145,1709538516.0,15.686388888888889,52.85691666666666
1979,125961333,1709559882.0,15.668583333333334,51.79325
1980,125961368,1709561634.0,15.627194444444445,52.445027777777774
1981,125960421,1709562212.0,15.711,51.81066666666667
1982,125961220,1709548988.0,14.573611111111111,52.35063888888889
1983,125960606,1709573330.0,15.488805555555556,51.975
1984,125960542,1709572984.0,15.513972222222222,51.94419444444444
1985,125961354,1709560071.0,15.235666666666667,51.80147222222222
1986,125961366,1709555641.0,15.145694444444445,51.64052777777778
1987,125960537,1709575130.0,15.226027777777778,52.743
1988,125962884,1709618400.0,15.523388888888888,51.93911111111111
1989,125960996,1709648491.0,15.47311111111111,52.254194444444444
1990,125962896,1709630100.0,15.836388888888889,52.16536111111111
1991,125961887,1709676300.0,15.558083333333332,51.93113888888889
1992,125989810,1709629800.0,15.20861111111111,52.73436111111111
1993,126167736,1709664000.0,15.560027777777778,51.94016666666667
1994,126165922,1709621100.0,14.991833333333334,52.67702777777778
1995,125961838,1709658717.0,14.973416666666667,51.790055555555554
1996,125962157,1709621104.0,15.095555555555556,51.631083333333336
1997,125961009,1709648959.0,15.63888888888889,52.549194444444446
1998,125962284,1709625792.0,15.31711111111111,51.61747222222222
1999,125962288,1709648334.0,15.113444444444445,52.054972222222226
2000,125962322,1709659339.0,15.56863888888889,52.456944444444446
2001,125960736,1709626276.0,15.119194444444444,51.80211111111111
2002,125962277,1709643811.0,15.531666666666666,52.23683333333334
2003,125960637,1709620930.0,15.49575,51.935833333333335
2004,125960783,1709618443.0,14.56713888888889,52.365
2005,125960776,1709629707.0,15.558444444444444,51.957027777777775
2006,125960831,1709639466.0,15.69988888888889,51.83280555555555
2007,125960903,1709645413.0,14.564305555555556,52.348527777777775
2008,125960923,1709646500.0,15.591972222222223,51.93588888888889
2009,125960791,1709629112.0,15.501527777777778,51.936527777777776
2010,125961761,1709643999.0,15.493916666666667,51.93972222222222
2011,125961566,1709603520.0,14.976807,52.334286
2012,125962350,1709662500.0,15.46561111111111,51.940083333333334
2013,125960937,1709650260.0,15.010305555555556,52.33272222222222
2014,125962399,1709704180.0,15.256777777777778,52.73769444444444
2015,126007400,1709744400.0,15.200472222222222,52.73711111111111
2016,125963461,1709725303.0,15.537777777777778,52.247972222222224
2017,125962667,1709742202.0,15.160944444444445,52.74611111111111
2018,126007042,1709740800.0,15.239833333333333,52.73319444444444
2019,125961936,1709700739.0,15.561916666666667,51.938
2020,125961996,1709709377.0,15.408055555555556,52.11472222222222
2021,125962590,1709734020.0,16.312416666666667,51.80005555555555
2022,125974291,1709718660.0,15.505583333333334,51.93661111111111
2023,125962436,1709709007.0,15.173666666666668,51.65580555555555
2024,125968130,1709724900.0,15.52425,51.95836111111111
2025,125962024,1709726100.0,15.704611111111111,51.81005555555556
2026,126165941,1709705700.0,15.222472222222223,52.775
2027,125962467,1709707462.0,14.6815,52.604305555555555
2028,125962425,1709712881.0,15.09525,52.055277777777775
2029,125963306,1709712951.0,15.526083333333334,51.938361111111114
2030,125962561,1709723844.0,15.81386111111111,51.73186111111111
2031,125962697,1709742699.0,15.50313888888889,51.95730555555556
2032,125962778,1709754960.0,15.514416666666667,51.93602777777778
2033,125963504,1709735167.0,15.230805555555555,52.740611111111114
2034,125962588,1709729142.0,15.577305555555556,52.13525
2035,125962622,1709737447.0,15.50625,51.93533333333333
2036,125963677,1709750475.0,15.374888888888888,52.840833333333336
2037,125962752,1709753219.0,14.65563888888889,52.5885
2038,125962813,1709752670.0,15.550222222222223,52.42086111111111
2039,125961892,1709698747.0,15.78888888888889,52.295833333333334
2040,125962692,1709744768.0,15.303833333333333,51.61397222222222
2041,125962748,1709743849.0,15.297138888888888,52.698027777777774
2042,125974294,1709737200.0,15.516277777777777,51.93302777777778
2043,126007049,1709817600.0,15.236666666666666,52.74805555555555
2044,125965168,1709824167.0,15.233666666666666,52.71763888888889
2045,125968173,1709814300.0,15.603861111111112,51.74494444444444
2046,125963784,1709794405.0,15.52138888888889,51.94083333333333
2047,125965177,1709824808.0,15.639083333333334,51.79933333333334
2048,125974305,1709833200.0,15.509083333333333,51.93011111111111
2049,125965196,1709825447.0,15.674583333333333,51.84119444444445
2050,125970735,1709823600.0,15.854166666666666,52.07058333333333
2051,125966300,1709839500.0,15.492611111111112,51.931444444444445
2052,125962963,1709803919.0,15.578333333333333,52.87127777777778
2053,125962937,1709799578.0,15.272805555555555,52.76038888888889
2054,126361373,1709793000.0,15.234916666666667,52.733694444444446
2055,125968177,1709794800.0,15.317277777777777,51.61697222222222
2056,125965235,1709824785.0,16.320248,51.801342
2057,125966288,1709840081.0,15.080513,52.46063
2058,125965281,1709829798.0,14.722805555555556,51.958083333333335
2059,125963967,1709806800.0,15.677,51.797555555555554
2060,125962886,1709791379.0,14.653472222222222,52.32375
2061,125963802,1709795362.0,15.881388888888889,51.90425
2062,125963718,1709769410.0,14.597194444444444,52.318194444444444
2063,125965323,1709832618.0,14.723444444444445,51.962694444444445
2064,125962833,1709785442.0,15.598305555555555,51.542972222222225
2065,125965302,1709837982.0,15.862416666666666,52.36675
2066,125965291,1709835260.0,15.475805555555556,51.90058333333333
2067,125963045,1709811486.0,15.53736111111111,52.25311111111111
2068,125965165,1709824398.0,15.152583333333334,52.74647222222222
2069,125963024,1709807967.0,15.72561111111111,52.63911111111111
2070,125965114,1709818910.0,15.466333333333333,51.94119444444444
2071,125962907,1709796646.0,15.52186111111111,51.94275
2072,125963989,1709793309.0,15.762638888888889,52.08061111111111
2073,125970698,1709826600.0,15.5125,51.942055555555555
2074,125962880,1709792240.0,15.479777777777779,51.93966666666667
2075,125964042,1709817219.0,15.23425,52.74502777777778
2076,125966133,1709823306.0,15.473166666666666,52.618833333333335
2077,125966158,1709824107.0,15.509666666666666,51.94316666666667
2078,125963816,1709797811.0,15.492027777777778,51.943333333333335
2079,125963009,1709804773.0,15.502361111111112,51.93975
2080,125965181,1709821188.0,15.236694444444444,52.732638888888886
2081,125963890,1709805133.0,15.227194444444445,52.730694444444445
2082,125965186,1709815618.0,15.501,51.935944444444445
2083,125963805,1709793606.0,14.65088888888889,52.32575
2084,126008272,1709911800.0,15.264277777777778,52.76277777777778
2085,125967701,1709916329.0,15.21263888888889,52.73394444444445
2086,125972613,1709910000.0,15.319888888888888,51.83536111111111
2087,125966878,1709915735.0,15.125944444444444,52.70322222222222
2088,125966715,1709906951.0,15.843416666666666,51.87063888888889
2089,125966942,1709906307.0,15.806277777777778,51.970416666666665
2090,125967728,1709922096.0,15.287194444444445,52.771055555555556
2091,125967519,1709907967.0,15.015472222222222,51.748
2092,125967189,1709874524.0,15.755916666666666,51.68775
2093,125967173,1709881142.0,15.13625,51.639361111111114
2094,125966469,1709885599.0,15.694472222222222,51.807027777777776
2095,125967145,1709881614.0,15.821472222222223,52.832055555555556
2096,125967450,1709890697.0,15.709916666666667,51.79975
2097,125967618,1709915878.0,15.669972222222222,51.869416666666666
2098,125966979,1709920888.0,15.710916666666666,51.84147222222222
2099,125967201,1709883000.0,15.709222222222222,51.80575
2100,126744103,1709884800.0,15.236138888888888,52.76247222222222
2101,125983127,1709913600.0,15.043527777777777,51.6565
2102,126024931,1709890860.0,15.720444444444444,51.8045
2103,125967327,1709896835.0,16.312694444444446,51.809444444444445
2104,125967107,1709877128.0,15.529444444444444,52.841
2105,125967700,1709919845.0,14.817665,52.382678
2106,125966679,1709905904.0,15.170558,52.447823
2107,125966426,1709877550.0,15.12669,52.567145
2108,125967707,1709926039.0,15.553,51.93825
2109,125966617,1709897576.0,16.31663888888889,51.80430555555556
2110,125967475,1709905422.0,15.523305555555556,51.956833333333336
2111,125967753,1709930488.0,15.498111111111111,51.935916666666664
2112,125967164,1709882452.0,15.494277777777778,51.92780555555556
2113,125966540,1709895420.0,15.518944444444445,51.93716666666667
2114,125966832,1709910751.0,15.556333333333333,52.21530555555555
2115,125966576,1709894223.0,15.532583333333333,52.240972222222226
2116,125967293,1709893757.0,14.568305555555556,52.35358333333333
2117,125966763,1709908158.0,15.577222222222222,52.453694444444444
2118,125967638,1709915308.0,15.81801,52.237171
2119,125966654,1709901000.0,15.496055555555555,52.249805555555554
2120,125967526,1709906863.0,15.576888888888888,52.445027777777774
2121,125967711,1709922485.0,15.53261111111111,52.26130555555556
2122,125967023,1709928485.0,14.90025,52.47427777777778
2123,125966760,1709908152.0,15.109666666666667,52.056555555555555
2124,125967382,1709898392.0,14.584861111111111,52.340805555555555
2125,126007359,1709880300.0,15.215388888888889,52.74175
2126,125967461,1709905205.0,15.616472222222223,52.07933333333333
2127,125969401,1710002567.0,15.243,52.72816666666667
2128,125969106,1709965260.0,15.124805555555556,51.618944444444445
2129,125969143,1709977026.0,15.75225,52.97047222222222
2130,126028318,1709968800.0,14.966388888888888,52.72277777777778
2131,125969483,1710024788.0,15.234722222222222,51.79563888888889
2132,125969454,1710015002.0,15.131055555555555,51.63930555555555
2133,126008136,1709980800.0,15.252916666666668,52.75636111111111
2134,125969393,1710006268.0,15.551638888888888,51.61575
2135,126200603,1709992800.0,15.225361111111111,52.714527777777775
2136,125969191,1709983246.0,15.709222222222222,51.80561111111111
2137,125970445,1709999100.0,15.688305555555555,51.7865
2138,125967071,1709956364.0,15.416305555555555,51.64791666666667
2139,125968028,1709995563.0,15.570388888888889,51.91052777777778
2140,125967048,1709939145.0,15.517722222222222,51.935694444444444
2141,125969242,1709991120.0,15.521888888888888,52.24319444444444
2142,125969217,1709982794.0,15.235833333333334,52.73280555555556
2143,125969287,1709994290.0,14.59961111111111,52.6215
2144,125969294,1709986499.0,15.539,52.24536111111111
2145,125967867,1709970531.0,14.57013888888889,52.36511111111111
2146,125970122,1710000489.0,15.286861111111111,52.33369444444445
2147,125969173,1709980565.0,15.252027777777778,52.69488888888889
2148,125967906,1709980814.0,14.724361111111111,51.96122222222222
2149,125969433,1710011900.0,15.123888888888889,51.65413888888889
2150,125972628,1709983980.0,15.465805555555555,51.95975
2151,125970423,1710082800.0,14.82225,51.65536111111111
2152,125969586,1710083633.0,14.730944444444445,51.541472222222225
2153,125969616,1710098016.0,15.50538888888889,51.931416666666664
2154,125971696,1710094200.0,15.168666666666667,51.541111111111114
2155,125970240,1710061198.0,15.111888888888888,52.44083333333333
2156,125970450,1710084835.0,14.86738888888889,52.440305555555554
2157,125969622,1710093993.0,15.244527777777778,52.74908333333333
2158,125969595,1710093470.0,15.764333333333333,52.56827777777778
2159,125972340,1710177464.0,15.262972222222222,52.73938888888889
2160,125969641,1710131861.0,14.981027777777777,51.780611111111114
2161,125972410,1710180980.0,14.975277777777778,51.8155
2162,126250099,1710171600.0,15.48638888888889,51.976333333333336
2163,125972504,1710190513.0,15.752194444444445,52.31513888888889
2164,125969840,1710163263.0,15.12588888888889,51.65241666666667
2165,125969928,1710173442.0,15.512638888888889,51.93383333333333
2166,125972383,1710178871.0,14.887444444444444,51.62488888888889
2167,125972246,1710172063.0,15.514027777777777,51.93983333333333
2168,125974356,1710166200.0,15.52213888888889,51.93355555555556
2169,125969909,1710174092.0,15.590944444444444,51.938472222222224
2170,126245728,1710142320.0,15.620555555555555,52.08247222222222
2171,125975183,1710138000.0,14.565388888888888,52.36113888888889
2172,125972279,1710173240.0,14.815,51.656666666666666
2173,125972463,1710177978.0,15.449361111111111,52.646055555555556
2174,125998655,1710136800.0,15.519916666666667,51.941
2175,125970686,1710142010.0,14.642194444444444,52.568333333333335
2176,125970634,1710137943.0,15.848611111111111,52.85241666666667
2177,125970947,1710155590.0,15.252416666666667,52.739333333333335
2178,125972126,1710166997.0,14.72175,51.96322222222222
2179,125972439,1710185425.0,15.569583333333334,52.25336111111111
2180,125970784,1710142908.0,14.614416666666667,52.32475
2181,125972419,1710186060.0,15.703027777777777,51.809555555555555
2182,125969915,1710178761.0,15.55975,51.807805555555554
2183,125969956,1710187299.0,15.508805555555556,52.96125
2184,125972379,1710179263.0,15.531444444444444,52.23411111111111
2185,125970908,1710143937.0,14.64575,52.325361111111114
2186,125972264,1710169996.0,14.611722222222221,52.32222222222222
2187,125972194,1710161252.0,15.027555555555555,51.87891666666667
2188,125970955,1710141120.0,15.537444444444445,52.24875
2189,125972297,1710174905.0,15.586222222222222,52.180055555555555
2190,125972497,1710188037.0,15.229944444444444,52.77527777777778
2191,125970668,1710139903.0,15.15325,52.74697222222222
2192,125970591,1710116364.0,15.20888888888889,52.73558333333333
2193,125970850,1710144281.0,15.302833333333334,52.751194444444444
2194,125970707,1710143441.0,15.0155,52.67552777777778
2195,125970907,1710147738.0,15.233333333333333,52.73336111111111
2196,125970809,1710147739.0,15.557416666666667,52.24605555555556
2197,125971003,1710158116.0,15.595361111111112,52.00427777777778
2198,125974154,1710255757.0,15.244361111111111,52.75208333333333
2199,125973086,1710259273.0,15.816222222222223,52.237944444444445
2200,125974196,1710268668.0,15.24488888888889,52.76097222222222
2201,125973071,1710253674.0,14.65313888888889,52.32511111111111
2202,125973088,1710249453.0,15.199111111111112,52.735055555555554
2203,125974529,1710232800.0,15.097694444444445,52.05488888888889
2204,126362480,1710255600.0,15.273916666666667,52.71797222222222
2205,126167035,1710228600.0,15.070555555555556,52.82691666666667
2206,126186118,1710231300.0,15.375055555555555,52.81288888888889
2207,125973304,1710267269.0,15.67675,51.7975
2208,125973242,1710257440.0,15.493444444444444,51.93980555555556
2209,125972694,1710228600.0,15.282333333333334,51.62672222222222
2210,125970091,1710238062.0,15.564805555555555,52.46127777777778
2211,125972929,1710241494.0,15.427222222222222,52.58813888888889
2212,125969989,1710222599.0,15.23375,52.700944444444445
2213,125974667,1710346085.0,14.800583333333334,52.193694444444446
2214,125974814,1710359239.0,15.047472222222222,52.68108333333333
2215,126007601,1710334800.0,15.641833333333333,52.08808333333333
2216,125974360,1710315644.0,15.143527777777777,51.72677777777778
2217,125974599,1710318800.0,15.126333333333333,51.64538888888889
2218,125974233,1710300954.0,14.720638888888889,51.9805
2219,125973413,1710316717.0,15.536,51.890388888888886
2220,125974754,1710356304.0,15.623666666666667,51.742333333333335
2221,125971504,1710319755.0,15.861277777777778,52.071777777777775
2222,125971596,1710337090.0,15.15875,52.788583333333335
2223,125974596,1710336980.0,15.614,52.03286111111111
2224,125971563,1710337173.0,15.958944444444445,52.88419444444445
2225,125974662,1710344439.0,15.628694444444445,52.08594444444444
2226,126007334,1710324000.0,15.203472222222222,52.72658333333333
2227,126178453,1710324000.0,15.291555555555556,52.79430555555555
2228,125974581,1710331451.0,15.17275,52.73733333333333
2229,125971645,1710355554.0,15.263916666666667,52.74422222222222
2230,125973565,1710339654.0,15.767861111111111,51.795611111111114
2231,125973527,1710339806.0,14.648416666666666,52.58883333333333
2232,125974315,1710312643.0,15.703083333333334,51.84625
2233,125973520,1710328478.0,15.479333333333333,52.25311111111111
2234,125973531,1710338308.0,14.557555555555556,52.34883333333333
2235,125973532,1710335908.0,15.150277777777777,52.01002777777778
2236,125971621,1710348397.0,15.133214,52.581333
2237,125971551,1710335334.0,15.14563888888889,52.74469444444444
2238,125971644,1710349478.0,15.510694444444445,51.93783333333333
2239,125971608,1710342097.0,15.469444444444445,51.878194444444446
2240,125971514,1710319264.0,15.521055555555556,51.9425
2241,125975974,1710343800.0,15.508638888888889,51.86186111111111
2242,125971809,1710419071.0,15.568444444444445,52.44202777777778
2243,126007221,1710451200.0,15.492777777777778,51.92625
2244,125975876,1710449171.0,15.374777777777778,52.841055555555556
2245,125975792,1710434713.0,15.513694444444445,51.943888888888885
2246,125975332,1710407479.0,15.4905,51.96219444444444
2247,125984137,1710442800.0,15.595777777777778,51.89963888888889
2248,125975129,1710382836.0,15.161833333333334,51.589
2249,125975390,1710413142.0,15.57025,52.46175
2250,125971673,1710388400.0,15.6425,51.53475
2251,125971754,1710412376.0,15.549166666666666,51.5695
2252,126217301,1710417600.0,15.249722222222223,52.74377777777778
2253,125975314,1710407086.0,15.167833333333334,51.93366666666667
2254,125971760,1710414675.0,15.709444444444445,51.817166666666665
2255,125975269,1710400403.0,16.331423,51.812496
2256,125975521,1710424094.0,15.254694444444445,52.74725
2257,125975833,1710444637.0,15.544361111111112,52.231722222222224
2258,125975800,1710439785.0,15.24375,52.73291666666667
2259,125975775,1710438588.0,15.755,52.34275
2260,125982007,1710408600.0,15.495583333333334,51.95066666666666
2261,125975277,1710407115.0,15.575833333333334,52.447583333333334
2262,125975238,1710399108.0,14.565166666666666,52.34888888888889
2263,125978324,1710495420.0,14.595333333333333,52.33425
2264,125979201,1710524922.0,15.523305555555556,51.956833333333336
2265,125978825,1710542749.0,15.095888888888888,52.052055555555555
2266,125976079,1710492952.0,15.709666666666667,51.804944444444445
2267,125979115,1710509831.0,15.130777777777778,51.63161111111111
2268,125978570,1710507452.0,15.723944444444445,51.78091666666667
2269,126047240,1710507420.0,15.724,51.780944444444444
2270,125979103,1710498640.0,15.705666666666666,51.80244444444445
2271,125978721,1710522122.0,15.13563888888889,51.637277777777776
2272,125978349,1710499377.0,15.0155,51.74805555555555
2273,126142409,1710462420.0,15.50825,51.94144444444444
2274,125978706,1710523620.0,15.543444444444445,51.778
2275,125979135,1710514561.0,15.217638888888889,52.73630555555555
2276,125978647,1710519948.0,15.110305555555556,51.666222222222224
2277,125996436,1710501540.0,15.493388888888889,51.928583333333336
2278,125971971,1710486426.0,15.52661111111111,51.939305555555556
2279,125978238,1710503228.0,15.560888888888888,52.42319444444445
2280,125978471,1710513708.0,15.517194444444444,51.931583333333336
2281,125978708,1710527950.0,15.274916666666666,51.81341666666667
2282,125972018,1710496943.0,15.520472222222223,51.939527777777776
2283,125978536,1710517231.0,15.12975,52.78011111111111
2284,125978458,1710513263.0,15.558805555555555,51.924166666666665
2285,125978465,1710509452.0,15.497305555555556,52.592166666666664
2286,125978809,1710541680.0,15.537055555555556,52.554805555555554
2287,125978782,1710537931.0,15.274777777777778,51.734027777777776
2288,125978759,1710528630.0,15.52661111111111,51.939305555555556
2289,125978621,1710524279.0,15.4645,51.95922222222222
2290,125978359,1710507164.0,15.491972222222222,51.93961111111111
2291,125979212,1710535438.0,14.896472222222222,52.82438888888889
2292,126167093,1710520560.0,14.64,52.60722222222222
2293,126167347,1710503400.0,15.199583333333333,52.85483333333333
2294,125978484,1710514324.0,15.532805555555555,52.248
2295,125976030,1710488521.0,15.196277777777778,52.736
2296,125978200,1710499417.0,15.237222222222222,52.730694444444445
2297,126007388,1710518400.0,15.249305555555555,52.722611111111114
2298,125978354,1710505602.0,15.201472222222222,52.74066666666667
2299,126008392,1710502200.0,15.236916666666666,52.748555555555555
2300,125976042,1710488325.0,15.497722222222222,51.955416666666665
2301,125978589,1710515182.0,15.495055555555556,51.95236111111111
2302,125979107,1710510000.0,15.250222222222222,52.718111111111114
2303,125979328,1710595148.0,15.795277777777777,52.29
2304,125981184,1710587911.0,15.231166666666667,52.73425
2305,125996442,1710590400.0,15.553555555555555,51.92202777777778
2306,125978922,1710581060.0,15.113833333333334,51.6625
2307,125979043,1710563354.0,15.413666666666666,51.947916666666664
2308,125981151,1710598194.0,14.587694444444445,52.33819444444445
2309,125995408,1710579600.0,15.520527777777778,51.933083333333336
2310,125979100,1710592320.0,16.306638888888887,51.814527777777776
2311,125978986,1710584765.0,14.725361111111111,51.95408333333334
2312,125979258,1710577358.0,14.556805555555556,52.34952777777778
2313,125981124,1710595079.0,15.706333333333333,51.810583333333334
2314,125979356,1710591000.0,15.512694444444444,51.94375
2315,125979342,1710586039.0,15.263111111111112,51.84827777777778
2316,125984959,1710580500.0,15.493583333333333,51.962916666666665
2317,125985194,1710584100.0,15.320416666666667,51.61430555555555
2318,125978973,1710585307.0,15.285972222222222,51.62697222222222
2319,125979050,1710588781.0,15.55561111111111,52.44108333333333
2320,125981170,1710586120.0,15.487333333333334,51.97730555555555
2321,125979088,1710590543.0,15.254833333333334,52.71530555555555
2322,125981261,1710594951.0,15.22336111111111,52.73094444444445
2323,125978859,1710572748.0,15.243638888888889,52.733111111111114
2324,126217314,1710597600.0,15.264611111111112,52.75452777777778
2325,126007373,1710568800.0,15.217916666666667,52.743916666666664
2326,125978832,1710544722.0,14.800661,52.307072
2327,126167227,1710600420.0,14.64625,52.58380555555556
2328,125979283,1710585241.0,15.234333333333334,52.69927777777778
2329,125981615,1710671795.0,15.241333333333333,52.7285
2330,125979519,1710702060.0,16.069305555555555,51.959805555555555
2331,125981506,1710646282.0,14.731944444444444,51.94863888888889
2332,125981872,1710716163.0,15.534,52.26433333333333
2333,126027565,1710658800.0,15.306722222222222,51.61575
2334,125981690,1710685081.0,14.835972222222223,51.632666666666665
2335,125979430,1710645667.0,15.249333333333333,52.64813888888889
2336,125981487,1710637116.0,15.626,51.92666666666667
2337,125981597,1710664863.0,15.498166666666666,51.95319444444444
2338,125981672,1710684383.0,15.167777777777777,51.64508333333333
2339,125979455,1710674631.0,14.883305555555555,52.33438888888889
2340,125981851,1710708000.0,15.614055555555556,52.06327777777778
2341,125981464,1710632418.0,15.521833333333333,51.89047222222222
2342,125981828,1710706926.0,15.583361111111111,52.441944444444445
2343,125979440,1710659181.0,15.154444444444444,52.742805555555556
2344,126240275,1710698400.0,15.257194444444444,52.75855555555555
2345,125981946,1710737449.0,14.81638888888889,51.56205555555555
2346,125979684,1710750857.0,15.626805555555556,52.08247222222222
2347,125982022,1710741763.0,15.431166666666666,52.013194444444444
2348,126013680,1710788400.0,15.254111111111111,52.76283333333333
2349,125989714,1710762660.0,15.503472222222221,51.957388888888886
2350,125984288,1710755390.0,14.795388888888889,52.19397222222222
2351,125984643,1710781784.0,15.419583333333334,52.00513888888889
2352,125979662,1710761229.0,15.513083333333334,51.93994444444444
2353,125979610,1710745822.0,15.518472222222222,51.939527777777776
2354,126047245,1710779400.0,15.675083333333333,51.83986111111111
2355,126079112,1710742380.0,15.643722222222221,52.088388888888886
2356,125984405,1710770434.0,14.763027777777777,51.66755555555555
2357,125984565,1710780695.0,15.821527777777778,52.3785
2358,125992050,1710780000.0,15.80486111111111,52.97847222222222
2359,125984927,1710755400.0,15.657166666666667,52.744083333333336
2360,125984462,1710774132.0,14.72975,51.541916666666665
2361,125985199,1710771300.0,15.151194444444444,51.50066666666667
2362,125979708,1710768759.0,14.761472222222222,52.542833333333334
2363,125979552,1710720088.0,15.694138888888888,51.805194444444446
2364,125984558,1710779940.0,15.579027777777778,52.44713888888889
2365,125984243,1710759945.0,15.487916666666667,52.55538888888889
2366,125981968,1710745888.0,15.521916666666666,52.25372222222222
2367,125984318,1710758036.0,15.543555555555555,51.567
2368,125984620,1710783002.0,15.686972222222222,52.80963888888889
2369,125979753,1710778356.0,15.5775,52.13477777777778
2370,126167369,1710775800.0,15.038361111111112,52.850972222222225
2371,126805575,1710763200.0,15.252583333333334,52.65575
2372,125984214,1710759512.0,14.790611111111112,51.7875
2373,125981936,1710742982.0,15.494805555555555,51.92852777777778
2374,125986257,1710856243.0,15.267722222222222,52.75713888888889
2375,125986399,1710861538.0,15.142666666666667,51.62877777777778
2376,125984745,1710825566.0,15.123666666666667,51.65413888888889
2377,125986402,1710858188.0,15.072944444444444,52.68752777777778
2378,125986595,1710863762.0,15.244472222222223,52.745555555555555
2379,125986167,1710855431.0,15.229583333333334,52.743916666666664
2380,125986142,1710853200.0,14.797583333333334,52.19116666666667
2381,125986315,1710857443.0,15.23938888888889,52.72972222222222
2382,125989717,1710857100.0,15.52663888888889,51.938027777777776
2383,125989213,1710866400.0,15.119527777777778,51.63641666666667
2384,125989208,1710864900.0,15.115333333333334,51.64263888888889
2385,125991339,1710867600.0,15.711,52.75772222222222
2386,125986224,1710854936.0,15.583027777777778,52.441472222222224
2387,125988490,1710861600.0,15.711944444444445,51.801944444444445
2388,125984917,1710837600.0,15.615777777777778,52.06744444444445
2389,126247482,1710824220.0,15.199916666666667,52.73927777777778
2390,126179173,1710882000.0,15.680805555555555,51.78497222222222
2391,125979887,1710832216.0,15.488666666666667,51.93125
2392,125986449,1710861804.0,15.492972222222223,51.95119444444445
2393,125984972,1710836394.0,15.583833333333333,51.92988888888889
2394,125986211,1710854220.0,15.46636111111111,51.959694444444445
2395,125984934,1710840097.0,15.236888888888888,52.73383333333334
2396,125986300,1710854581.0,15.465916666666667,51.95975
2397,125986405,1710855207.0,15.492722222222222,51.92733333333334
2398,125986251,1710854981.0,15.505583333333334,51.90841666666667
2399,125989654,1710852600.0,14.97075,51.78572222222222
2400,125986652,1710867480.0,15.550611111111111,51.95525
2401,125985045,1710844137.0,16.314993,51.798351
2402,125986112,1710843220.0,15.81263888888889,52.27352777777778
2403,125986366,1710854883.0,15.508111111111111,51.919222222222224
2404,125984788,1710830257.0,15.128903,52.582732
2405,125984958,1710841634.0,14.6385,52.60333333333333
2406,125986612,1710870403.0,14.569027777777778,52.34777777777778
2407,125986183,1710847562.0,15.098694444444444,51.60369444444444
2408,125984894,1710833651.0,15.528888888888888,51.93022222222222
2409,125979843,1710831612.0,15.304694444444445,51.61291666666666
2410,125986441,1710830260.0,15.473941,52.053921
2411,125986475,1710870068.0,14.7205,51.961527777777775
2412,125979902,1710839400.0,15.449666666666667,51.55572222222222
2413,125985008,1710841409.0,15.200861111111111,52.73711111111111
2414,125984903,1710834895.0,15.589833333333333,51.74402777777778
2415,125986528,1710872307.0,15.720722222222221,51.78933333333333
2416,125986202,1710853931.0,15.206277777777778,51.93822222222222
2417,125988661,1710945205.0,15.24175,52.72830555555556
2418,125986701,1710910293.0,15.07163888888889,52.68913888888889
2419,125988368,1710925005.0,15.501111111111111,51.93297222222222
2420,125986691,1710907920.0,14.989944444444445,51.73119444444445
2421,125988469,1710935228.0,14.861361111111112,52.33888888888889
2422,125988236,1710917795.0,15.333222222222222,51.62302777777778
2423,125988609,1710928489.0,14.798972222222222,52.193888888888885
2424,125988994,1710959220.0,15.07911111111111,52.05594444444444
2425,125989097,1710974265.0,14.725416666666666,52.25575
2426,125988671,1710943534.0,15.200416666666667,51.50244444444444
2427,125988279,1710918821.0,15.108444444444444,51.65241666666667
2428,125988851,1710943789.0,14.728666666666667,51.95030555555556
2429,125989339,1710917400.0,14.808055555555555,51.66138888888889
2430,125986696,1710910021.0,15.628361111111111,52.44572222222222
2431,125988619,1710940289.0,15.478777777777777,51.93738888888889
2432,125988700,1710940318.0,16.07138888888889,51.88005555555556
2433,125998676,1710967800.0,15.60436111111111,52.08394444444444
2434,125988591,1710941302.0,15.729583333333334,51.752833333333335
2435,125988954,1710952095.0,15.515611111111111,51.94444444444444
2436,125989006,1710959292.0,15.26475,51.773916666666665
2437,125988968,1710950510.0,15.5265,52.24633333333333
2438,125986712,1710912682.0,14.636194444444445,52.35225
2439,125988722,1710945604.0,16.310066,51.813919
2440,125988740,1710948502.0,15.136562,52.443726
2441,125988112,1710916380.0,14.63625,52.35227777777778
2442,125988501,1710937140.0,15.250833333333333,52.718222222222224
2443,125988871,1710952560.0,15.665027777777778,52.85297222222222
2444,125988454,1710935036.0,14.639444444444445,52.57983333333333
2445,125989472,1711036380.0,14.954151,52.320975
2446,125989455,1711031281.0,15.01511111111111,51.743
2447,125991783,1711035709.0,15.492305555555555,51.943083333333334
2448,125991145,1710998968.0,15.119388888888889,52.45788888888889
2449,125991472,1711001559.0,15.496888888888888,51.93575
2450,125989574,1711052798.0,15.514166666666666,51.93622222222222
2451,126007580,1711001400.0,15.232027777777779,52.69841666666667
2452,126246030,1711000800.0,15.237805555555555,52.75205555555556
2453,126079105,1711008900.0,15.626444444444445,52.08563888888889
2454,126167081,1711032300.0,15.135833333333334,52.78055555555556
2455,125995320,1711008000.0,15.486527777777777,51.932833333333335
2456,126000718,1711045020.0,15.480833333333333,51.92936111111111
2457,125991600,1711004567.0,14.564777777777778,52.37947222222222
2458,125989534,1711042646.0,15.401083333333334,52.82069444444444
2459,125993367,1711028160.0,15.081527777777778,52.06055555555555
2460,125991620,1711014475.0,14.640777777777778,52.57630555555556
2461,125991718,1711033020.0,15.53963888888889,52.249
2462,125991878,1711038495.0,15.246333333333334,52.76241666666667
2463,125991732,1711026835.0,15.113527777777778,52.05575
2464,125989296,1711014349.0,15.234305555555556,52.74497222222222
2465,125989471,1711035831.0,15.721222222222222,51.80283333333333
2466,125991539,1711019241.0,15.727,51.771166666666666
2467,125989750,1710999600.0,15.6035,52.016444444444446
2468,125989093,1710976260.0,15.6175,52.06438888888889
2469,125989568,1711034638.0,14.826777777777778,52.34938888888889
2470,125991394,1711002012.0,15.508055555555556,51.93636111111111
2471,125989357,1711022802.0,15.23025,52.738305555555556
2472,125989573,1711056667.0,15.525423,52.24633
2473,125991687,1711025101.0,15.345138888888888,51.903777777777776
2474,126013857,1711036200.0,15.277305555555555,51.72691666666667
2475,125989554,1711049000.0,15.569583333333334,52.462833333333336
2476,125996448,1711033200.0,15.50675,51.939083333333336
2477,125993956,1711145726.0,15.576972222222222,52.445277777777775
2478,125993734,1711104811.0,15.522944444444445,51.958666666666666
2479,125993866,1711131407.0,15.218277777777777,52.73191666666666
2480,125993236,1711096860.0,15.482888888888889,51.939166666666665
2481,125993519,1711114238.0,14.567277777777777,52.35338888888889
2482,125993825,1711130727.0,15.216083333333334,52.743944444444445
2483,125993597,1711118076.0,15.599944444444445,52.44461111111111
2484,125993864,1711132680.0,14.654361111111111,52.59275
2485,126027560,1711119600.0,15.605,51.52963888888889
2486,125989844,1711116889.0,14.588888888888889,52.33975
2487,125993886,1711133948.0,15.81925,51.86025
2488,125993827,1711133198.0,15.84136111111111,51.72102777777778
2489,125993738,1711128348.0,15.56375,52.80652777777778
2490,125993565,1711118092.0,14.716833333333334,51.95769444444444
2491,126007579,1711103400.0,15.23713888888889,52.73141666666667
2492,125993232,1711098613.0,15.699833333333334,51.80138888888889
2493,125993527,1711086709.0,15.555250000000001,52.22475
2494,125993532,1711115910.0,14.675583333333334,52.61044444444445
2495,125993503,1711111601.0,15.267111111111111,52.75622222222222
2496,125998679,1711093200.0,15.624277777777777,52.037416666666665
2497,125992018,1711069910.0,15.361583333333334,52.311972222222224
2498,125993516,1711113660.0,16.309444444444445,51.76591666666667
2499,125993382,1711107242.0,15.283194444444444,52.76808333333334
2500,125989780,1711107217.0,14.965861111111112,51.785916666666665
2501,125993154,1711093557.0,15.252444444444444,52.734027777777776
2502,125993664,1711117638.0,15.1817,52.447475
2503,125989920,1711147605.0,16.315113,51.801388
2504,125993667,1711121192.0,16.12179,51.846558
2505,125989860,1711128180.0,15.181858,52.447453
2506,125993735,1711129140.0,15.181786,52.447464
2507,125993402,1711107695.0,15.142277777777778,51.63719444444445
2508,125996204,1711080600.0,15.399666666666667,51.533833333333334
2509,126016438,1711098600.0,15.143333333333333,52.755833333333335
2510,125993274,1711096847.0,15.54936111111111,51.57069444444444
2511,125992085,1711090247.0,15.265972222222222,52.76208333333334
2512,125989830,1711113303.0,15.195416666666667,51.638555555555556
2513,125993552,1711113342.0,15.219472222222223,52.74816666666667
2514,125993910,1711138459.0,15.523527777777778,51.957166666666666
2515,125993845,1711130405.0,15.193,51.49941666666667
2516,125993943,1711134045.0,15.221166666666667,52.73147222222222
2517,125993903,1711132829.0,15.241944444444444,51.632083333333334
2518,125994366,1711205024.0,15.369916666666667,51.874694444444444
2519,125994197,1711186995.0,15.453888888888889,51.96561111111111
2520,125994319,1711199760.0,15.2355,52.76125
2521,125994416,1711197680.0,15.510416666666666,51.934444444444445
2522,125994205,1711189969.0,15.598777777777778,51.732166666666664
2523,126007593,1711180800.0,15.247361111111111,52.749027777777776
2524,125995120,1711216378.0,15.510638888888888,51.93461111111111
2525,125994137,1711186439.0,15.502444444444444,52.60055555555556
2526,125994326,1711203207.0,15.703527777777778,51.80408333333333
2527,125990094,1711205980.0,14.844027777777779,52.178805555555556
2528,125994375,1711200110.0,15.255611111111111,52.73719444444444
2529,125995380,1711149600.0,14.650277777777777,52.324777777777776
2530,125994227,1711191621.0,14.635805555555555,52.35202777777778
2531,125994356,1711205460.0,15.102194444444445,52.053333333333335
2532,125989987,1711187285.0,15.098023,52.335907
2533,126224829,1711190400.0,15.409138888888888,52.738166666666665
2534,125994100,1711186133.0,15.252638888888889,52.08413888888889
2535,125994382,1711207861.0,15.200504,52.304654
2536,125994580,1711222021.0,16.11254,51.802075
2537,125994452,1711215462.0,16.343874,51.79241
2538,125994443,1711206884.0,16.340334,51.794331
2539,125990042,1711194600.0,15.507,51.93597222222222
2540,125994476,1711214490.0,16.059929,51.934319
2541,126724126,1711191000.0,15.624333333333333,52.08375
2542,125994171,1711185434.0,15.563772,52.251932
2543,125989974,1711187760.0,15.533694444444444,52.262
2544,125990080,1711205708.0,15.815222222222221,52.272555555555556
2545,125989927,1711152159.0,15.05525,52.838027777777775
2546,126168537,1711162800.0,15.03063888888889,52.82561111111111
2547,126010450,1711173600.0,15.237833333333333,52.756194444444446
2548,125994354,1711195190.0,15.591611111111112,51.93577777777778
2549,125994489,1711203894.0,15.738138888888889,51.80119444444445
2550,126007403,1711211400.0,15.275444444444444,52.74275
2551,125990069,1711203642.0,15.449972222222222,51.591
2552,125994175,1711192122.0,15.53963888888889,51.56552777777778
2553,125994275,1711199748.0,15.218055555555555,52.732083333333335
2554,125994136,1711186828.0,15.534333333333333,52.26577777777778
2555,125995197,1711277096.0,15.12588888888889,51.62730555555556
2556,125994808,1711268184.0,15.088694444444444,51.80352777777778
2557,125994855,1711281250.0,15.725305555555556,52.41902777777778
2558,125995015,1711295490.0,14.646305555555555,52.58416666666667
2559,125995270,1711305560.0,15.077222222222222,52.76058333333334
2560,125992190,1711306204.0,14.562222222222221,52.34880555555556
2561,125994958,1711295127.0,15.568916666666667,52.43861111111111
2562,125995008,1711302019.0,15.471027777777778,52.42375
2563,125992200,1711305233.0,15.598027777777778,52.48233333333334
2564,125992126,1711297426.0,15.004033,52.582928
2565,125995157,1711235429.0,15.407081,52.257979
2566,125994858,1711284624.0,15.154409,52.446215
2567,125993002,1711280940.0,14.882194444444444,51.69161111111111
2568,125995372,1711236900.0,14.775527777777778,52.20883333333333
2569,125994864,1711287300.0,15.532972222222222,52.26152777777778
2570,125994704,1711247157.0,15.523888888888889,52.25991666666667
2571,125994918,1711291927.0,15.290472222222222,52.75955555555556
2572,125994721,1711256899.0,15.536138888888889,52.23502777777778
2573,126180467,1711274400.0,15.614055555555556,52.032333333333334
2574,125994711,1711250554.0,14.9965,52.10375
2575,125996091,1711305600.0,15.736722222222221,51.797805555555556
2576,125992237,1711314603.0,15.548527777777778,52.51552777777778
2577,125992444,1711361723.0,15.109777777777778,51.61958333333333
2578,125995691,1711390741.0,15.311722222222222,51.62991666666667
2579,125992267,1711341701.0,15.50275,52.59886111111111
2580,125992408,1711349135.0,15.498277777777778,52.59455555555556
2581,125995379,1711355665.0,16.121958,51.846596
2582,126007598,1711364400.0,15.233055555555556,52.737027777777776
2583,126018209,1711321200.0,15.439638888888888,51.94719444444444
2584,126007409,1711362600.0,15.161194444444444,52.744
2585,125996174,1711365062.0,15.446833333333334,52.42063888888889
2586,125992257,1711332555.0,15.306044,52.298161
2587,125996382,1711405633.0,15.521667,52.243094
2588,125995544,1711373400.0,16.313388888888888,51.808083333333336
2589,125995753,1711395804.0,15.522527777777778,52.24358333333333
2590,126201432,1711395000.0,15.240833333333333,52.72869444444444
2591,125995324,1711351450.0,15.559527777777777,52.42177777777778
2592,125992755,1711394124.0,16.069501,51.879186
2593,125996274,1711350504.0,14.738027777777777,51.945972222222224
2594,125996373,1711395853.0,14.646138888888888,52.58408333333333
2595,125992462,1711360541.0,14.722833333333334,51.95055555555555
2596,125996365,1711397772.0,15.562694444444444,52.42516666666667
2597,125996193,1711359524.0,15.716083333333334,51.80577777777778
2598,125995573,1711370056.0,15.773555555555555,51.79022222222222
2599,125995575,1711375510.0,15.248527777777777,51.63133333333333
2600,125996295,1711378127.0,15.50825,51.94638888888889
2601,125996156,1711364380.0,15.515555555555556,51.93636111111111
2602,125992674,1711377882.0,15.227388888888889,52.74338888888889
2603,125992477,1711364573.0,15.0735,52.32469444444445
2604,125996309,1711380314.0,15.409083333333333,51.980333333333334
2605,125995557,1711374403.0,15.476222222222223,51.93597222222222
2606,125999169,1711359900.0,15.238333333333333,52.47725
2607,125995800,1711430550.0,15.40525,52.31930555555556
2608,125992822,1711433220.0,14.673027777777778,52.32494444444445
2609,125996631,1711453951.0,15.515611111111111,51.92691666666666
2610,125992970,1711453184.0,15.124166666666667,51.63363888888889
2611,126152341,1711425600.0,15.863027777777777,52.070861111111114
2612,126152344,1711443600.0,15.512055555555555,51.93494444444445
2613,126082103,1711448940.0,15.626333333333333,52.085027777777775
2614,126246039,1711442400.0,15.256333333333334,52.73730555555556
2615,125996061,1711447709.0,15.103805555555555,52.05455555555555
2616,125993023,1711451867.0,14.88775,52.33166666666666
2617,125996009,1711440033.0,15.550166666666666,51.57311111111111
2618,125998578,1711460400.0,15.476777777777778,51.93611111111111
2619,126217319,1711476720.0,15.243166666666667,52.7345
2620,125992882,1711436765.0,15.5135,52.25083333333333
2621,125996883,1711471988.0,15.486472222222222,51.93947222222222
2622,125993095,1711471367.0,15.700777777777779,51.73225
2623,125996747,1711456653.0,15.527722222222222,51.961416666666665
2624,125996725,1711463325.0,15.5295,52.87686111111111
2625,125997136,1711462438.0,15.547666666666666,52.85027777777778
2626,125998575,1711433100.0,15.483222222222222,51.937416666666664
2627,125995881,1711439554.0,15.241444444444445,52.73327777777778
2628,125996584,1711451755.0,15.234861111111112,52.733111111111114
2629,125996551,1711438623.0,15.229,51.79833333333333
2630,125997245,1711469078.0,15.15338888888889,52.00983333333333
2631,125998686,1711443600.0,15.523861111111112,51.958555555555556
2632,125996471,1711433381.0,15.519527777777778,51.95908333333333
2633,125998690,1711443600.0,15.53075,51.92952777777778
2634,125996402,1711430039.0,15.126861111111111,52.75238888888889
2635,125992816,1711435902.0,15.287555555555556,52.77119444444445
2636,125996035,1711446734.0,14.727055555555555,51.95280555555556
2637,125996043,1711450678.0,15.2555,52.73405555555556
2638,125998128,1711474874.0,15.833583333333333,52.16583333333333
2639,126000221,1711457400.0,14.991277777777778,51.77583333333333
2640,125995784,1711430760.0,15.805194444444444,52.3195
2641,125996858,1711454461.0,15.31263888888889,51.621944444444445
2642,125993096,1711469075.0,15.615694444444445,52.062194444444444
2643,125996051,1711450135.0,15.815555555555555,52.24663888888889
2644,125992905,1711447483.0,14.886027777777779,52.332
2645,125996698,1711460679.0,15.577972222222222,52.458
2646,125997209,1711467000.0,15.443,51.9455
2647,125998505,1711564642.0,15.512972222222222,51.957055555555556
2648,125999398,1711570949.0,14.80475,52.19305555555555
2649,126007394,1711546200.0,15.532916666666667,51.56463888888889
2650,126007391,1711543200.0,15.636555555555555,51.59763888888889
2651,125997883,1711569671.0,15.471583333333333,51.939277777777775
2652,125999234,1711544119.0,15.495944444444444,51.958
2653,125998356,1711536339.0,15.741888888888889,52.32183333333333
2654,125997022,1711518677.0,15.009694444444444,51.7515
2655,126007956,1711569600.0,15.24625,52.74019444444444
2656,126007633,1711555800.0,15.67175,52.173138888888886
2657,125997462,1711533498.0,15.20886111111111,52.73433333333333
2658,125997631,1711542739.0,15.255416666666667,52.734
2659,126007114,1711548420.0,15.505972222222223,51.93716666666667
2660,126023730,1711526100.0,14.978083333333334,52.113083333333336
2661,126007115,1711533600.0,15.51225,51.945
2662,125999332,1711556006.0,15.563916666666668,52.442166666666665
2663,125997740,1711556155.0,14.655333333333333,52.60066666666667
2664,125997939,1711579307.0,15.506476,52.124081
2665,125997018,1711520740.0,15.00925,51.51683333333333
2666,125998381,1711543096.0,15.390916666666667,52.436972222222224
2667,125999294,1711549584.0,15.634472222222222,52.55255555555556
2668,125997777,1711556567.0,15.577361111111111,52.443194444444444
2669,125996989,1711518882.0,15.523944444444444,52.246694444444444
2670,126176461,1711551600.0,15.479416666666667,51.937583333333336
2671,126168588,1711533600.0,14.650916666666667,52.5895
2672,126836374,1711508400.0,15.625,52.08513888888889
2673,125997376,1711529258.0,15.532166666666667,51.929
2674,125999218,1711544640.0,15.066472222222222,51.8055
2675,125999711,1711540500.0,15.310916666666667,51.618833333333335
2676,125997583,1711540264.0,15.478555555555555,51.93075
2677,125998300,1711535637.0,15.499055555555556,51.94461111111111
2678,126013647,1711518000.0,14.871444444444444,52.74236111111111
2679,125999219,1711541487.0,15.857277777777778,52.07088888888889
2680,125997579,1711540647.0,15.235555555555555,52.731
2681,125999116,1711531955.0,15.551555555555556,52.3235
2682,125997772,1711553916.0,15.515583333333334,51.94683333333333
2683,125998717,1711615980.0,15.13413888888889,51.63747222222222
2684,126005051,1711614300.0,15.522777777777778,51.94086111111111
2685,126000303,1711632977.0,15.246,52.74894444444445
2686,126000500,1711634400.0,15.556444444444445,51.938583333333334
2687,126000256,1711628460.0,15.685305555555555,51.80255555555556
2688,126028054,1711650600.0,16.011416666666666,51.9445
2689,126238881,1711656600.0,15.617888888888888,52.07955555555556
2690,125998650,1711606762.0,15.247638888888888,51.631027777777774
2691,126005058,1711627200.0,15.514194444444444,51.94011111111111
2692,126007551,1711609200.0,15.722722222222222,51.80675
2693,126007118,1711619100.0,15.522444444444444,51.95638888888889
2694,125998621,1711611598.0,14.677055555555556,52.60991666666666
2695,125999442,1711612080.0,15.774222222222223,51.67836111111111
2696,125999455,1711612815.0,16.318416666666668,51.805638888888886
2697,126000184,1711624667.0,15.583444444444444,52.44866666666667
2698,126007122,1711630800.0,15.503944444444445,51.93861111111111
2699,126000169,1711621817.0,15.07611111111111,52.690333333333335
2700,126165954,1711638000.0,15.068527777777778,52.82805555555556
2701,126222238,1711636200.0,15.226277777777778,52.73119444444445
2702,126217361,1711602000.0,15.231972222222222,52.755361111111114
2703,126007125,1711638300.0,15.514111111111111,51.94502777777778
2704,126217419,1711654200.0,15.2505,52.71963888888889
2705,126000365,1711635614.0,15.512305555555555,51.94175
2706,125998875,1711660800.0,15.50025,51.93852777777778
2707,126000691,1711662004.0,15.216114,52.303921
2708,125999605,1711642443.0,15.112555555555556,52.44577777777778
2709,125999614,1711635509.0,15.595833333333333,52.45388888888889
2710,125997946,1711586748.0,14.67675,52.48555555555556
2711,125999531,1711627734.0,14.798722222222223,52.19411111111111
2712,125999585,1711632021.0,15.277444444444445,51.62697222222222
2713,125998563,1711606556.0,15.963416666666667,52.90152777777778
2714,125998063,1711614631.0,15.561638888888888,51.92344444444444
2715,125999456,1711615106.0,15.123666666666667,51.65413888888889
2716,125999460,1711618323.0,15.536111111111111,52.24638888888889
2717,126000157,1711621725.0,15.831666666666667,52.80286111111111
2718,126000477,1711643921.0,15.618583333333333,52.06055555555555
2719,125999424,1711606563.0,15.502416666666667,51.945277777777775
2720,125999413,1711604446.0,15.487222222222222,51.977777777777774
2721,126000584,1711650869.0,14.681527777777777,52.60425
2722,126000104,1711619652.0,15.323666666666666,51.617583333333336
2723,126000599,1711653908.0,15.13813888888889,51.63480555555556
2724,125999987,1711734300.0,15.496694444444444,51.93577777777778
2725,126002110,1711734738.0,15.961611111111111,52.87663888888889
2726,126001166,1711716063.0,15.86111111111111,52.071
2727,126000805,1711701689.0,15.572583333333334,52.44272222222222
2728,126001041,1711717200.0,15.49463888888889,51.961527777777775
2729,126000726,1711688881.0,15.246638888888889,52.76141666666667
2730,125999087,1711709970.0,14.727194444444445,51.94711111111111
2731,126000031,1711748580.0,15.516305555555556,51.93105555555555
2732,125999974,1711730577.0,14.970222222222223,51.785
2733,126001244,1711715322.0,15.245527777777777,52.72533333333333
2734,126003868,1711695600.0,15.69111111111111,51.80730555555556
2735,126217304,1711701000.0,15.244444444444444,52.74561111111111
2736,126007184,1711706700.0,15.62813888888889,52.018
2737,126217324,1711710000.0,15.25286111111111,52.75633333333333
2738,126001188,1711713538.0,15.241138888888889,52.72858333333333
2739,126000797,1711700206.0,15.709166666666667,51.812
2740,125999848,1711713841.0,15.460944444444445,52.25380555555556
2741,126001424,1711747881.0,15.909555555555556,51.935472222222224
2742,126001107,1711709482.0,15.157944444444444,52.745333333333335
2743,126000717,1711692945.0,15.12961,52.442605
2744,126013658,1711724700.0,15.529,52.870333333333335
2745,126006475,1711724400.0,15.529,52.870333333333335
2746,125999852,1711715213.0,14.641166666666667,52.58061111111111
2747,126000855,1711700030.0,16.328375,51.806618
2748,125999968,1711728176.0,15.261222222222223,52.28369444444444
2749,126001254,1711718016.0,15.265027777777778,52.754805555555556
2750,125999039,1711710684.0,15.253222222222222,52.73711111111111
2751,126000937,1711694134.0,15.21475,51.77916666666667
2752,126000990,1711713300.0,15.453388888888888,51.96575
2753,125999082,1711711560.0,15.098138888888888,51.63144444444445
2754,126001057,1711727876.0,15.586944444444445,52.443333333333335
2755,125999854,1711714284.0,15.5845,52.437694444444446
2756,126000919,1711707444.0,15.422555555555556,51.64888888888889
2757,125999865,1711714633.0,15.533583333333333,52.367555555555555
2758,126000929,1711712735.0,14.651361111111111,52.58552777777778
2759,125999834,1711712485.0,15.190886,52.581818
2760,125999028,1711709410.0,15.52575,52.25811111111111
2761,126001077,1711730311.0,15.249833333333333,52.722027777777775
2762,126000736,1711694340.0,15.24538888888889,52.436055555555555
2763,126000662,1711667651.0,14.882361111111111,52.67166666666667
2764,126001366,1711735006.0,15.53561111111111,52.52883333333333
2765,126001373,1711734391.0,15.493472222222222,51.962666666666664
2766,125999024,1711704429.0,15.745694444444444,52.30175
2767,125999073,1711707958.0,15.520166666666666,51.94233333333333
2768,126001797,1711802952.0,15.824194444444444,51.72972222222222
2769,126001862,1711804560.0,16.319194444444445,51.806472222222226
2770,126002003,1711816897.0,14.938722222222221,51.48005555555556
2771,126006210,1711809000.0,15.613944444444444,52.02763888888889
2772,126001481,1711777809.0,15.607138888888889,51.70322222222222
2773,126180316,1711796400.0,15.048111111111112,52.84136111111111
2774,126002062,1711811306.0,15.466166666666666,51.940916666666666
2775,126001654,1711792865.0,14.980722222222223,51.78077777777778
2776,126001778,1711802451.0,15.003333333333334,51.735083333333336
2777,126002098,1711825423.0,14.824861111111112,51.83013888888889
2778,126001900,1711799400.0,15.253638888888888,52.730444444444444
2779,126002096,1711829090.0,15.73975,51.67977777777778
2780,126001961,1711810136.0,15.029638888888888,51.75825
2781,126167903,1711800120.0,14.658333333333333,52.58972222222222
2782,126165997,1711799400.0,15.076055555555556,52.821222222222225
2783,126002041,1711809506.0,15.155833333333334,52.74594444444445
2784,126006194,1711810800.0,15.74161111111111,52.195194444444446
2785,126008844,1711810800.0,15.618416666666667,52.05961111111111
2786,126003211,1711816148.0,15.830166666666667,52.18811111111111
2787,126001760,1711799416.0,16.319972222222223,51.80619444444444
2788,126001746,1711800452.0,14.820472222222222,51.85886111111111
2789,126001919,1711802817.0,14.568944444444444,52.35966666666667
2790,126001707,1711797197.0,14.561583333333333,52.354
2791,126001765,1711799255.0,15.515166666666667,51.92802777777778
2792,126001546,1711789275.0,15.195027777777778,52.738416666666666
2793,126001927,1711805804.0,15.402111111111111,52.14502777777778
2794,126002066,1711803604.0,15.307305555555555,51.6175
2795,126001799,1711803647.0,15.496027777777778,51.96175
2796,126004460,1711914533.0,14.988194444444444,51.51716666666667
2797,126004170,1711868651.0,15.583694444444445,52.43944444444445
2798,126004380,1711902010.0,15.65275,52.52961111111111
2799,126030178,1711920900.0,15.9335,51.76969444444445
2800,126004212,1711879227.0,15.216111111111111,52.736472222222226
2801,126004465,1711914337.0,16.311093,51.807319
2802,126004218,1711880442.0,15.06761111111111,52.0665
2803,126004485,1711909276.0,14.6365,52.541916666666665
2804,126004300,1711894007.0,15.702361111111111,51.802194444444446
2805,126004371,1711904783.0,15.44286111111111,52.366416666666666
2806,126004438,1711909241.0,15.475527777777778,51.93633333333333
2807,126004347,1711898100.0,15.496444444444444,51.93313888888889
2808,126004156,1711859074.0,15.807916666666667,52.24633333333333
2809,126004446,1711909260.0,15.47561111111111,51.93633333333333
2810,126003300,1711905953.0,15.254722222222222,51.988416666666666
2811,126003312,1711913874.0,14.650805555555555,52.58561111111111
2812,126004882,1711999924.0,15.789972222222222,52.37675
2813,126004822,1711994195.0,15.210222222222223,52.79036111111111
2814,126004501,1711931737.0,15.730944444444445,51.69530555555556
2815,126003338,1711960661.0,15.219138888888889,52.74086111111111
2816,126217289,1711994400.0,15.233361111111112,52.71802777777778
2817,126004678,1711981767.0,15.003944444444445,52.67219444444444
2818,126004805,1711986857.0,14.663361111111112,52.594027777777775
2819,126004783,1711987194.0,14.559333333333333,52.35486111111111
2820,126004916,1712005072.0,15.247333333333334,52.75502777777778
2821,126003381,1711976831.0,14.77738888888889,51.668527777777776
2822,126003330,1711950114.0,16.103666,51.786297
2823,126004535,1711959632.0,14.723583333333334,51.95605555555556
2824,126004760,1711988198.0,15.097055555555556,51.67055555555555
2825,126004509,1711940578.0,15.670805555555555,52.31741666666667
2826,126004787,1711989010.0,15.520555555555555,51.95294444444444
2827,126004948,1711999969.0,15.833833333333333,52.84677777777778
2828,126006540,1712063396.0,15.527833333333334,52.24433333333333
2829,126006802,1712078641.0,15.151166666666667,52.711777777777776
2830,126004950,1712014200.0,15.53175,51.94916666666667
2831,126005063,1712041221.0,15.241055555555555,52.7285
2832,126007441,1712055000.0,15.495166666666666,51.94402777777778
2833,126003679,1712069639.0,15.21963888888889,52.73861111111111
2834,126006441,1712051700.0,15.544055555555556,51.9385
2835,126006663,1712063100.0,15.503277777777777,51.93938888888889
2836,126006717,1712063036.0,14.662611111111111,52.323972222222224
2837,126003884,1712080800.0,15.709305555555556,51.808638888888886
2838,126226350,1712043600.0,15.524555555555555,52.87936111111111
2839,126006714,1712068458.0,15.29038888888889,52.77316666666667
2840,126003695,1712074201.0,15.098722222222221,52.696444444444445
2841,126007446,1712082000.0,15.504388888888888,51.93561111111111
2842,126008812,1712051400.0,15.506916666666667,51.92922222222222
2843,126006704,1712068380.0,16.255457,51.770992
2844,126186224,1712041200.0,15.309777777777779,52.672222222222224
2845,126017141,1712046120.0,15.779194444444444,51.991194444444446
2846,126006902,1712089542.0,15.136472222222222,51.63686111111111
2847,126003632,1712061300.0,15.495694444444444,51.96125
2848,126006320,1712045015.0,15.217611111111111,51.63388888888889
2849,126006698,1712065681.0,15.46486111111111,52.644194444444445
2850,126006860,1712084305.0,15.635222222222222,51.73538888888889
2851,126006766,1712067300.0,15.51136111111111,51.928
2852,126006289,1712044800.0,15.481916666666667,51.93694444444444
2853,126006804,1712077229.0,14.61486111111111,52.32527777777778
2854,126003708,1712083509.0,15.693805555555555,51.813694444444444
2855,126006541,1712061343.0,16.275543,51.772064
2856,126003611,1712056464.0,15.201166666666667,52.738055555555555
2857,126003657,1712066681.0,15.237722222222223,52.731972222222225
2858,126006572,1712063275.0,14.559388888888888,52.35175
2859,126006775,1712069219.0,14.607944444444444,52.32838888888889
2860,126006732,1712064645.0,14.904472222222223,52.334583333333335
2861,126007051,1712126066.0,15.378972222222222,52.44005555555555
2862,126008726,1712160000.0,15.805194444444444,52.190305555555554
2863,126008557,1712156594.0,14.815972222222221,52.65775
2864,126003907,1712152789.0,15.815055555555556,52.779472222222225
2865,126003848,1712144451.0,14.723027777777778,51.948972222222224
2866,126008633,1712161429.0,15.112444444444444,52.05280555555556
2867,126007149,1712106000.0,15.2645,52.29730555555555
2868,126003737,1712109408.0,15.675833333333333,51.81425
2869,126007012,1712122031.0,15.420638888888888,52.605777777777774
2870,126013958,1712117700.0,15.243027777777778,52.74966666666667
2871,126217292,1712120400.0,15.209694444444445,52.74047222222222
2872,126217397,1712159520.0,15.241361111111111,52.73116666666667
2873,126010421,1712178000.0,15.112694444444445,52.264805555555554
2874,126006985,1712120100.0,15.530583333333333,51.93911111111111
2875,126003976,1712156976.0,15.612166666666667,51.68475
2876,126008673,1712155200.0,15.488972222222221,51.92838888888889
2877,126008169,1712132915.0,14.615444444444444,52.32494444444445
2878,126003947,1712151000.0,15.611027777777778,51.92658333333333
2879,126010302,1712178000.0,15.535527777777778,52.27494444444444
2880,126008167,1712123400.0,15.457666666666666,51.92622222222222
2881,126010366,1712116800.0,15.323472222222222,52.443694444444446
2882,126017137,1712157000.0,14.585861111111111,52.31655555555555
2883,126004036,1712178680.0,15.729138888888889,51.734722222222224
2884,126725935,1712116800.0,15.228916666666667,52.740027777777776
2885,126003761,1712117686.0,15.399944444444444,52.735305555555556
2886,126007426,1712134200.0,15.207,51.6975
2887,126018235,1712157180.0,15.559527777777777,51.96
2888,126008747,1712180447.0,15.532452,52.262375
2889,126008389,1712136000.0,15.492611111111112,51.95133333333333
2890,126008643,1712161835.0,15.703166666666666,51.95002777777778
2891,126008720,1712173679.0,14.64563888888889,52.583527777777775
2892,126008546,1712150673.0,14.815972222222221,52.65775
2893,126008562,1712155865.0,15.57788888888889,52.4445
2894,126008411,1712143438.0,14.65163888888889,52.308055555555555
2895,126006936,1712107417.0,14.614972222222223,52.32519444444444
2896,126007066,1712122020.0,15.41911111111111,52.60686111111111
2897,126008109,1712114397.0,15.546972222222223,52.31455555555556
2898,126008426,1712146368.0,14.726527777777777,51.94858333333333
2899,126008243,1712127546.0,14.565055555555556,52.348444444444446
2900,126008515,1712145027.0,14.65161111111111,52.30822222222222
2901,126217371,1712214780.0,15.15413888888889,52.745305555555554
2902,126152370,1712225340.0,15.234694444444445,52.76305555555555
2903,126010266,1712259541.0,15.249055555555556,52.743805555555554
2904,126009492,1712236103.0,15.24075,52.72827777777778
2905,126010251,1712256243.0,15.2495,52.723444444444446
2906,126011047,1712237400.0,15.553888888888888,51.937916666666666
2907,126010141,1712232000.0,15.494555555555555,51.961777777777776
2908,126009487,1712242380.0,15.494583333333333,51.96180555555556
2909,126010208,1712242800.0,15.374555555555556,51.89030555555556
2910,126009200,1712220728.0,15.518083333333333,51.948972222222224
2911,126015283,1712223300.0,15.617777777777778,51.50752777777778
2912,126009403,1712238419.0,15.4625,52.644888888888886
2913,126007592,1712203800.0,15.502972222222223,51.941472222222224
2914,126009012,1712223483.0,14.838027777777778,52.345305555555555
2915,126233312,1712246400.0,15.218166666666667,52.73730555555556
2916,126008857,1712205952.0,14.939388888888889,52.71158333333333
2917,126008840,1712208180.0,15.067972222222222,51.735194444444446
2918,126010161,1712239998.0,14.64561111111111,52.589333333333336
2919,126009411,1712241079.0,15.540472222222222,52.25152777777778
2920,126009483,1712247933.0,15.146,52.01316666666666
2921,126009491,1712246143.0,15.231,52.697694444444444
2922,126009051,1712228688.0,14.647055555555555,52.58488888888889
2923,126009120,1712206736.0,15.222166666666666,52.746138888888886
2924,126009202,1712221220.0,14.725083333333334,51.94327777777778
2925,126009520,1712250855.0,15.68736111111111,52.43211111111111
2926,126004086,1712206564.0,15.314,51.615972222222226
2927,126010211,1712232557.0,15.13675,52.749916666666664
2928,126007469,1712224200.0,15.684138888888889,51.79811111111111
2929,126009241,1712224801.0,15.563416666666667,52.44280555555556
2930,126751370,1712247600.0,15.505416666666667,51.94572222222222
2931,126009332,1712233746.0,14.645416666666666,52.5895
2932,126009146,1712216233.0,15.209861111111111,52.79061111111111
2933,126009098,1712231923.0,16.32761111111111,51.80533333333333
2934,126009468,1712246446.0,15.577638888888888,52.449083333333334
2935,126008895,1712216609.0,15.218305555555556,52.73336111111111
2936,126009178,1712219163.0,15.229833333333334,52.73641666666666
2937,126008738,1712184566.0,14.62725,52.60955555555556
2938,126007699,1712243400.0,15.308277777777779,51.61586111111111
2939,126010154,1712236871.0,14.572166666666666,52.35575
2940,126009153,1712212673.0,15.609555555555556,52.42038888888889
2941,126010024,1712316600.0,15.513416666666666,51.936416666666666
2942,126187263,1712346000.0,15.039083333333334,52.85025
2943,126009657,1712288700.0,15.481527777777778,51.95286111111111
2944,126009863,1712310118.0,15.25275,52.745916666666666
2945,126011112,1712315371.0,15.244583333333333,52.74583333333333
2946,126011270,1712328521.0,15.297472222222222,51.61786111111111
2947,126011449,1712334061.0,14.982583333333334,52.654916666666665
2948,126010537,1712324345.0,15.613444444444445,51.743138888888886
2949,126009963,1712316192.0,15.253027777777778,52.760222222222225
2950,126011191,1712323766.0,15.15038888888889,51.63883333333333
2951,126010540,1712317615.0,15.22488888888889,52.742694444444446
2952,126011181,1712321192.0,15.158805555555556,51.64055555555556
2953,126013484,1712352240.0,15.449222222222222,51.897
2954,126010631,1712349165.0,15.707805555555556,51.781416666666665
2955,126010390,1712308348.0,15.461527777777778,52.55405555555556
2956,126010055,1712320200.0,15.61963888888889,52.07783333333333
2957,126011484,1712345747.0,14.843694444444445,51.6555
2958,126007499,1712308380.0,15.67686111111111,51.801972222222226
2959,126025107,1712325600.0,15.45111111111111,51.57811111111111
2960,126010363,1712299124.0,15.638166666666667,51.61061111111111
2961,126011277,1712335080.0,15.532166666666667,52.24944444444444
2962,126009780,1712304463.0,15.5305,52.24725
2963,126011129,1712320823.0,15.534416666666667,52.28816666666667
2964,126168545,1712346000.0,15.039083333333334,52.85025
2965,126010563,1712315399.0,14.64786111111111,52.58575
2966,126009844,1712304213.0,15.229777777777779,52.77575
2967,126007694,1712307600.0,15.3175,51.45805555555555
2968,126011182,1712295493.0,15.492194444444445,51.95480555555555
2969,126010565,1712321487.0,15.479583333333334,51.900555555555556
2970,126010319,1712292600.0,15.270277777777778,51.75886111111111
2971,126016296,1712325000.0,15.171972222222223,52.742222222222225
2972,126009778,1712301780.0,15.229972222222223,52.74238888888889
2973,126013961,1712337540.0,15.230805555555555,52.7225
2974,126011240,1712320800.0,15.509583333333333,51.91294444444444
2975,126011197,1712320500.0,15.519583333333333,51.94661111111111
2976,126013473,1712301600.0,15.496416666666667,51.959666666666664
2977,126010618,1712343900.0,15.509472222222222,51.932027777777776
2978,126011480,1712352487.0,15.749138888888888,52.98833333333333
2979,126009825,1712304552.0,14.566,52.35327777777778
2980,126009984,1712313401.0,14.793861111111111,52.419472222222225
2981,126011804,1712404725.0,14.58625,52.345305555555555
2982,126011761,1712403298.0,15.21725,52.78386111111111
2983,126012066,1712427958.0,15.50475,52.24977777777778
2984,126011559,1712387077.0,15.560416666666667,52.440916666666666
2985,126010820,1712430537.0,15.533722222222222,52.23855555555556
2986,126011985,1712420138.0,15.533694444444444,52.26025
2987,126011515,1712374294.0,14.946666666666667,51.78827777777778
2988,126011949,1712419422.0,15.580972222222222,52.44733333333333
2989,126012052,1712430734.0,15.70936111111111,51.816361111111114
2990,126180640,1712410800.0,15.27688888888889,52.78519444444444
2991,126011960,1712419819.0,14.72375,51.94888888888889
2992,126012034,1712426264.0,15.202916666666667,52.74063888888889
2993,126013218,1712359500.0,15.761694444444444,52.970055555555554
2994,126016845,1712398800.0,15.593777777777778,51.740611111111114
2995,126012097,1712437466.0,15.616055555555555,52.865833333333335
2996,126011609,1712379624.0,16.176098,51.84996
2997,126011920,1712414052.0,16.320351,51.801193
2998,126011603,1712391490.0,16.067722222222223,51.87963888888889
2999,126012093,1712420400.0,15.099388888888889,52.05438888888889
3000,126011901,1712413060.0,15.117944444444445,52.060944444444445
3001,126010825,1712432252.0,14.88775,52.56183333333333
3002,126015539,1712367540.0,15.170166666666667,51.61227777777778
3003,126010741,1712407800.0,15.55275,51.92172222222222
3004,126010669,1712384528.0,14.562111111111111,52.35472222222222
3005,126012199,1712467335.0,15.267083333333334,51.76858333333333
3006,126010985,1712514250.0,15.68875,52.57833333333333
3007,126012506,1712501726.0,15.356055555555555,52.755805555555554
3008,126012628,1712514455.0,15.071555555555555,52.826
3009,126010909,1712487551.0,15.555388888888888,52.22577777777778
3010,126012597,1712514611.0,15.55725,52.843805555555555
3011,126012509,1712500181.0,15.535277777777777,52.275
3012,126012397,1712496432.0,15.2275,52.77875
3013,126012119,1712441771.0,14.887555555555556,51.78577777777778
3014,126012340,1712493008.0,15.070555555555556,52.82691666666667
3015,126012636,1712514753.0,14.845833333333333,52.66975
3016,126012471,1712499567.0,15.704666666666666,52.76694444444445
3017,126012391,1712492520.0,15.724638888888888,51.800694444444446
3018,126012516,1712495875.0,15.741472222222223,52.12869444444444
3019,126010983,1712515021.0,15.072944444444444,52.824555555555555
3020,126178423,1712522100.0,15.115388888888889,52.78797222222222
3021,126012540,1712507166.0,15.079419,52.617023
3022,126013925,1712486700.0,14.607833333333334,52.32125
3023,126010952,1712500200.0,15.362944444444445,51.79575
3024,126010980,1712516160.0,15.540972222222223,51.565222222222225
3025,126012325,1712487170.0,15.608583333333334,51.45361111111111
3026,126013863,1712480400.0,15.557277777777777,51.993138888888886
3027,126012444,1712501566.0,16.315722222222224,51.81111111111111
3028,126010841,1712448713.0,14.772916666666667,52.37777777777778
3029,126012649,1712514600.0,15.587944444444444,51.856944444444444
3030,126012617,1712505451.0,14.76063888888889,52.54138888888889
3031,126012565,1712504087.0,14.607166666666666,52.321083333333334
3032,126012262,1712484623.0,15.623027777777779,52.09305555555556
3033,126012382,1712494800.0,15.498194444444444,51.91491666666667
3034,126014303,1712584146.0,15.518666666666666,51.95933333333333
3035,126013387,1712605807.0,15.242777777777778,52.73313888888889
3036,126014311,1712587355.0,15.262305555555555,52.75277777777778
3037,126012933,1712567575.0,15.266388888888889,52.743833333333335
3038,126043498,1712567940.0,15.492861111111111,51.56422222222222
3039,126013361,1712595537.0,15.21825,52.80316666666667
3040,126013036,1712571158.0,14.997191,52.466642
3041,126013039,1712574900.0,15.531222222222222,51.575722222222225
3042,126013172,1712569955.0,16.318081,51.806666
3043,126012959,1712571079.0,14.645888888888889,52.58383333333333
3044,126254876,1712570400.0,15.519861111111112,51.94225
3045,126217416,1712584500.0,15.241277777777778,52.709694444444445
3046,126012960,1712565963.0,15.782861111111112,52.31425
3047,126012881,1712557620.0,15.142138888888889,51.637388888888886
3048,126013242,1712576287.0,15.464638888888889,51.55788888888889
3049,126178395,1712566200.0,14.947777777777778,52.67611111111111
3050,126014282,1712586450.0,15.255444444444445,52.75966666666667
3051,126014194,1712583575.0,15.254305555555556,52.716027777777775
3052,126014167,1712582568.0,15.113416666666666,52.05469444444444
3053,126012874,1712558960.0,15.324833333333334,51.63202777777778
3054,126014322,1712587310.0,14.63336111111111,52.35122222222222
3055,126013850,1712560800.0,15.536027777777777,52.24772222222222
3056,126013355,1712587921.0,15.519416666666666,51.936638888888886
3057,126012982,1712569205.0,15.218472222222223,51.52361111111111
3058,126013374,1712590969.0,14.667833333333334,52.324305555555554
3059,126013406,1712610590.0,14.859444444444444,52.45002777777778
3060,126014131,1712574722.0,15.115583333333333,51.65027777777778
3061,126014523,1712598737.0,14.607888888888889,52.32183333333333
3062,126011021,1712546032.0,14.583527777777778,52.31619444444444
3063,126012868,1712558650.0,15.86561111111111,52.36833333333333
3064,126013351,1712597725.0,15.515555555555556,51.949305555555554
3065,126014909,1712669460.0,15.303,51.614666666666665
3066,126015155,1712686381.0,15.248694444444444,52.733666666666664
3067,126013689,1712664648.0,15.510055555555555,52.24019444444444
3068,126014954,1712671821.0,15.243916666666667,52.74033333333333
3069,126015159,1712676802.0,15.23311111111111,52.74063888888889
3070,126019101,1712646000.0,15.466055555555556,51.940694444444446
3071,126015205,1712693492.0,15.56875,52.45419444444445
3072,126233303,1712658600.0,15.229722222222222,52.73925
3073,126014007,1712667600.0,15.492,51.94338888888889
3074,126220979,1712664000.0,15.236027777777778,52.74736111111111
3075,126245969,1712641500.0,15.24163888888889,52.728138888888886
3076,126015551,1712649600.0,14.765416666666667,51.66777777777778
3077,126014851,1712657700.0,15.559666666666667,51.937916666666666
3078,126013820,1712677914.0,15.120222222222223,51.636916666666664
3079,126014935,1712671124.0,15.53963888888889,52.249138888888886
3080,126015070,1712677200.0,15.52525,51.95769444444444
3081,126007811,1712670300.0,15.506166666666667,51.955194444444444
3082,126007778,1712656840.0,15.491222222222222,51.946888888888886
3083,126014553,1712635602.0,15.053277777777778,51.808083333333336
3084,126014630,1712643442.0,15.569027777777778,52.44280555555556
3085,126014563,1712637172.0,15.244527777777778,52.73288888888889
3086,126013493,1712645932.0,15.231805555555555,52.73858333333333
3087,126014887,1712656800.0,15.4885,51.96494444444444
3088,126014952,1712669400.0,15.499694444444444,51.958194444444445
3089,126014801,1712655683.0,15.183916666666667,51.74327777777778
3090,126007706,1712657200.0,15.127611111111111,51.483694444444446
3091,126014974,1712665423.0,15.519694444444445,52.24111111111111
3092,126015118,1712683901.0,15.278888888888888,52.299083333333336
3093,126015895,1712775288.0,15.065111111111111,52.086888888888886
3094,126007980,1712731786.0,15.16075,52.00780555555556
3095,126008042,1712741735.0,15.25088888888889,52.743805555555554
3096,126028246,1712756400.0,15.626166666666666,52.08922222222222
3097,126015321,1712728657.0,14.745083333333334,51.951388888888886
3098,126015650,1712752247.0,15.252666666666666,52.71897222222222
3099,126015994,1712780901.0,14.56075,52.348638888888885
3100,126016152,1712752715.0,14.948916666666667,52.77916666666667
3101,126015433,1712735350.0,15.704305555555555,51.84111111111111
3102,126015748,1712756825.0,15.514555555555555,51.628166666666665
3103,126008025,1712739600.0,15.626,52.08533333333333
3104,126015578,1712751470.0,14.826361111111112,52.348
3105,126027114,1712739600.0,15.503388888888889,51.96094444444444
3106,126015682,1712750848.0,14.800611111111111,51.64352777777778
3107,126152357,1712732400.0,15.225833333333334,52.74213888888889
3108,126015982,1712769817.0,15.71963888888889,52.09822222222222
3109,126008012,1712739941.0,15.52325,52.25775
3110,126015355,1712732926.0,15.11975,52.70161111111111
3111,126016188,1712769641.0,15.53175,52.59063888888889
3112,126015934,1712776177.0,15.508194444444445,52.41013888888889
3113,126015802,1712763742.0,15.0575,51.63013888888889
3114,126015594,1712751950.0,15.507083333333334,51.927277777777775
3115,126015422,1712732407.0,15.520777777777777,51.93494444444445
3116,126007987,1712734519.0,14.873083333333334,51.63444444444445
3117,126015691,1712757171.0,15.537777777777778,52.24786111111111
3118,126015328,1712731320.0,15.60725,52.421416666666666
3119,126015774,1712764040.0,15.234805555555555,52.74594444444445
3120,126015320,1712731822.0,15.611222222222223,51.89361111111111
3121,126015770,1712753299.0,15.09538888888889,51.5995
3122,126016169,1712765801.0,15.666472222222222,52.575722222222225
3123,126017612,1712841760.0,16.328041,51.80056
3124,126017152,1712809980.0,15.83,52.16469444444444
3125,126017170,1712824285.0,15.527305555555555,52.87555555555556
3126,126023116,1712814900.0,15.511972222222223,51.93933333333333
3127,126017411,1712835171.0,15.581888888888889,52.44047222222222
3128,126017784,1712858644.0,15.847916666666666,52.86080555555556
3129,126016582,1712851200.0,15.477194444444445,51.934305555555554
3130,126017617,1712841600.0,15.494,51.94025
3131,126017476,1712833800.0,15.558833333333332,51.923972222222226
3132,126016604,1712855157.0,15.499666666666666,51.936
3133,126016681,1712867926.0,15.697777777777778,52.04013888888889
3134,126017340,1712832076.0,15.618,52.096944444444446
3135,126018177,1712825100.0,15.717055555555556,51.80591666666667
3136,126023108,1712814900.0,15.502333333333333,51.945277777777775
3137,126017828,1712854776.0,15.563277777777778,52.44277777777778
3138,126017953,1712858400.0,15.718361111111111,51.79394444444444
3139,126022135,1712848800.0,15.774944444444445,51.80547222222222
3140,126017475,1712838384.0,15.155444444444445,51.64013888888889
3141,126017281,1712823832.0,15.098833333333333,51.63141666666667
3142,126017483,1712841300.0,15.554444444444444,51.92186111111111
3143,126017252,1712820456.0,14.93725,51.632666666666665
3144,126016490,1712842701.0,14.98911111111111,51.777388888888886
3145,126017552,1712836200.0,15.49575,51.93163888888889
3146,126017200,1712819152.0,15.320666666666666,51.61505555555556
3147,126016453,1712836945.0,15.13588888888889,51.63558333333334
3148,126017269,1712827743.0,15.25611111111111,52.73441666666667
3149,126016374,1712822176.0,15.145666666666667,51.65477777777778
3150,126806639,1712844900.0,15.623222222222223,52.09336111111111
3151,126016364,1712828197.0,14.646638888888889,52.498777777777775
3152,126016076,1712816858.0,15.784833333333333,52.34441666666667
3153,126014039,1712817000.0,15.712166666666667,51.822944444444445
3154,126016502,1712840893.0,15.314805555555555,51.617555555555555
3155,126017433,1712836831.0,15.533333333333333,52.87419444444444
3156,126017605,1712841476.0,15.23225,52.69777777777778
3157,126017576,1712839018.0,14.808194444444444,52.65427777777778
3158,126017800,1712861580.0,15.533027777777777,52.244194444444446
3159,126017548,1712841408.0,15.13075,52.70455555555556
3160,126016603,1712854408.0,15.117944444444445,52.75286111111111
3161,126017595,1712841655.0,14.556861111111111,52.34975
3162,126017655,1712845176.0,15.237777777777778,52.73897222222222
3163,126017031,1712923072.0,16.324785,51.802242
3164,126019185,1712926571.0,15.3485,52.64508333333333
3165,126018065,1712923411.0,15.11111111111111,52.443305555555554
3166,126018303,1712913185.0,14.639472222222222,52.57977777777778
3167,126016801,1712910900.0,14.656,52.58844444444444
3168,126016961,1712921061.0,15.798416666666666,52.346472222222225
3169,126028087,1712953200.0,15.525305555555555,51.95719444444445
3170,126019158,1712925480.0,15.119361111111111,51.635527777777774
3171,126018473,1712927416.0,15.400916666666667,52.26075
3172,126019190,1712930401.0,15.579916666666666,52.57619444444445
3173,126019351,1712938216.0,15.821777777777777,51.73036111111111
3174,126019106,1712928115.0,15.597472222222223,51.739333333333335
3175,126019485,1712949134.0,14.653027777777778,52.32352777777778
3176,126016695,1712881200.0,15.53675,51.89963888888889
3177,126019412,1712939861.0,15.528055555555556,51.94613888888889
3178,126018535,1712931840.0,15.53813888888889,52.2795
3179,126019127,1712921869.0,14.667638888888888,52.60191666666667
3180,126018419,1712923314.0,15.562194444444444,52.84180555555555
3181,126016890,1712917440.0,14.660694444444445,52.598527777777775
3182,126019226,1712924610.0,16.349607,51.818958
3183,126019369,1712939240.0,15.535527777777778,51.562083333333334
3184,126222242,1712924400.0,15.198944444444445,52.73836111111111
3185,126052116,1712912520.0,15.503222222222222,51.93336111111111
3186,126016971,1712922398.0,15.575305555555556,52.43980555555556
3187,126220954,1712928600.0,15.197888888888889,52.723305555555555
3188,126247498,1712902200.0,15.245138888888889,52.72563888888889
3189,126019282,1712925501.0,15.243027777777778,52.724777777777774
3190,126023127,1712930400.0,14.637805555555556,52.35230555555555
3191,126018087,1712913488.0,15.320916666666667,51.64175
3192,126019433,1712933443.0,14.872277777777779,51.63502777777778
3193,126024514,1712946780.0,15.524972222222223,51.95758333333333
3194,126025139,1712912400.0,15.305083333333334,51.61925
3195,126018592,1712947500.0,15.307694444444444,51.82855555555555
3196,126024507,1712925600.0,15.514166666666666,51.92525
3197,126018333,1712909895.0,15.125222222222222,51.63338888888889
3198,126016730,1712899800.0,15.497305555555556,51.958083333333335
3199,126019200,1712931600.0,15.520194444444444,51.959
3200,126019395,1712943123.0,15.507416666666666,51.93152777777778
3201,126018542,1712930400.0,15.509805555555555,51.93472222222222
3202,126019274,1712937136.0,15.050083333333333,51.63041666666667
3203,126016765,1712905920.0,15.14011111111111,51.57347222222222
3204,126362424,1712943000.0,15.246583333333334,52.73152777777778
3205,126019396,1712938060.0,15.248305555555556,52.754333333333335
3206,126240295,1712905200.0,15.2245,52.73836111111111
3207,126222240,1712910600.0,15.200888888888889,52.724222222222224
3208,126017961,1712903995.0,15.384305555555555,52.268388888888886
3209,126020219,1713040112.0,15.556444444444445,52.25094444444444
3210,126020150,1713028248.0,14.714972222222222,51.907222222222224
3211,126019847,1713010021.0,14.722861111111111,51.96358333333333
3212,126019547,1712960000.0,15.903055555555556,52.798944444444444
3213,126020035,1713023550.0,15.4715,52.84413888888889
3214,126018652,1712995500.0,15.619305555555556,52.09616666666667
3215,126020169,1713010888.0,15.569777777777778,51.93638888888889
3216,126180261,1713003600.0,14.649916666666666,52.586083333333335
3217,126020161,1713034122.0,14.885722222222222,52.442388888888885
3218,126023270,1713036600.0,15.464666666666666,52.840444444444444
3219,126019559,1712963789.0,14.589416666666667,52.31733333333333
3220,126019897,1713011904.0,15.507777777777777,52.86511111111111
3221,126018648,1712990484.0,14.598694444444444,52.33294444444444
3222,126018813,1713019281.0,15.667833333333334,52.91416666666667
3223,126018781,1713009000.0,15.161277777777778,52.743916666666664
3224,126018864,1713034788.0,15.235111111111111,52.76233333333333
3225,126018765,1713011544.0,15.541444444444444,51.56494444444444
3226,126027116,1713009600.0,15.51388888888889,51.93622222222222
3227,126237292,1713033600.0,15.234972222222222,52.73086111111111
3228,126020272,1713020400.0,15.5245,51.94113888888889
3229,126187277,1713011400.0,14.955277777777777,52.819722222222225
3230,126162191,1713025800.0,15.6765,51.78758333333333
3231,126026547,1713013200.0,15.125111111111112,51.64088888888889
3232,126027117,1713031620.0,15.49825,51.94713888888889
3233,126019670,1712997300.0,15.493805555555555,51.96358333333333
3234,126020245,1713041573.0,14.991833333333334,51.849
3235,126019805,1713002081.0,15.524694444444444,51.95813888888889
3236,126019774,1713003665.0,15.557,51.95633333333333
3237,126019900,1712962800.0,16.32288888888889,51.80602777777778
3238,126020173,1713039173.0,15.240916666666667,52.73094444444445
3239,126233255,1712990700.0,15.209944444444444,52.73119444444445
3240,126019618,1712993462.0,15.262583333333334,52.76386111111111
3241,126019040,1713118860.0,16.067583333333335,51.81147222222222
3242,126020623,1713121842.0,15.234777777777778,52.72844444444444
3243,126023301,1713052800.0,15.679055555555555,51.79586111111111
3244,126020645,1713124091.0,14.611833333333333,52.32225
3245,126018906,1713081473.0,15.505722222222222,52.60008333333333
3246,126020644,1713126395.0,15.586583333333333,52.449888888888886
3247,126020469,1713101224.0,15.737666666666666,51.80002777777778
3248,126019051,1713122258.0,14.734444444444444,52.247277777777775
3249,126020230,1713051084.0,14.739333333333333,51.947583333333334
3250,126020495,1713107121.0,15.233805555555556,52.717416666666665
3251,126020310,1713080438.0,15.287055555555556,52.771166666666666
3252,126020577,1713110935.0,15.59275,51.647527777777775
3253,126027118,1713114000.0,15.527972222222223,51.93822222222222
3254,126020461,1713101301.0,15.471055555555555,52.31702777777778
3255,126020521,1713111187.0,15.518666666666666,51.93622222222222
3256,126020567,1713115434.0,15.844444444444445,52.77677777777778
3257,126019039,1713119803.0,15.12411111111111,51.63375
3258,126023737,1713047400.0,14.75325,51.77730555555556
3259,126020490,1713106462.0,15.120611111111112,51.62136111111111
3260,126020262,1713052260.0,15.563416666666667,51.92425
3261,126026153,1713050400.0,16.057388888888887,51.88066666666667
3262,126024403,1713215917.0,15.414428,52.319063
3263,126020974,1713176292.0,15.586166666666667,52.44969444444445
3264,126019098,1713160023.0,15.180055555555555,52.307805555555554
3265,126020843,1713167813.0,15.70738888888889,51.808083333333336
3266,126020965,1713172601.0,15.709694444444445,51.80488888888889
3267,126021010,1713177847.0,15.575194444444444,52.4455
3268,126023393,1713186993.0,16.122227,51.846668
3269,126024272,1713190860.0,16.31475,51.80733333333333
3270,126023579,1713211622.0,15.426,52.60136111111111
3271,126020926,1713167408.0,15.479416666666667,51.93925
3272,126020941,1713171563.0,14.934517,52.313068
3273,126023523,1713196962.0,14.75225,52.632666666666665
3274,126024121,1713171506.0,15.0515,51.72566666666667
3275,126023203,1713160305.0,14.7315,51.541666666666664
3276,126023295,1713179153.0,15.8335,52.8535
3277,126034613,1713198300.0,15.605638888888889,51.526583333333335
3278,126024381,1713209400.0,15.498555555555555,51.93002777777778
3279,126024083,1713190800.0,15.59688888888889,51.74525
3280,126023390,1713184200.0,15.478722222222222,51.953916666666665
3281,126024002,1713178800.0,15.688722222222221,51.80605555555555
3282,126023554,1713208133.0,15.544138888888888,51.775333333333336
3283,126027172,1713168000.0,15.591166666666666,51.74688888888889
3284,126023520,1713189000.0,15.519333333333334,51.950805555555554
3285,126020891,1713168000.0,15.475138888888889,51.939055555555555
3286,126029671,1713174660.0,15.501222222222221,51.948972222222224
3287,126021005,1713175500.0,14.559472222222222,52.35519444444444
3288,126020997,1713172878.0,14.893944444444445,51.63661111111111
3289,126024325,1713198966.0,14.730694444444444,51.948166666666665
3290,126024324,1713177789.0,15.169888888888888,51.95211111111111
3291,126023346,1713185612.0,15.556027777777778,52.82761111111111
3292,126024380,1713210126.0,14.796944444444444,51.95388888888889
3293,126024321,1713195412.0,14.658916666666666,52.35702777777778
3294,126021052,1713176844.0,14.723027777777778,51.948972222222224
3295,126023504,1713198339.0,15.250194444444444,52.754194444444444
3296,126023415,1713186406.0,15.254944444444444,52.76133333333333
3297,126027430,1713257700.0,15.493416666666667,51.940194444444444
3298,126026164,1713280200.0,15.480027777777778,51.939
3299,126027463,1713303000.0,15.783472222222223,51.84686111111111
3300,126033862,1713273600.0,15.751611111111112,52.970444444444446
3301,126023879,1713260977.0,15.795638888888888,52.854166666666664
3302,126024869,1713277993.0,15.098416666666667,52.696444444444445
3303,126024079,1713274800.0,15.517972222222223,51.93472222222222
3304,126023858,1713256140.0,16.316472222222224,51.80386111111111
3305,126030164,1713276000.0,15.698944444444445,51.829861111111114
3306,126027508,1713268140.0,15.152888888888889,51.63883333333333
3307,126026368,1713298305.0,15.490166666666667,51.96216666666667
3308,126180292,1713252600.0,14.909444444444444,52.67
3309,126024819,1713267127.0,15.553444444444445,52.2405
3310,126026190,1713281948.0,15.031888888888888,51.75855555555555
3311,126026365,1713276940.0,15.616388888888888,52.08661111111111
3312,126026167,1713276869.0,15.661138888888889,51.79127777777778
3313,126024768,1713264388.0,15.024027777777778,52.74205555555555
3314,126024422,1713235276.0,14.697555555555555,52.612944444444445
3315,126023612,1713239974.0,14.64561111111111,52.583444444444446
3316,126024550,1713253436.0,15.535472222222221,52.875083333333336
3317,126024893,1713295310.0,14.694277777777778,51.892
3318,126024872,1713279820.0,15.18975,52.739916666666666
3319,126023809,1713253200.0,16.400703,51.820316
3320,126180836,1713271200.0,15.570777777777778,51.901555555555554
3321,126024003,1713263220.0,15.624083333333333,52.308055555555555
3322,126023699,1713247420.0,15.25613888888889,52.71313888888889
3323,126023904,1713263280.0,15.233138888888888,52.73683333333334
3324,126026108,1713274547.0,16.038736,51.88797
3325,126026248,1713286980.0,16.386114,51.81683
3326,126026232,1713285059.0,16.385996,51.816818
3327,126024858,1713270194.0,15.517606,52.250923
3328,126028413,1713348600.0,15.484861111111112,51.93833333333333
3329,126026565,1713329218.0,15.494944444444444,51.961305555555555
3330,126025078,1713358262.0,15.497861111111112,51.686305555555556
3331,126025070,1713355366.0,15.31311111111111,51.609027777777776
3332,126024975,1713338207.0,15.563222222222223,51.59802777777778
3333,126026490,1713333906.0,15.679333333333334,51.60980555555555
3334,126028139,1713368444.0,14.825861111111111,51.631861111111114
3335,126026499,1713333817.0,15.133027777777778,51.64333333333333
3336,126026921,1713361800.0,15.5755,51.93508333333333
3337,126026941,1713363000.0,15.486833333333333,51.9525
3338,126028106,1713348000.0,15.49775,51.955444444444446
3339,126027133,1713339731.0,14.64611111111111,52.589055555555554
3340,126025077,1713355557.0,14.605916666666667,52.32072222222222
3341,126026926,1713370402.0,15.71738888888889,51.81063888888889
3342,126027237,1713349960.0,14.626027777777777,52.320083333333336
3343,126026383,1713313826.0,15.466833333333334,51.928666666666665
3344,126027351,1713368045.0,15.553805555555556,52.47436111111111
3345,126026774,1713356367.0,15.062333333333333,52.83363888888889
3346,126025091,1713352415.0,15.709666666666667,51.82233333333333
3347,126028127,1713355525.0,16.315305555555554,51.806
3348,126024935,1713330962.0,15.095666666666666,52.72761111111111
3349,126026856,1713360000.0,15.51425,51.93602777777778
3350,126026488,1713335400.0,15.511833333333334,51.94125
3351,126027334,1713363232.0,15.254722222222222,52.740916666666664
3352,126027270,1713358175.0,14.64125,52.58061111111111
3353,126026756,1713355974.0,16.083277777777777,51.89897222222222
3354,126026391,1713326806.0,15.205361111111111,51.99497222222222
3355,126027375,1713376837.0,15.865084,52.843533
3356,126026398,1713327286.0,15.840388888888889,51.72197222222222
3357,126024986,1713340637.0,15.046055,52.242317
3358,126027234,1713346046.0,15.243611111111111,52.76311111111111
3359,126246048,1713352980.0,15.25911111111111,52.760555555555555
3360,126027344,1713367818.0,15.57563888888889,52.12811111111111
3361,126027128,1713339111.0,15.114222222222223,52.44569444444444
3362,126026779,1713358800.0,15.626472222222223,52.086444444444446
3363,126026592,1713341809.0,15.612027777777778,52.25947222222222
3364,126026905,1713370438.0,15.533194444444444,52.24461111111111
3365,126027190,1713341779.0,15.531805555555556,52.26025
3366,126026428,1713330793.0,15.45961111111111,52.29186111111111
3367,126026528,1713329520.0,14.759944444444445,52.40286111111111
3368,126027364,1713368153.0,15.458416666666666,52.15269444444444
3369,126027169,1713345831.0,15.243222222222222,52.73411111111111
3370,126026426,1713325523.0,15.226583333333334,52.73036111111111
3371,126028277,1713426459.0,15.227277777777777,52.74058333333333
3372,126028225,1713412444.0,14.858805555555556,52.032694444444445
3373,126027404,1713400981.0,15.154083333333332,51.68322222222222
3374,126027475,1713426421.0,14.565194444444444,52.34869444444445
3375,126028250,1713417206.0,14.614527777777777,52.3255
3376,126027605,1713438232.0,15.172527777777777,52.742222222222225
3377,126029385,1713447456.0,14.811638888888888,52.20422222222222
3378,126027564,1713435941.0,14.651194444444444,52.58602777777778
3379,126027699,1713417600.0,15.514138888888889,51.940305555555554
3380,126027707,1713446400.0,15.352583333333333,51.851444444444446
3381,126029550,1713464100.0,15.490277777777777,51.929
3382,126028415,1713425400.0,15.505305555555555,51.93138888888889
3383,126027833,1713459587.0,15.554083333333333,51.935027777777776
3384,126028278,1713421419.0,14.8715,52.77425
3385,126027549,1713425400.0,15.535166666666667,51.939055555555555
3386,126027033,1713406947.0,14.795177,52.557128
3387,126027058,1713410472.0,14.758972222222223,51.66858333333333
3388,126027096,1713422135.0,15.534583333333334,52.25255555555555
3389,126027467,1713422714.0,15.519972222222222,52.24138888888889
3390,126029144,1713421442.0,15.514888888888889,52.24047222222222
3391,126028245,1713413901.0,15.173194444444444,51.568305555555554
3392,126027637,1713443760.0,15.858027777777778,52.32888888888889
3393,126029467,1713447600.0,15.6225,52.086305555555555
3394,126031251,1713555263.0,15.222861111111111,52.748666666666665
3395,126029954,1713530569.0,14.965016,52.565611
3396,126028080,1713514949.0,15.572083333333333,52.441583333333334
3397,126029749,1713513793.0,15.768805555555556,51.801611111111114
3398,126030237,1713527117.0,15.435888888888888,51.88136111111111
3399,126030404,1713535200.0,15.591861111111111,51.935805555555554
3400,126028097,1713511750.0,14.98138,52.569183
3401,126028025,1713508819.0,16.232992,51.760387
3402,126030176,1713522000.0,15.49375,51.93961111111111
3403,126031255,1713556058.0,14.95888888888889,51.61183333333334
3404,126030373,1713539849.0,15.12975,52.751583333333336
3405,126029794,1713517929.0,14.700083333333334,52.614333333333335
3406,126030099,1713540498.0,15.605777777777778,51.745111111111115
3407,126030314,1713530506.0,16.306944444444444,51.81475
3408,126030234,1713525088.0,15.136666666666667,51.63725
3409,126034335,1713562200.0,15.637277777777777,51.77013888888889
3410,126029872,1713523781.0,15.698527777777779,51.94763888888889
3411,126247576,1713507600.0,15.240055555555555,52.732638888888886
3412,126234226,1713526200.0,15.242027777777778,52.764916666666664
3413,126029916,1713528312.0,15.583583333333333,52.45263888888889
3414,126237308,1713517200.0,15.232611111111112,52.740611111111114
3415,126030401,1713541127.0,15.221,52.73152777777778
3416,126028079,1713512615.0,15.327944444444444,51.596916666666665
3417,126031271,1713545554.0,15.719222222222221,51.95825
3418,126030013,1713534436.0,14.647583333333333,52.59113888888889
3419,126029754,1713514500.0,15.613083333333334,52.07663888888889
3420,126030024,1713526800.0,15.492166666666666,51.943222222222225
3421,126031272,1713558710.0,15.859583333333333,52.36988888888889
3422,126029986,1713530171.0,15.652416666666667,52.089416666666665
3423,126030189,1713526310.0,15.103305555555556,52.05061111111111
3424,126724003,1713551280.0,15.24238888888889,52.75802777777778
3425,126289925,1713508200.0,15.521472222222222,51.953361111111114
3426,126030330,1713534866.0,15.530972222222221,52.24725
3427,126030476,1713552909.0,15.524527777777777,52.21613888888889
3428,126030502,1713555000.0,15.536083333333334,52.24652777777778
3429,126031187,1713546494.0,15.055694444444445,52.07375
3430,126031279,1713558425.0,15.499222222222222,51.933527777777776
3431,126029990,1713531950.0,15.257555555555555,52.76444444444444
3432,126235103,1713517800.0,15.250361111111111,52.71838888888889
3433,126030510,1713552420.0,16.244495,51.715256
3434,126030333,1713535413.0,15.113666666666667,52.023805555555555
3435,126031145,1713543784.0,15.614583333333334,51.47666666666667
3436,126035198,1713532800.0,15.509944444444445,51.932027777777776
3437,126031104,1713539788.0,14.877888888888888,52.45169444444444
3438,126033449,1713605700.0,15.490472222222222,51.962944444444446
3439,126042542,1713581400.0,15.55325,51.92158333333333
3440,126031815,1713636000.0,15.58175,51.93102777777778
3441,126031744,1713628973.0,15.120194444444444,51.63444444444445
3442,126031374,1713599802.0,15.143444444444444,51.637027777777774
3443,126031551,1713615121.0,15.23125,52.73416666666667
3444,126031456,1713606714.0,15.475833333333334,51.937666666666665
3445,126031419,1713604500.0,15.494111111111112,51.94011111111111
3446,126030542,1713567019.0,15.10542,52.342151
3447,126031836,1713639950.0,15.553138888888888,52.88638888888889
3448,126030746,1713619839.0,14.581805555555556,52.31602777777778
3449,126031663,1713616668.0,14.5665,52.34872222222222
3450,126031491,1713610629.0,15.578388888888888,52.44777777777778
3451,126036027,1713609900.0,15.087361111111111,52.312194444444444
3452,126031427,1713600255.0,15.532166666666667,52.26105555555556
3453,126031575,1713616158.0,15.073638888888889,52.01244444444445
3454,126030592,1713593380.0,15.90761111111111,51.93544444444444
3455,126186123,1713601800.0,15.068527777777778,52.69
3456,126030849,1713664881.0,15.818166666666666,52.82661111111111
3457,126275117,1713675600.0,15.61625,52.065583333333336
3458,126032248,1713722400.0,15.525972222222222,51.939277777777775
3459,126030873,1713686781.0,14.957722222222221,51.77236111111111
3460,126237350,1713695400.0,15.250638888888888,52.761
3461,126030886,1713695040.0,14.57188888888889,52.35658333333333
3462,126032122,1713702487.0,14.565388888888888,52.35322222222222
3463,126032344,1713736168.0,14.719777777777777,51.96666666666667
3464,126030852,1713660994.0,15.121666666666666,52.4405
3465,126030966,1713721814.0,15.869777777777777,52.46208333333333
3466,126032108,1713695815.0,15.433916666666667,52.47558333333333
3467,126031955,1713653695.0,14.775166666666667,51.551833333333335
3468,126032059,1713690970.0,15.492055555555556,51.94775
3469,126030855,1713663900.0,15.62813888888889,51.95622222222222
3470,126030841,1713658380.0,15.555277777777778,52.24052777777778
3471,126032200,1713710475.0,15.763666666666667,52.307138888888886
3472,126034111,1713804300.0,15.493388888888889,51.94013888888889
3473,126032349,1713744300.0,15.560277777777777,51.94530555555556
3474,126032832,1713790381.0,15.709222222222222,51.812416666666664
3475,126034205,1713794849.0,14.914888888888889,52.48844444444445
3476,126032999,1713796000.0,14.951611111111111,52.82047222222222
3477,126032918,1713795981.0,15.23675,52.748583333333336
3478,126032920,1713785100.0,15.549416666666666,52.25586111111111
3479,126033377,1713810015.0,15.533833333333334,52.26091666666667
3480,126033229,1713785559.0,15.233583333333334,52.736916666666666
3481,126034611,1713808800.0,15.554055555555555,52.28477777777778
3482,126032865,1713792442.0,15.250277777777777,52.71827777777778
3483,126032825,1713788508.0,14.878277777777777,52.67497222222222
3484,126033030,1713804640.0,15.576305555555555,52.135305555555554
3485,126035171,1713794400.0,15.491583333333333,51.93536111111111
3486,126237324,1713780000.0,15.217916666666667,52.743916666666664
3487,126237344,1713798300.0,15.254333333333333,52.76269444444444
3488,126032365,1713754384.0,15.542555555555555,52.54186111111111
3489,126032911,1713793549.0,15.825055555555556,52.55083333333333
3490,126032627,1713770091.0,15.23788888888889,51.63327777777778
3491,126034216,1713817800.0,15.644305555555556,52.08269444444444
3492,126032788,1713788983.0,15.587194444444444,52.443694444444446
3493,126034204,1713804951.0,15.582611111111111,52.112
3494,126035150,1713769200.0,15.509527777777778,51.931666666666665
3495,126032467,1713765399.0,14.750276,52.392127
3496,126032872,1713790590.0,15.120166666666666,51.63463888888889
3497,126030965,1713740311.0,14.782747,52.344398
3498,126237362,1713765600.0,15.26436111111111,52.745
3499,126032816,1713785388.0,15.226055555555556,52.730444444444444
3500,126035159,1713790200.0,15.525694444444444,51.94372222222222
3501,126033091,1713804600.0,15.58225,52.11291666666666
3502,126032928,1713795233.0,15.494777777777777,51.96202777777778
3503,126032617,1713776400.0,15.516166666666667,51.936277777777775
3504,126034453,1713859222.0,14.75425,51.92477777777778
3505,126033623,1713886189.0,14.585472222222222,52.34061111111111
3506,126034234,1713846294.0,15.709277777777778,51.80544444444445
3507,126033459,1713854612.0,15.54711111111111,52.229166666666664
3508,126034490,1713863786.0,14.998481,52.580215
3509,126034206,1713823961.0,15.27186111111111,51.738166666666665
3510,126038075,1713856260.0,15.5845,51.74925
3511,126034284,1713853007.0,15.72038888888889,51.78936111111111
3512,126187438,1713886200.0,15.131833333333333,52.70475
3513,126238829,1713852900.0,15.276277777777779,52.76347222222222
3514,126291404,1713862320.0,15.20063888888889,52.724583333333335
3515,126033530,1713866400.0,15.504305555555556,51.940305555555554
3516,126034873,1713879000.0,15.501972222222221,51.93136111111111
3517,126033460,1713855600.0,15.521416666666667,51.94283333333333
3518,126034610,1713870000.0,15.505305555555555,51.93552777777778
3519,126034432,1713859452.0,15.635111111111112,52.57172222222222
3520,126043535,1713879000.0,15.501972222222221,51.93136111111111
3521,126035133,1713865200.0,14.77125,51.66802777777778
3522,126033652,1713883320.0,14.801472222222221,51.53927777777778
3523,126033480,1713854031.0,15.243527777777778,52.74622222222222
3524,126034941,1713888768.0,16.337606,51.838287
3525,126034800,1713881139.0,15.728027777777777,51.68405555555555
3526,126034386,1713857647.0,14.560277777777777,52.35502777777778
3527,126034218,1713827700.0,15.592305555555555,52.00358333333333
3528,126035048,1713918730.0,15.202916666666667,51.76408333333333
3529,126035821,1713977076.0,15.072916666666666,52.68794444444445
3530,126033673,1713928785.0,15.380222222222223,52.75275
3531,126040467,1713988800.0,15.692833333333333,51.80144444444444
3532,126037638,1713945600.0,15.553861111111111,51.936083333333336
3533,126039258,1713991800.0,15.162861111111111,51.64322222222222
3534,126035268,1713948434.0,15.52736111111111,52.88213888888889
3535,126033976,1713978882.0,14.71925,51.97397222222222
3536,126035456,1713961283.0,14.655388888888888,52.60930555555556
3537,126035567,1713963180.0,15.53588888888889,52.24766666666667
3538,126035492,1713959580.0,15.333027777777778,51.622166666666665
3539,126035406,1713952200.0,15.489583333333334,51.931
3540,126035574,1713963713.0,15.311111111111112,51.617444444444445
3541,126035236,1713945600.0,15.509305555555555,51.94252777777778
3542,126035183,1713939300.0,15.56425,51.938944444444445
3543,126035145,1713938400.0,15.482305555555556,51.93022222222222
3544,126035806,1713985200.0,15.524027777777778,51.95775
3545,126037634,1713942000.0,15.504583333333333,51.935722222222225
3546,126266775,1713938280.0,15.620555555555555,52.095333333333336
3547,126035158,1713940551.0,15.27525,52.74263888888889
3548,126035345,1713952565.0,15.239027777777778,52.72847222222222
3549,126186238,1713970200.0,15.315861111111111,52.70511111111111
3550,126033822,1713955740.0,15.239722222222222,52.727666666666664
3551,126033929,1713969000.0,15.493722222222223,51.94038888888889
3552,126035062,1713927637.0,14.95025,52.13033333333333
3553,126035857,1713991771.0,15.074472222222223,52.76233333333333
3554,126029038,1714063710.0,15.255416666666667,52.73430555555556
3555,126180255,1714050000.0,15.486083333333333,51.931916666666666
3556,126037329,1714052410.0,15.246444444444444,52.75725
3557,126037307,1714054384.0,15.117472222222222,52.43561111111111
3558,126028928,1714053361.0,15.254166666666666,52.730916666666666
3559,126028978,1714059623.0,14.969916666666666,51.78794444444444
3560,126028996,1714055442.0,15.001527777777778,52.671527777777776
3561,126037179,1714034424.0,15.258333333333333,52.76133333333333
3562,126037174,1714041506.0,15.152,52.73858333333333
3563,126037235,1714047975.0,15.081671,52.312412
3564,126028691,1714039469.0,15.125666666666667,52.01961111111111
3565,126035870,1713996126.0,15.191444444444445,51.63788888888889
3566,126028899,1714041600.0,15.4915,51.94858333333333
3567,126028770,1714045248.0,15.754166666666666,51.69175
3568,126028642,1714032693.0,15.111972222222223,51.66386111111111
3569,126029018,1714060977.0,14.573277777777777,52.37444444444444
3570,126037446,1714054800.0,15.487861111111112,51.97655555555556
3571,126028975,1714050300.0,15.52063888888889,51.95294444444444
3572,126037374,1714047888.0,15.456083333333334,51.96436111111111
3573,126036081,1714033944.0,15.706583333333333,51.7995
3574,126037163,1714035600.0,15.709888888888889,51.804722222222225
3575,126036030,1714027862.0,15.115916666666667,51.634388888888886
3576,126028702,1714038067.0,15.038638888888888,51.630722222222225
3577,126245998,1714015800.0,15.231166666666667,52.73894444444444
3578,126039111,1714082032.0,15.401694444444445,51.89833333333333
3579,126037234,1714047748.0,14.846555555555556,51.973305555555555
3580,126037508,1714072612.0,15.719666666666667,51.83438888888889
3581,126039311,1714048800.0,15.702472222222223,51.80736111111111
3582,126037512,1714073580.0,14.700305555555556,52.4565
3583,126040176,1714059000.0,15.828611111111112,52.28572222222222
3584,126028936,1714054200.0,15.565222222222221,51.968833333333336
3585,126028921,1714055940.0,15.533861111111111,52.26233333333333
3586,126037354,1714024538.0,15.512,51.937083333333334
3587,126028892,1714046405.0,15.12738888888889,52.01858333333333
3588,126037164,1714041751.0,15.498888888888889,52.59547222222222
3589,126037431,1714064400.0,15.508333333333333,51.9415
3590,126035941,1714023630.0,15.226111111111111,52.743
3591,126039110,1714066657.0,15.261166666666666,52.76363888888889
3592,126028790,1714038919.0,15.174555555555555,52.71736111111111
3593,126238887,1714032000.0,15.62588888888889,52.085388888888886
3594,126037244,1714045579.0,14.565416666666668,52.35433333333334
3595,126039859,1714158074.0,16.31498,51.801105
3596,126043415,1714110600.0,15.554638888888888,51.938583333333334
3597,126040307,1714142314.0,15.234166666666667,52.75366666666667
3598,126037706,1714107545.0,15.073416666666667,52.68963888888889
3599,126039784,1714142566.0,14.833333333333334,52.34788888888889
3600,126039429,1714127740.0,15.243555555555556,52.72416666666667
3601,126039760,1714139864.0,15.256944444444445,52.76294444444444
3602,126240146,1714114800.0,15.242444444444445,52.73775
3603,126037873,1714122024.0,15.302888888888889,51.6105
3604,126039212,1714113627.0,15.107694444444444,51.61575
3605,126039774,1714129816.0,15.174611111111112,52.71758333333333
3606,126039379,1714126785.0,15.119916666666667,51.63491666666667
3607,126040228,1714131840.0,14.563138888888888,52.34847222222222
3608,126039854,1714159335.0,15.237694444444445,52.72891666666666
3609,126039292,1714108557.0,15.240416666666667,52.73316666666667
3610,126039259,1714108606.0,15.227611111111111,52.72188888888889
3611,126040332,1714146678.0,14.57325,52.351194444444445
3612,126039425,1714130664.0,15.114666666666666,52.44558333333333
3613,126037985,1714132429.0,15.499777777777778,52.59108333333333
3614,126039712,1714143023.0,15.575777777777779,52.44075
3615,126039820,1714155426.0,15.465305555555556,52.58663888888889
3616,126040287,1714146654.0,15.267222222222223,52.75725
3617,126039701,1714135918.0,15.240472222222222,52.74572222222222
3618,126202521,1714159800.0,15.836694444444444,51.94925
3619,126039481,1714132380.0,15.126555555555555,52.02780555555555
3620,126037677,1714111192.0,15.204277777777778,51.99527777777778
3621,126037912,1714125419.0,16.06226,51.859982
3622,126037803,1714122000.0,15.513222222222222,51.933166666666665
3623,126039143,1714104111.0,16.104833333333332,51.961555555555556
3624,126246008,1714146000.0,15.200777777777779,52.724944444444446
3625,126039926,1714166400.0,15.487416666666666,51.90325
3626,126037770,1714118431.0,15.725027777777777,51.79277777777778
3627,126039399,1714128265.0,15.58361111111111,52.44497222222222
3628,126039146,1714105740.0,15.724388888888889,52.19522222222222
3629,126039394,1714127400.0,15.514611111111112,51.945861111111114
3630,126039858,1714159654.0,15.021527777777777,52.092083333333335
3631,126052121,1714154400.0,15.505222222222223,51.95155555555556
3632,126037960,1714114187.0,14.97461111111111,51.455555555555556
3633,126039699,1714147680.0,15.85661111111111,52.32866666666666
3634,126052120,1714111200.0,15.520055555555556,51.94225
3635,126039778,1714147740.0,16.365072,51.818768
3636,126149529,1714130400.0,15.49375,51.577527777777775
3637,126040389,1714170102.0,15.154555555555556,52.71277777777778
3638,126238024,1714230000.0,15.2435,52.76038888888889
3639,126041540,1714248634.0,15.594527777777778,51.57555555555555
3640,126040003,1714187705.0,15.041416666666667,52.84822222222222
3641,126040457,1714211100.0,15.476444444444445,51.93788888888889
3642,126040585,1714223435.0,14.899416666666667,52.47511111111111
3643,126040403,1714187856.0,15.613972222222221,52.025
3644,126039985,1714179600.0,15.56,52.44541666666667
3645,126040662,1714249794.0,15.011944444444444,51.87008333333333
3646,126039948,1714170436.0,15.856305555555556,52.35888888888889
3647,126040444,1714207902.0,14.955083333333333,51.78458333333333
3648,126041466,1714241383.0,15.710027777777778,51.80902777777778
3649,126040633,1714228265.0,15.652416666666667,52.089444444444446
3650,126041205,1714211972.0,15.526,52.56308333333333
3651,126040661,1714249800.0,15.518194444444445,51.935944444444445
3652,126041535,1714240689.0,15.490333333333334,51.907805555555555
3653,126040014,1714193282.0,15.046725,52.58115
3654,126043578,1714207380.0,16.067194444444443,51.879305555555554
3655,126042104,1714257864.0,15.137027777777778,51.627472222222224
3656,126042444,1714329514.0,15.350861111111112,52.80297222222222
3657,126042235,1714304831.0,15.720805555555556,51.802527777777776
3658,126042265,1714307641.0,16.073916666666666,51.87602777777778
3659,126041688,1714304612.0,15.118972222222222,52.43975
3660,126042304,1714314941.0,15.244527777777778,52.75886111111111
3661,126041556,1714255846.0,14.765194444444445,52.63861111111111
3662,126041646,1714298748.0,15.3445,52.93866666666667
3663,126041898,1714321063.0,14.569722222222222,52.34886111111111
3664,126041826,1714318956.0,14.723583333333334,51.95019444444444
3665,126042187,1714296524.0,15.218444444444444,52.79058333333333
3666,126041722,1714297430.0,15.378388888888889,52.38066666666667
3667,126086123,1714323000.0,15.617611111111112,52.06525
3668,126041619,1714288920.0,15.55188888888889,52.323388888888886
3669,126041599,1714279800.0,15.577277777777777,52.12163888888889
3670,126041693,1714303837.0,15.359455,52.591335
3671,126041614,1714290300.0,15.497277777777779,51.943083333333334
3672,126042333,1714317100.0,16.06825,51.87938888888889
3673,126042461,1714323000.0,15.5715,51.89930555555556
3674,126140368,1714299600.0,15.19036111111111,52.58213888888889
3675,126041880,1714332370.0,14.900925,52.560969
3676,126043021,1714409659.0,15.818527777777778,52.16777777777778
3677,126149513,1714369560.0,15.537583333333334,51.556666666666665
3678,126187497,1714408200.0,14.889944444444444,52.67147222222222
3679,126042001,1714373130.0,14.73611111111111,51.95488888888889
3680,126042058,1714382039.0,15.193277777777778,52.07622222222222
3681,126231725,1714393440.0,15.479916666666666,51.93936111111111
3682,126042100,1714383753.0,15.701527777777777,51.80363888888889
3683,126042916,1714394900.0,15.833555555555556,52.84455555555556
3684,126043012,1714408871.0,15.832833333333333,52.84436111111111
3685,126043290,1714402800.0,15.519166666666667,51.94497222222222
3686,126044223,1714386000.0,15.528055555555556,51.93072222222222
3687,126052127,1714377600.0,15.493333333333334,51.92758333333333
3688,126043364,1714419600.0,15.43825,51.97694444444444
3689,126044397,1714404494.0,15.201833333333333,51.504777777777775
3690,126041966,1714362761.0,15.706055555555556,51.8105
3691,126043063,1714413600.0,15.626527777777778,52.0865
3692,126044192,1714394425.0,14.978166666666667,51.78180555555556
3693,126043365,1714423495.0,15.458749,52.313248
3694,126042068,1714378500.0,15.496361111111112,51.935694444444444
3695,126143537,1714384800.0,15.530916666666666,52.878166666666665
3696,126044312,1714396121.0,15.152583333333334,51.681305555555554
3697,126044407,1714406581.0,15.282,52.70708333333333
3698,126141188,1714387200.0,16.121805555555557,51.84661111111111
3699,126044269,1714397672.0,14.603944444444444,52.32
3700,126042910,1714395311.0,15.53375,52.24922222222222
3701,126043025,1714404526.0,14.606555555555556,52.32908333333334
3702,126044353,1714404649.0,14.620972222222223,52.32244444444444
3703,126042057,1714379081.0,14.645805555555556,52.583777777777776
3704,126042029,1714377921.0,15.71561111111111,51.80316666666667
3705,126042882,1714387460.0,14.608694444444444,52.32822222222222
3706,126246051,1714369200.0,15.263722222222222,52.76111111111111
3707,126045242,1714381200.0,15.530833333333334,52.87777777777778
3708,126045239,1714384800.0,15.530833333333334,52.87838888888889
3709,126042728,1714381098.0,14.708416666666666,52.37155555555555
3710,126043357,1714423180.0,15.564305555555556,52.724916666666665
3711,126043229,1714397400.0,15.504194444444444,51.925916666666666
3712,126043264,1714401970.0,15.226722222222222,52.74330555555556
3713,126046106,1714492888.0,15.243833333333333,52.74733333333333
3714,126043754,1714483417.0,15.2405,52.72994444444444
3715,126145224,1714505400.0,15.860805555555556,51.71761111111111
3716,126044910,1714489143.0,14.649555555555555,52.58738888888889
3717,126045312,1714472549.0,14.860083333333334,52.45202777777778
3718,126043624,1714475827.0,14.936861111111112,52.32266666666666
3719,126044861,1714481795.0,15.209833333333334,51.52586111111111
3720,126047227,1714512600.0,15.755749999999999,51.820083333333336
3721,126044915,1714481055.0,16.072805555555554,51.884972222222224
3722,126045088,1714502392.0,14.908472222222223,52.083416666666665
3723,126043629,1714471609.0,14.866277777777778,51.97886111111111
3724,126044811,1714481719.0,15.533166666666666,52.307
3725,126044953,1714492920.0,15.533194444444444,52.26072222222222
3726,126045394,1714481189.0,14.638055555555555,52.35333333333333
3727,126045447,1714485295.0,15.626555555555555,51.76672222222222
3728,126043865,1714501746.0,14.59686111111111,52.38641666666667
3729,126044945,1714483174.0,14.563777777777778,52.34875
3730,126045534,1714493273.0,15.113472222222223,52.055277777777775
3731,126045043,1714489158.0,15.430555555555555,51.58425
3732,126045556,1714493700.0,15.513,51.93658333333333
3733,126043412,1714451400.0,15.506722222222223,51.93230555555556
3734,126045407,1714483802.0,15.097388888888888,52.0525
3735,126045494,1714490812.0,15.543388888888888,52.54125
3736,126043627,1714473742.0,15.123416666666667,51.65413888888889
3737,126043561,1714469400.0,15.520388888888888,51.93383333333333
3738,126050296,1714469400.0,15.191027777777778,52.58219444444445
3739,126043812,1714498860.0,15.581777777777777,52.44386111111111
3740,126045543,1714485913.0,15.519333333333334,51.9565
3741,126044894,1714483800.0,15.46625,51.95977777777778
3742,126044647,1714466608.0,14.962027777777777,51.78644444444444
3743,126044864,1714485609.0,14.758972222222223,51.58869444444444
3744,126046173,1714513004.0,14.909798,52.561456
3745,126044719,1714474273.0,14.984555555555556,51.730111111111114
3746,126237382,1714464000.0,15.232388888888888,52.740611111111114
3747,126046115,1714500000.0,15.474777777777778,51.99975
3748,126046133,1714503600.0,15.49375,51.94161111111111
3749,126043420,1714455198.0,15.171666666666667,51.60497222222222
3750,126045329,1714475520.0,15.523472222222223,52.244
3751,126044583,1714463880.0,14.634972222222222,52.58163888888889
3752,126045337,1714473798.0,16.313519,51.81171
3753,126044656,1714467415.0,15.473027777777778,52.216277777777776
3754,126047168,1714465800.0,14.55786111111111,52.34861111111111
3755,126047163,1714478400.0,14.605638888888889,52.32069444444444
3756,126046016,1714478400.0,16.325833333333332,51.8105
3757,126046172,1714510680.0,15.507416666666666,51.941944444444445
3758,126045506,1714492329.0,15.223527777777777,52.73738888888889
3759,126237338,1714452900.0,15.242583333333334,52.73777777777778
3760,126044779,1714475672.0,15.2295,52.743944444444445
3761,126043728,1714489215.0,14.651222222222222,52.58711111111111
3762,126046257,1714550810.0,15.654194444444444,51.532111111111114
3763,126046366,1714570289.0,15.2485,52.726305555555555
3764,126046195,1714517024.0,14.678222222222223,52.294694444444445
3765,126046211,1714533169.0,14.906305555555555,51.982194444444445
3766,126044079,1714591241.0,14.833222222222222,52.34802777777778
3767,126046340,1714560583.0,14.620138888888889,52.32275
3768,126046224,1714538400.0,15.666916666666667,51.855694444444445
3769,126045656,1714545184.0,15.187083333333334,51.527944444444444
3770,126043956,1714552520.0,15.156527777777777,51.5325
3771,126046305,1714559064.0,15.550444444444445,52.32369444444444
3772,126046192,1714515960.0,15.842166666666667,52.15830555555556
3773,126045712,1714559400.0,15.494055555555555,51.93980555555556
3774,126043918,1714534388.0,15.523916666666667,51.87130555555556
3775,126046231,1714542180.0,15.74163888888889,51.68772222222222
3776,126046341,1714565032.0,15.59625,52.44347222222222
3777,126045762,1714573395.0,15.562694444444444,52.519222222222226
3778,126045808,1714587000.0,15.562194444444444,51.939416666666666
3779,126046373,1714568733.0,15.759055555555555,52.128305555555556
3780,126046284,1714542300.0,15.28138888888889,52.68788888888889
3781,126046047,1714577400.0,15.672166666666667,51.7615
3782,126045670,1714550460.0,15.524027777777778,52.565
3783,126186208,1714578840.0,15.306166666666666,52.69819444444445
3784,126046892,1714653600.0,15.48161111111111,51.93933333333333
3785,126045924,1714633316.0,15.534777777777778,51.55888888888889
3786,126046933,1714667433.0,14.724,51.95194444444444
3787,126045951,1714640774.0,15.639694444444444,51.67886111111111
3788,126047220,1714643332.0,14.59388888888889,52.33525
3789,126046050,1714651327.0,15.24275,52.709361111111114
3790,126046770,1714639500.0,15.755638888888889,52.91077777777778
3791,126046003,1714645158.0,15.166888888888888,52.71647222222222
3792,126046802,1714648960.0,15.205916666666667,52.72497222222222
3793,126046769,1714650054.0,15.267777777777777,52.75675
3794,126047315,1714655368.0,15.235305555555556,52.76141666666667
3795,126046585,1714631418.0,15.596083333333333,52.6325
3796,126046912,1714650952.0,15.601472222222222,51.68302777777778
3797,126047316,1714649781.0,14.961694444444444,52.56516666666667
3798,126048132,1714670377.0,15.226638888888889,52.73041666666667
3799,126186595,1714650600.0,15.424972222222221,51.58627777777778
3800,126047023,1714674000.0,15.488194444444444,51.96358333333333
3801,126048131,1714675660.0,15.721694444444445,52.098333333333336
3802,126046624,1714638600.0,15.523722222222222,51.939277777777775
3803,126047048,1714684260.0,15.08296,52.323177
3804,126217303,1714647600.0,16.05622222222222,51.88494444444444
3805,126162111,1714629600.0,15.498861111111111,51.93602777777778
3806,126046891,1714660564.0,15.275083333333333,51.62705555555556
3807,126047033,1714677495.0,15.376416666666668,51.87880555555556
3808,126046688,1714644000.0,15.553833333333333,51.938138888888886
3809,126045868,1714630800.0,15.648472222222223,51.928916666666666
3810,126047434,1714678200.0,15.455527777777778,51.85355555555556
3811,126046056,1714653300.0,15.493444444444444,51.962694444444445
3812,126047452,1714695000.0,15.519388888888889,51.95077777777778
3813,126049158,1714733520.0,15.083024,52.32297
3814,126047098,1714717980.0,15.546333333333333,52.32080555555556
3815,126047084,1714703781.0,15.442944444444445,52.34019444444444
3816,126049299,1714760325.0,15.671388888888888,52.91744444444444
3817,126049286,1714754986.0,15.119722222222222,52.43955555555556
3818,126047462,1714715045.0,15.856638888888888,52.73013888888889
3819,126048238,1714738037.0,15.225527777777778,52.74336111111111
3820,126048233,1714734976.0,14.72413888888889,51.96158333333333
3821,126048221,1714727965.0,15.551055555555555,52.41897222222222
3822,126049239,1714745915.0,15.85213888888889,52.78952777777778
3823,126049102,1714722773.0,15.121666666666666,52.778888888888886
3824,126047507,1714741331.0,15.096,51.439972222222224
3825,126048276,1714746593.0,15.382555555555555,52.93633333333333
3826,126137419,1714739400.0,15.5835,52.096805555555555
3827,126186219,1714767000.0,14.653888888888888,52.58925
3828,126048296,1714748433.0,15.748194444444444,52.13227777777778
3829,126047524,1714750620.0,16.342077,51.84388
3830,126049218,1714746391.0,15.218166666666667,52.737611111111114
3831,126049213,1714722000.0,15.795277777777777,52.077
3832,126047697,1714817700.0,15.507944444444444,51.925555555555555
3833,126047812,1714853745.0,15.043777777777779,52.84502777777778
3834,126047640,1714813560.0,15.715805555555555,51.801138888888886
3835,126047662,1714818420.0,15.252055555555556,52.75802777777778
3836,126048327,1714774276.0,15.237666666666666,52.67863888888889
3837,126048344,1714793640.0,14.864888888888888,52.440583333333336
3838,126049472,1714812528.0,14.727166666666667,51.94686111111111
3839,126049744,1714836621.0,15.298333333333334,51.69572222222222
3840,126048372,1714811035.0,15.244166666666667,52.750083333333336
3841,126047629,1714810707.0,15.175472222222222,51.611583333333336
3842,126049509,1714815940.0,14.646444444444445,52.588388888888886
3843,126049537,1714817306.0,15.250861111111112,52.75855555555555
3844,126047668,1714821907.0,14.750833333333333,52.52641666666667
3845,126047690,1714823702.0,15.675611111111111,51.83108333333333
3846,126049867,1714851425.0,15.068737,52.472144
3847,126051491,1714822200.0,14.746638888888889,51.536944444444444
3848,126047765,1714835495.0,14.981194444444444,51.637388888888886
3849,126049399,1714783440.0,15.27475,52.29727777777778
3850,126049720,1714826033.0,15.700805555555556,51.805166666666665
3851,126137424,1714824000.0,15.761055555555556,52.13869444444445
3852,126047783,1714845174.0,16.347759,51.790882
3853,126047598,1714795500.0,15.644194444444445,52.07125
3854,126049951,1714859518.0,15.582944444444445,52.15525
3855,126049732,1714827301.0,15.629083333333334,51.59363888888889
3856,126048427,1714826856.0,15.2785,52.744166666666665
3857,126049517,1714813645.0,15.227416666666667,52.738166666666665
3858,126047652,1714809554.0,15.246277777777777,52.73277777777778
3859,126049647,1714824000.0,15.523583333333333,51.94125
3860,126049718,1714836000.0,15.512666666666666,51.93516666666667
3861,126097102,1714943400.0,15.561388888888889,51.92480555555556
3862,126147356,1714906800.0,15.508194444444445,51.92086111111111
3863,126180631,1714915800.0,15.283944444444444,52.66127777777778
3864,126047849,1714908170.0,14.82311111111111,51.663472222222225
3865,126050299,1714931400.0,15.575916666666666,52.23202777777778
3866,126051157,1714914096.0,15.617583333333334,52.44511111111111
3867,126051258,1714930200.0,15.517027777777777,51.92988888888889
3868,126049957,1714864142.0,15.252027777777778,52.689055555555555
3869,126047813,1714872128.0,14.837694444444445,51.97022222222222
3870,126047856,1714905051.0,15.580638888888888,52.72430555555555
3871,126051379,1714936620.0,15.638527777777778,51.770805555555555
3872,126050080,1714905573.0,15.276777777777777,52.763416666666664
3873,126050287,1714926300.0,15.524000000000001,52.25797222222222
3874,126050022,1714892624.0,15.617055555555556,51.76166666666667
3875,126096467,1714935600.0,15.709527777777778,51.812222222222225
3876,126047881,1714917050.0,15.091308,52.590488
3877,126176464,1714864860.0,15.842305555555555,52.15822222222222
3878,126048004,1714939500.0,15.459805555555555,51.52625
3879,126237393,1714930200.0,15.210888888888888,52.747277777777775
3880,126048038,1714939800.0,15.561833333333333,51.925
3881,126047837,1714903200.0,15.342833333333333,52.02688888888889
3882,126051305,1714970427.0,14.634333333333334,52.55319444444444
3883,126050529,1715001845.0,15.229722222222222,52.736777777777775
3884,126050536,1715003900.0,15.247333333333334,52.726416666666665
3885,126050275,1714980780.0,15.209194444444444,52.76275
3886,126149549,1714982700.0,15.539416666666666,51.56875
3887,126052012,1714986000.0,15.496138888888888,51.95038888888889
3888,126050376,1714986900.0,15.494833333333334,51.95161111111111
3889,126051633,1715019597.0,15.247111111111112,52.726083333333335
3890,126051338,1714977349.0,15.209194444444444,52.76275
3891,126245980,1714988220.0,15.245138888888889,52.72563888888889
3892,126054115,1714979340.0,15.87111111111111,52.331694444444445
3893,126143550,1715020200.0,15.824083333333334,52.98211111111111
3894,126051321,1714974873.0,15.517444444444445,51.93275
3895,126096218,1715009050.0,15.512333333333334,51.941833333333335
3896,126048053,1714963716.0,14.899333333333333,51.621583333333334
3897,126096288,1715012400.0,15.500305555555556,51.96122222222222
3898,126048081,1714971000.0,15.513083333333334,51.94280555555556
3899,126096209,1715004000.0,15.500416666666666,51.92030555555556
3900,126221213,1715000400.0,16.3095,51.812305555555554
3901,126147556,1714989480.0,15.720055555555556,51.802
3902,126091125,1714991463.0,15.22113888888889,52.73155555555556
3903,126137483,1714996800.0,15.755749999999999,51.72955555555556
3904,126142447,1714996800.0,15.534916666666668,51.95988888888889
3905,126090118,1714986327.0,14.833166666666667,52.34613888888889
3906,126051611,1715016423.0,15.61825,52.44541666666667
3907,126051651,1715025211.0,15.618222222222222,52.44544444444445
3908,126096123,1714999513.0,14.56075,52.34894444444444
3909,126096312,1715017307.0,15.775694444444444,52.21022222222222
3910,126051655,1715028525.0,15.717361111111112,51.855222222222224
3911,126096180,1715002880.0,14.724916666666667,51.94875
3912,126050522,1715003654.0,15.57761111111111,52.454972222222224
3913,126096262,1715015056.0,15.618222222222222,52.44536111111111
3914,126091104,1714989059.0,15.536166666666666,52.24641666666667
3915,126096253,1715013233.0,15.618222222222222,52.445277777777775
3916,126136106,1715082323.0,15.193333333333333,52.739111111111114
3917,126096443,1715053377.0,15.423638888888888,51.58475
3918,126136329,1715102956.0,15.245055555555556,52.758944444444445
3919,126137206,1715100278.0,14.65311111111111,52.59075
3920,126238891,1715099400.0,15.59736111111111,52.11525
3921,126099122,1715063369.0,15.448972222222222,51.555166666666665
3922,126240291,1715078700.0,15.235305555555556,52.733
3923,126051938,1715091391.0,15.608638888888889,51.45352777777778
3924,126096401,1715048486.0,14.807694444444444,52.65419444444444
3925,126142415,1715076300.0,15.552583333333333,51.93794444444445
3926,126137239,1715106360.0,15.857222222222223,52.75111111111111
3927,126143548,1715112000.0,15.789277777777778,52.975
3928,126136234,1715091134.0,14.844388888888888,51.69047222222222
3929,126707306,1715044800.0,15.831416666666666,52.32677777777778
3930,126051762,1715069093.0,15.256638888888888,52.75783333333333
3931,126136310,1715094953.0,14.561694444444445,52.35922222222222
3932,126155559,1715099400.0,15.464638888888889,51.939
3933,126137140,1715090580.0,14.564027777777778,52.35236111111111
3934,126051877,1715084240.0,14.608722222222223,52.321305555555554
3935,126140352,1715097600.0,15.463277777777778,51.482194444444445
3936,126137194,1715095444.0,15.710722222222222,51.808083333333336
3937,126136369,1715094492.0,14.735944444444444,51.94761111111111
3938,126099115,1715063215.0,15.137611111111111,51.63169444444444
3939,126051764,1715068800.0,15.564083333333333,51.88905555555556
3940,126136245,1715090700.0,15.512055555555555,51.93380555555556
3941,126137379,1715094000.0,15.704527777777777,51.80475
3942,126266779,1715085600.0,15.617888888888888,52.06491666666667
3943,126136298,1715097287.0,15.119777777777777,52.78413888888889
3944,126136257,1715092491.0,15.824333333333334,52.83680555555556
3945,126051871,1715087470.0,15.225916666666667,52.74311111111111
3946,126051925,1715095943.0,15.516751,52.196789
3947,126141354,1715171203.0,15.193138888888889,52.736916666666666
3948,126141596,1715176800.0,15.399583333333334,51.98883333333333
3949,126140270,1715148109.0,15.21186111111111,52.73575
3950,126141519,1715187283.0,15.244416666666666,52.739583333333336
3951,126141320,1715165128.0,15.228722222222222,52.759388888888886
3952,126140651,1715170368.0,15.610083333333334,51.88622222222222
3953,126142472,1715178300.0,15.475416666666666,51.92997222222222
3954,126247564,1715175000.0,15.23488888888889,52.73005555555555
3955,126140751,1715202061.0,15.12411111111111,51.641222222222225
3956,126140338,1715161563.0,16.309055555555556,51.803916666666666
3957,126141317,1715160563.0,15.506916666666667,51.94258333333333
3958,126052044,1715148874.0,15.453611111111112,52.95758333333333
3959,126141348,1715167576.0,15.52436111111111,51.939166666666665
3960,126141286,1715161650.0,15.472416666666668,51.96061111111111
3961,126140404,1715164500.0,15.524111111111111,51.93672222222222
3962,126140689,1715184336.0,15.471444444444444,51.957388888888886
3963,126141405,1715158500.0,15.828194444444444,52.16466666666667
3964,126140282,1715154900.0,15.494666666666667,51.96194444444444
3965,126147360,1715178780.0,15.50238888888889,51.937805555555556
3966,126141591,1715198437.0,15.104944444444444,52.02916666666667
3967,126140679,1715185810.0,16.245694444444446,51.879805555555556
3968,126140573,1715181664.0,15.205305555555556,52.442194444444446
3969,126142454,1715168700.0,15.51875,51.95811111111111
3970,126052100,1715148249.0,15.585833333333333,52.445027777777774
3971,126052041,1715149248.0,15.588194444444444,52.44405555555556
3972,126140317,1715161140.0,15.548166666666667,52.24369444444444
3973,126140519,1715171795.0,16.188702,51.776512
3974,126140853,1715157600.0,15.79186111111111,51.79277777777778
3975,126142426,1715153400.0,15.493916666666667,51.9565
3976,126141559,1715183559.0,15.5535,52.240916666666664
3977,126141394,1715178397.0,15.829444444444444,51.77
3978,126140601,1715181377.0,15.507166666666667,52.596916666666665
3979,126140583,1715174935.0,15.123972222222223,51.65391666666667
3980,126140820,1715173500.0,14.565777777777777,52.34858333333333
3981,126052071,1715142600.0,15.49625,51.959694444444445
3982,126140170,1715133300.0,15.548944444444444,52.58386111111111
3983,126834233,1715175600.0,15.483666666666666,51.93772222222222
3984,126246044,1715184360.0,15.251027777777777,52.76086111111111
3985,126141588,1715199224.0,15.223277777777778,52.731138888888886
3986,126140119,1715138536.0,14.656194444444445,52.58880555555555
3987,126140872,1715238498.0,15.561583333333333,52.423833333333334
3988,126143243,1715279422.0,15.034805555555556,52.82288888888889
3989,126141873,1715248798.0,15.597888888888889,51.66425
3990,126140961,1715244531.0,14.65761111111111,52.59141666666667
3991,126141911,1715252753.0,15.53736111111111,51.56630555555556
3992,126140836,1715235360.0,15.239583333333334,52.72966666666667
3993,126142166,1715255258.0,15.229777777777779,52.772555555555556
3994,126140904,1715239624.0,15.17375,52.06836111111111
3995,126140965,1715244900.0,15.513444444444444,51.94336111111111
3996,126141879,1715241668.0,15.505472222222222,51.93863888888889
3997,126141743,1715237400.0,15.514944444444444,51.94438888888889
3998,126140815,1715233214.0,15.106666666666667,52.05086111111111
3999,126143207,1715272800.0,15.491694444444445,51.93975
4000,126142274,1715272632.0,15.525805555555555,51.958527777777775
4001,126137577,1715265333.0,15.709694444444445,51.82230555555556
4002,126142063,1715266106.0,16.32063888888889,51.80738888888889
4003,126141005,1715248648.0,15.852,52.82277777777778
4004,126142146,1715257999.0,15.593111111111112,51.745333333333335
4005,126143246,1715283487.0,15.459388888888888,52.914
4006,126142235,1715268908.0,15.755055555555556,52.970166666666664
4007,126141778,1715241283.0,14.728861111111112,51.954972222222224
4008,126137523,1715252400.0,15.508166666666666,51.936277777777775
4009,126141093,1715251622.0,15.505611111111111,51.90847222222222
4010,126143272,1715287749.0,15.23488888888889,52.74647222222222
4011,126143238,1715276642.0,15.38086111111111,52.27038888888889
4012,126141621,1715216400.0,15.421777777777777,52.0095
4013,126137680,1715263200.0,14.75163888888889,51.53841666666667
4014,126141627,1715213638.0,15.511333333333333,52.32127777777778
4015,126142203,1715262900.0,15.52211111111111,51.93808333333333
4016,126144623,1715237100.0,15.469527777777778,51.87836111111111
4017,126142075,1715267443.0,14.567583333333333,52.35005555555556
4018,126137561,1715266234.0,15.622972222222222,52.09352777777778
4019,126140911,1715241809.0,15.615194444444445,51.74227777777778
4020,126140894,1715237700.0,15.459777777777777,51.961888888888886
4021,126247561,1715281440.0,15.175805555555556,52.717444444444446
4022,126143141,1715263255.0,15.152333333333333,51.62858333333333
4023,126140810,1715228165.0,15.535166666666667,52.32394444444444
4024,126137648,1715243700.0,14.912055555555556,52.48747222222222
4025,126144646,1715258400.0,15.497027777777777,51.95355555555555
4026,126137609,1715272254.0,15.345055555555556,52.647333333333336
4027,126144628,1715251500.0,15.49175,51.94708333333333
4028,126142153,1715260276.0,15.640944444444445,51.535111111111114
4029,126141838,1715246432.0,15.838166666666666,52.834361111111114
4030,126142618,1715340522.0,15.586722222222223,52.44372222222222
4031,126143015,1715361937.0,15.212722222222222,52.759388888888886
4032,126143549,1715336567.0,15.388388888888889,51.51938888888889
4033,126143071,1715373754.0,15.26736111111111,52.76569444444444
4034,126142977,1715351602.0,15.253666666666668,52.74194444444444
4035,126143942,1715377200.0,15.328472222222222,51.84119444444445
4036,126143867,1715363388.0,15.225527777777778,52.78380555555555
4037,126142758,1715350321.0,14.634972222222222,52.58122222222222
4038,126143879,1715366764.0,14.646027777777778,52.587944444444446
4039,126143302,1715317332.0,14.656694444444444,52.61047222222222
4040,126142915,1715356871.0,15.518666666666666,51.934555555555555
4041,126143466,1715332437.0,14.986527777777777,51.77902777777778
4042,126142947,1715357064.0,15.616333333333333,52.068555555555555
4043,126143471,1715323200.0,15.662416666666667,51.931666666666665
4044,126142841,1715341479.0,15.26313888888889,52.71641666666667
4045,126143505,1715337931.0,15.226111111111111,52.749
4046,126143414,1715315560.0,15.716666666666667,51.77052777777778
4047,126142432,1715320932.0,15.676166666666667,51.807916666666664
4048,126143460,1715319220.0,15.579722222222223,52.256
4049,126142938,1715352011.0,15.14425,51.62661111111111
4050,126142747,1715348084.0,15.700861111111111,51.80427777777778
4051,126137890,1715374800.0,15.375194444444444,52.492
4052,126143931,1715372695.0,15.648194444444444,52.09222222222222
4053,126147370,1715313300.0,15.453305555555556,51.941944444444445
4054,126142364,1715315054.0,15.563888888888888,51.60772222222222
4055,126155564,1715349600.0,15.52211111111111,51.950361111111114
4056,126147405,1715330700.0,15.520111111111111,51.94669444444445
4057,126143046,1715370525.0,15.837277777777778,52.165416666666665
4058,126151062,1715377200.0,15.831138888888889,52.83980555555556
4059,126143724,1715351998.0,15.660777777777778,51.80175
4060,126142893,1715334000.0,15.511416666666667,51.94305555555555
4061,126147415,1715355000.0,15.554833333333333,51.937666666666665
4062,126147398,1715323800.0,15.502361111111112,51.937805555555556
4063,126142559,1715329200.0,15.5225,51.95872222222222
4064,126143809,1715350200.0,15.493388888888889,51.94138888888889
4065,126143086,1715377140.0,15.328527777777778,51.84119444444445
4066,126142558,1715333290.0,15.308833333333332,51.613527777777776
4067,126143683,1715350200.0,15.496972222222222,51.935027777777776
4068,126143514,1715329800.0,15.496527777777779,51.96161111111111
4069,126143337,1715320800.0,15.519333333333334,51.93369444444444
4070,126144227,1715423400.0,15.520777777777777,51.93394444444444
4071,126186520,1715450400.0,14.648416666666666,52.58716666666667
4072,126145263,1715433908.0,15.240027777777778,52.72955555555556
4073,126145415,1715435765.0,15.525117,52.955162
4074,126240285,1715414400.0,15.252083333333333,52.75611111111111
4075,126145119,1715422015.0,14.568444444444445,52.34788888888889
4076,126145416,1715438778.0,15.85811111111111,52.07125
4077,126144122,1715395985.0,15.282194444444444,52.29994444444444
4078,126144177,1715411501.0,15.250333333333334,52.744083333333336
4079,126144111,1715399067.0,14.65025,52.30855555555556
4080,126145603,1715463730.0,15.25475,52.30580555555556
4081,126144036,1715413380.0,15.537583333333334,52.24438888888889
4082,126145322,1715432132.0,15.537861111111111,52.24288888888889
4083,126144245,1715420833.0,14.949527777777778,51.47741666666667
4084,126145207,1715425600.0,14.593388888888889,52.33541666666667
4085,126144194,1715417400.0,15.888055555555555,52.080222222222226
4086,126240281,1715427600.0,15.2605,52.76061111111111
4087,126144303,1715439600.0,15.623083333333334,52.093333333333334
4088,126176555,1715439600.0,15.528916666666667,52.877722222222225
4089,126145538,1715456835.0,15.27175,51.74597222222222
4090,126143935,1715381546.0,15.522416666666667,52.570166666666665
4091,126145520,1715455185.0,15.493805555555555,51.94025
4092,126145444,1715442900.0,15.520416666666666,51.94536111111111
4093,126145443,1715448407.0,15.592777777777778,52.44419444444444
4094,126144257,1715426549.0,15.530277777777778,51.96380555555555
4095,126145105,1715419500.0,15.481944444444444,51.93397222222222
4096,126146100,1715540400.0,15.702027777777777,52.03638888888889
4097,126186509,1715523600.0,14.921416666666667,52.79094444444444
4098,126145733,1715503483.0,15.584194444444444,51.74197222222222
4099,126146122,1715532124.0,14.57225,52.35508333333333
4100,126146023,1715528464.0,15.65163888888889,51.876222222222225
4101,126145915,1715522741.0,14.5665,52.35333333333333
4102,126145963,1715516045.0,15.543083333333334,52.23427777777778
4103,126146045,1715535739.0,14.657583333333333,52.60194444444444
4104,126145646,1715474531.0,14.89561111111111,52.33513888888889
4105,126145853,1715514993.0,15.202388888888889,52.72427777777778
4106,126247569,1715515200.0,15.2545,52.74191666666667
4107,126145673,1715488583.0,15.286861111111111,52.77077777777778
4108,126144442,1715504683.0,15.561916666666667,52.251777777777775
4109,126145712,1715496029.0,14.572277777777778,52.355
4110,126144503,1715523386.0,14.600111111111111,52.348416666666665
4111,126146312,1715545467.0,15.886027777777779,52.07619444444445
4112,126145949,1715519915.0,15.253194444444444,52.71797222222222
4113,126144561,1715529183.0,15.531333333333333,51.93902777777778
4114,126146014,1715527469.0,15.579805555555556,52.31852777777778
4115,126145734,1715500100.0,15.861361111111112,52.021861111111114
4116,126152301,1715496240.0,15.567416666666666,51.980555555555554
4117,126144478,1715517900.0,15.3955,51.95375
4118,126144409,1715492197.0,15.394583333333333,52.48711111111111
4119,126146221,1715538000.0,15.271416666666667,51.8125
4120,126147177,1715618702.0,14.769472222222221,51.98502777777778
4121,126146259,1715575500.0,15.510527777777778,51.941722222222225
4122,126146346,1715568300.0,15.802333333333333,51.98063888888889
4123,126146819,1715607600.0,15.569805555555556,51.89808333333333
4124,126144821,1715599152.0,15.505666666666666,51.93113888888889
4125,126144653,1715582942.0,15.509194444444445,51.91716666666667
4126,126144953,1715613469.0,15.537638888888889,52.24794444444444
4127,126146773,1715601600.0,15.517,51.93525
4128,126144960,1715605200.0,15.539583333333333,51.957
4129,126146887,1715606150.0,15.03813888888889,51.63061111111111
4130,126146288,1715579400.0,15.555361111111111,51.934305555555554
4131,126147219,1715630400.0,15.525777777777778,51.934805555555556
4132,126147135,1715623021.0,15.097666666666667,52.05488888888889
4133,126147238,1715626300.0,15.220444444444444,52.74016666666667
4134,126147004,1715613240.0,14.895027777777777,52.67327777777778
4135,126146863,1715603462.0,15.216777777777779,52.72669444444445
4136,126146321,1715573825.0,15.108666666666666,52.75502777777778
4137,126146220,1715564400.0,15.820638888888888,51.723
4138,126146563,1715589812.0,15.23675,52.73538888888889
4139,126146929,1715608800.0,15.4645,51.959944444444446
4140,126147233,1715615929.0,15.260472222222223,52.761472222222224
4141,126144810,1715594504.0,16.09549,51.864544
4142,126146239,1715554557.0,15.49061111111111,51.90825
4143,126146992,1715595234.0,15.992694444444444,51.97591666666667
4144,126147028,1715607269.0,15.771472222222222,52.85597222222222
4145,126147113,1715607863.0,15.137916666666667,51.634861111111114
4146,126137949,1715593800.0,14.593111111111112,52.33980555555556
4147,126137946,1715598600.0,14.747944444444444,52.33455555555555
4148,126180473,1715597640.0,15.616166666666667,52.078805555555554
4149,126146370,1715581758.0,16.048277777777777,51.88547222222222
4150,126146481,1715590733.0,15.486805555555556,51.95261111111111
4151,126146920,1715608949.0,15.833527777777778,52.84202777777778
4152,126146355,1715581377.0,15.318833333333334,51.619
4153,126144856,1715594812.0,14.599916666666667,52.34122222222222
4154,126146936,1715598510.0,15.710888888888888,51.84086111111111
4155,126146869,1715603026.0,14.573305555555555,52.354194444444445
4156,126137981,1715633400.0,14.95425,51.794583333333335
4157,126145036,1715659425.0,14.608555555555556,52.330305555555555
4158,126147573,1715679735.0,15.42136111111111,51.58083333333333
4159,126240243,1715721000.0,15.256638888888888,52.737722222222224
4160,126148006,1715700052.0,15.127305555555555,52.02802777777778
4161,126147919,1715696618.0,15.538083333333333,52.24294444444445
4162,126155567,1715695800.0,15.51625,51.9365
4163,126148177,1715679960.0,15.123611111111112,51.65416666666667
4164,126149201,1715713108.0,15.290722222222222,51.65416666666667
4165,126147854,1715694420.0,15.652694444444444,51.87588888888889
4166,126145017,1715656382.0,15.538305555555556,52.2005
4167,126147248,1715640600.0,15.503916666666667,51.93855555555555
4168,126145043,1715666214.0,15.523583333333333,52.244083333333336
4169,126149152,1715708478.0,15.546416666666667,52.24169444444444
4170,126147499,1715670591.0,15.12275,51.638888888888886
4171,126147761,1715688900.0,15.493416666666667,51.94016666666667
4172,126149155,1715707200.0,15.844666666666667,52.15425
4173,126149223,1715708637.0,14.727472222222222,52.54494444444445
4174,126148420,1715707474.0,15.512055555555555,51.90269444444444
4175,126155929,1715677080.0,15.509916666666667,51.93855555555555
4176,126147771,1715690061.0,15.852805555555555,52.45713888888889
4177,126147301,1715659200.0,15.553777777777778,51.930194444444446
4178,126147720,1715661900.0,15.630972222222223,52.03797222222222
4179,126147517,1715676410.0,15.202111111111112,52.73444444444444
4180,126147997,1715700469.0,15.824333333333334,52.83305555555555
4181,126147807,1715687421.0,14.592222222222222,52.33611111111111
4182,126147764,1715690509.0,14.591888888888889,52.336444444444446
4183,126152125,1715695800.0,15.127416666666667,51.640166666666666
4184,126147950,1715694534.0,14.716444444444445,51.96158333333333
4185,126148429,1715717940.0,15.12025,51.63688888888889
4186,126145094,1715673253.0,15.151666666666667,51.63897222222222
4187,126147831,1715692866.0,16.316342,51.803939
4188,126147475,1715671980.0,15.538055555555555,52.24288888888889
4189,126148930,1715785212.0,16.315056,51.799198
4190,126149025,1715781600.0,15.273972222222222,52.76272222222222
4191,126150303,1715801700.0,15.551805555555555,51.99538888888889
4192,126150233,1715785200.0,15.468583333333333,51.958416666666665
4193,126148969,1715789636.0,14.589305555555555,52.38388888888889
4194,126149647,1715775605.0,15.688277777777778,51.8075
4195,126149501,1715760240.0,15.636416666666667,51.7695
4196,126149026,1715794389.0,14.742527777777777,51.53208333333333
4197,126247574,1715751900.0,15.25163888888889,52.757583333333336
4198,126150178,1715781452.0,15.723611111111111,51.81025
4199,126202529,1715787000.0,15.49488888888889,51.93797222222222
4200,126149380,1715750238.0,14.946805555555555,52.713944444444444
4201,126148678,1715774638.0,15.112555555555556,52.44352777777778
4202,126149502,1715751840.0,15.115416666666667,51.626444444444445
4203,126149004,1715799155.0,14.726222222222223,51.95363888888889
4204,126148803,1715776916.0,14.579916666666666,52.34736111111111
4205,126749227,1715763600.0,14.722777777777777,51.951166666666666
4206,126149483,1715761214.0,14.894388888888889,52.675
4207,126165499,1715752800.0,15.50463888888889,51.93533333333333
4208,126149621,1715776323.0,15.254166666666666,52.74436111111111
4209,126155598,1715779500.0,15.50388888888889,51.95780555555555
4210,126148686,1715766000.0,15.523277777777778,51.938833333333335
4211,126148631,1715763240.0,15.509361111111112,51.93244444444444
4212,126148839,1715777100.0,15.54025,51.969166666666666
4213,126150239,1715779661.0,15.548833333333333,51.56997222222222
4214,126148961,1715793944.0,15.498916666666666,51.944722222222225
4215,126149739,1715783400.0,15.49475,51.96261111111111
4216,126150297,1715790069.0,14.972888888888889,51.78897222222222
4217,126149688,1715780484.0,15.333111111111112,52.70397222222222
4218,126149561,1715763520.0,15.333333333333334,52.30488888888889
4219,126166486,1715754600.0,15.70213888888889,51.80416666666667
4220,126148501,1715754780.0,15.533194444444444,52.87477777777778
4221,126149740,1715787738.0,15.308944444444444,51.614916666666666
4222,126148709,1715776781.0,15.534944444444445,52.87616666666667
4223,126148650,1715768516.0,15.301,51.61738888888889
4224,126149376,1715754812.0,14.965944444444444,51.782805555555555
4225,126148759,1715772480.0,15.575583333333334,52.45688888888889
4226,126148431,1715726158.0,15.687416666666667,52.29725
4227,126151201,1715837194.0,15.508416666666667,52.25044444444445
4228,126158122,1715865900.0,16.309305555555557,51.80694444444445
4229,126150742,1715875440.0,16.330416666666668,51.81211111111111
4230,126150007,1715858892.0,15.528805555555556,51.93025
4231,126150735,1715875639.0,15.256916666666667,52.75811111111111
4232,126158266,1715846400.0,15.508972222222223,51.93233333333333
4233,126151543,1715857605.0,15.499972222222222,51.91727777777778
4234,126149090,1715829600.0,15.492777777777778,51.951277777777776
4235,126150479,1715835600.0,15.7225,52.33294444444444
4236,126749240,1715868000.0,14.867027777777778,52.0395
4237,126149071,1715812908.0,15.168527777777777,52.749805555555554
4238,126247581,1715868900.0,15.243583333333333,52.74955555555555
4239,126151202,1715845551.0,14.921367,52.605011
4240,126286459,1715838300.0,15.247166666666667,52.72625
4241,126180668,1715889600.0,15.127666666666666,52.70366666666666
4242,126150659,1715871349.0,14.897777777777778,52.67336111111111
4243,126150692,1715871334.0,15.57386111111111,51.569694444444444
4244,126152331,1715862720.0,15.119555555555555,51.63563888888889
4245,126150761,1715878847.0,15.24925,52.75630555555556
4246,126245967,1715837400.0,15.613944444444444,52.06330555555556
4247,126151583,1715875216.0,15.783861111111111,52.31261111111111
4248,126151486,1715854425.0,14.876138888888889,52.7745
4249,126150775,1715876555.0,14.561194444444444,52.353138888888886
4250,126150626,1715854853.0,15.606972222222222,51.70294444444444
4251,126149930,1715855340.0,14.565138888888889,52.34886111111111
4252,126150730,1715875920.0,16.314555555555554,51.80875
4253,126151377,1715855685.0,15.19186111111111,51.544916666666666
4254,126151382,1715859120.0,15.719472222222223,51.805166666666665
4255,126150565,1715862058.0,14.648694444444445,52.5875
4256,126150734,1715874630.0,15.530388888888888,52.24736111111111
4257,126150797,1715880657.0,15.241666666666667,52.728138888888886
4258,126151369,1715851150.0,14.7365,51.53163888888889
4259,126151725,1715879616.0,15.534833333333333,52.248416666666664
4260,126151327,1715851500.0,15.537444444444445,52.24875
4261,126149980,1715864159.0,15.127555555555556,52.01797222222222
4262,126150805,1715884369.0,16.31502777777778,51.80116666666667
4263,126149982,1715857927.0,15.719555555555555,51.662527777777775
4264,126247500,1715932200.0,15.255888888888888,52.73411111111111
4265,126151908,1715938200.0,15.525694444444444,51.943666666666665
4266,126155648,1715971920.0,14.874972222222222,51.65358333333333
4267,126153174,1715936026.0,15.505083333333333,52.59377777777778
4268,126151048,1715927631.0,14.962004,52.565271
4269,126150896,1715915029.0,15.728305555555556,52.32952777777778
4270,126153578,1715952952.0,14.821848,52.563778
4271,126153324,1715933492.0,16.065277777777776,51.88022222222222
4272,126153381,1715949256.0,15.570083333333333,52.461555555555556
4273,126154206,1715977251.0,15.534277777777778,51.993944444444445
4274,126151955,1715938500.0,15.519333333333334,51.9565
4275,126152308,1715929200.0,15.485333333333333,51.97541666666667
4276,126152320,1715925600.0,15.50986111111111,51.93486111111111
4277,126152315,1715907600.0,15.500444444444444,51.929805555555554
4278,126152032,1715948094.0,15.268444444444444,52.757305555555554
4279,126247510,1715930700.0,15.269583333333333,52.74147222222222
4280,126153377,1715945735.0,15.24311111111111,52.74575
4281,126153909,1715966400.0,15.482388888888888,51.88605555555556
4282,126151083,1715921045.0,14.763,51.569805555555554
4283,126154216,1715980800.0,15.24911111111111,51.79730555555555
4284,126153336,1715949632.0,14.676,52.61038888888889
4285,126152096,1715937412.0,15.572583333333334,51.99802777777778
4286,126153270,1715944440.0,15.531166666666667,52.24711111111111
4287,126153894,1715976863.0,14.652777777777779,52.32405555555555
4288,126153807,1715967066.0,15.153666666666666,51.722944444444444
4289,126152026,1715953740.0,15.5365,52.252944444444445
4290,126150977,1715927030.0,15.1235,51.654222222222224
4291,126153723,1715946809.0,15.558916666666667,52.24930555555556
4292,126154130,1715971980.0,15.536,52.24722222222222
4293,126153546,1715958022.0,14.727055555555555,51.952777777777776
4294,126152054,1715961495.0,14.618166666666667,52.61402777777778
4295,126153806,1715961663.0,15.22275,52.72322222222222
4296,126153862,1715977038.0,15.833777777777778,52.83694444444444
4297,126154215,1715982678.0,15.296944444444444,51.603027777777775
4298,126151992,1715939865.0,14.98911111111111,51.77752777777778
4299,126154123,1715968771.0,15.099416666666666,52.05436111111111
4300,126153586,1715955138.0,15.542222222222222,52.23430555555556
4301,126153537,1715956444.0,15.713666666666667,51.808166666666665
4302,126708603,1715941800.0,15.494916666666667,51.93205555555556
4303,126153263,1715928009.0,15.671083333333334,52.749583333333334
4304,126153597,1715952301.0,15.233666666666666,52.733583333333335
4305,126153376,1715941389.0,15.322472222222222,51.62419444444444
4306,126152321,1715940000.0,15.495222222222223,51.93808333333333
4307,126153847,1715962084.0,15.181416666666667,51.73747222222222
4308,126153412,1715949402.0,15.271194444444445,51.57358333333333
4309,126152008,1715946064.0,15.665666666666667,52.57538888888889
4310,126151799,1715924251.0,14.969857,52.324287
4311,126150889,1715905434.0,15.763083333333334,51.734722222222224
4312,126150975,1715924934.0,15.762666666666666,51.82052777777778
4313,126153893,1715978129.0,15.638111111111112,51.61175
4314,126153842,1715964083.0,15.24825,52.72394444444444
4315,126155243,1716046717.0,15.814805555555555,51.66338888888889
4316,126154022,1716021000.0,15.570361111111112,51.898
4317,126154505,1716027505.0,14.822222222222223,51.83336111111111
4318,126154291,1716015647.0,15.502138888888888,52.60019444444445
4319,126155120,1716022911.0,15.717583333333334,51.8
4320,126154542,1716039300.0,15.52286111111111,51.956472222222224
4321,126154068,1716019128.0,15.670666666666667,52.29786111111111
4322,126155641,1716068160.0,15.118777777777778,51.54536111111111
4323,126152324,1716030000.0,15.511222222222223,51.93597222222222
4324,126155278,1716058500.0,15.62825,52.08591666666667
4325,126154279,1716013758.0,15.085166,52.320305
4326,126154756,1716058187.0,15.122666666666667,52.06041666666667
4327,126154546,1716035239.0,15.268666666666666,52.73555555555556
4328,126154347,1716021517.0,14.798305555555556,52.19438888888889
4329,126154053,1716020065.0,15.030805555555556,52.77513888888889
4330,126155193,1716035079.0,15.195083333333333,52.738416666666666
4331,126154243,1715998869.0,14.876055555555556,51.68672222222222
4332,126154514,1716029033.0,14.725083333333334,51.913833333333336
4333,126152286,1716026400.0,15.113833333333334,52.44261111111111
4334,126154037,1716024343.0,15.695666666666666,51.794805555555556
4335,126154237,1715997707.0,15.705166666666667,51.80455555555555
4336,126154339,1716018758.0,15.825194444444444,51.779333333333334
4337,126282517,1716028200.0,15.245166666666666,52.75977777777778
4338,126154785,1716059213.0,15.509527777777778,51.69763888888889
4339,126154082,1716032678.0,15.171666666666667,52.7425
4340,126152326,1716062400.0,15.492305555555555,51.95761111111111
4341,126153979,1716015917.0,14.826916666666667,52.349944444444446
4342,126154503,1716032646.0,15.536277777777778,51.564277777777775
4343,126164646,1716058800.0,15.523361111111111,51.939305555555556
4344,126260766,1716154200.0,15.506944444444445,51.94144444444444
4345,126156164,1716130250.0,16.048277777777777,51.885527777777774
4346,126180636,1716132300.0,14.646138888888888,52.58372222222222
4347,126156352,1716146679.0,15.357138888888889,51.909194444444445
4348,126156112,1716126041.0,15.531166666666667,52.369083333333336
4349,126156167,1716131258.0,15.495416666666667,51.935944444444445
4350,126155018,1716114000.0,15.490277777777777,51.95316666666667
4351,126155022,1716117372.0,15.511277777777778,51.937333333333335
4352,126154940,1716101005.0,15.69513888888889,52.577527777777775
4353,126749284,1716080400.0,15.030027777777779,52.08813888888889
4354,126156193,1716129074.0,14.887838,52.561867
4355,126155401,1716133353.0,15.663,51.797444444444444
4356,126156113,1716125195.0,14.649638888888889,52.30786111111111
4357,126156283,1716140003.0,15.673607,51.94691
4358,126156208,1716129247.0,14.560611111111111,52.34869444444445
4359,126154854,1716070071.0,15.027527777777777,51.63341666666667
4360,126155089,1716125167.0,15.233333333333333,52.70038888888889
4361,126155036,1716117630.0,15.606222222222222,51.743833333333335
4362,126156145,1716118004.0,15.133527777777777,51.63894444444445
4363,126155389,1716129780.0,15.268888888888888,52.29569444444444
4364,126156332,1716144493.0,15.129166666666666,51.63477777777778
4365,126156484,1716182700.0,15.440055555555556,51.94691666666667
4366,126157197,1716217738.0,15.243361111111112,52.74597222222222
4367,126157268,1716220529.0,15.478305555555556,51.939166666666665
4368,126156579,1716189117.0,16.313833333333335,51.80736111111111
4369,126157331,1716225377.0,14.703194444444444,51.905055555555556
4370,126155840,1716206797.0,14.97275,51.784055555555554
4371,126157374,1716227710.0,15.424222222222221,52.592444444444446
4372,126156983,1716205821.0,15.835527777777777,52.848333333333336
4373,126157276,1716221312.0,15.514805555555556,51.75297222222222
4374,126155844,1716216300.0,15.520583333333333,51.94452777777778
4375,126156934,1716203400.0,15.265027777777778,51.81066666666667
4376,126155864,1716220800.0,15.473,51.943333333333335
4377,126156844,1716203280.0,15.132916666666667,51.636833333333335
4378,126156943,1716198543.0,14.938666666666666,52.15477777777778
4379,126155868,1716229757.0,15.554333333333334,52.724916666666665
4380,126155872,1716237554.0,15.70063888888889,51.81458333333333
4381,126155696,1716203212.0,15.018833333333333,51.756055555555555
4382,126155697,1716202794.0,15.825472222222222,51.72680555555556
4383,126157494,1716228719.0,15.613,52.08111111111111
4384,126155807,1716221782.0,14.557833333333333,52.350972222222225
4385,126155805,1716209683.0,15.281555555555556,52.3305
4386,126155673,1716202674.0,14.556666666666667,52.35011111111111
4387,126156435,1716180693.0,14.562055555555556,52.36586111111111
4388,126282525,1716215940.0,15.253805555555555,52.75611111111111
4389,126157365,1716214201.0,15.65161111111111,52.30013888888889
4390,126156751,1716198074.0,15.105888888888888,52.05275
4391,126155637,1716195900.0,15.503194444444444,51.94536111111111
4392,126160157,1716216300.0,15.486222222222223,51.95322222222222
4393,126155743,1716211286.0,15.414972222222222,51.98447222222222
4394,126156621,1716190632.0,14.73236111111111,51.540083333333335
4395,126155495,1716179370.0,15.113611111111112,52.75508333333333
4396,126156534,1716184885.0,15.472583333333333,52.825916666666664
4397,126289289,1716217800.0,15.269027777777778,52.76522222222222
4398,126158262,1716201000.0,15.307916666666667,51.61552777777778
4399,126157248,1716221098.0,15.218166666666667,52.73844444444445
4400,126156536,1716187517.0,15.256472222222222,52.74852777777778
4401,126157478,1716230112.0,15.200388888888888,52.724805555555555
4402,126156765,1716199660.0,14.636,52.60508333333333
4403,126157454,1716236645.0,14.642194444444444,52.568555555555555
4404,126157113,1716208066.0,16.333755,51.813339
4405,126168599,1716294000.0,15.31325,51.61691666666667
4406,126158215,1716324491.0,15.20575,52.781055555555554
4407,126152764,1716309275.0,15.150166666666667,51.63436111111111
4408,126152690,1716307882.0,14.978861111111112,51.7815
4409,126156046,1716283688.0,15.833424,52.853419
4410,126157662,1716273685.0,14.558111111111112,52.35433333333334
4411,126152550,1716293983.0,15.737027777777778,52.95747222222222
4412,126157579,1716271582.0,15.70513888888889,51.809777777777775
4413,126157756,1716281160.0,14.747666666666667,51.9135
4414,126157927,1716288533.0,15.572,52.43577777777778
4415,126155961,1716271080.0,14.72338888888889,51.956694444444445
4416,126158173,1716306161.0,15.533722222222222,52.26241666666667
4417,126152698,1716303141.0,15.461416666666667,52.83725
4418,126157503,1716260798.0,16.047194444444443,51.91008333333333
4419,126158179,1716296418.0,15.524805555555556,51.956916666666665
4420,126157831,1716282860.0,16.177847,51.779156
4421,126157758,1716282240.0,15.686333333333334,51.80147222222222
4422,126156030,1716283674.0,15.567222222222222,52.44277777777778
4423,126152543,1716294480.0,15.648972222222222,51.78033333333333
4424,126157550,1716263758.0,14.58925,52.316805555555554
4425,126155881,1716242817.0,14.65038888888889,52.32516666666667
4426,126158223,1716325800.0,15.598,52.07461111111111
4427,126164633,1716282000.0,14.736916666666666,51.53413888888889
4428,126158191,1716297600.0,15.524138888888888,51.9465
4429,126160170,1716267600.0,15.32725,52.01072222222222
4430,126155984,1716272100.0,15.537083333333333,51.957166666666666
4431,126157730,1716272100.0,15.537777777777778,51.957166666666666
4432,126158200,1716310800.0,15.558944444444444,51.98458333333333
4433,126157922,1716285600.0,15.507,51.86775
4434,126156007,1716278513.0,14.797833333333333,52.30575
4435,126156078,1716285600.0,15.50386111111111,51.94061111111111
4436,126157753,1716281439.0,15.60436111111111,51.952555555555556
4437,126160194,1716313800.0,15.446333333333333,51.92205555555556
4438,126152881,1716317993.0,14.610083333333334,52.32183333333333
4439,126152455,1716279479.0,14.659527777777777,52.357277777777774
4440,126152906,1716320540.0,14.627833333333333,52.32613888888889
4441,126158136,1716284100.0,15.622944444444444,51.92161111111111
4442,126157800,1716282600.0,15.507944444444444,51.94302777777778
4443,126159663,1716298140.0,15.513777777777777,51.940333333333335
4444,126165505,1716283380.0,15.506277777777777,51.94463888888889
4445,126202534,1716328500.0,14.642,52.325722222222225
4446,126158204,1716305591.0,15.533083333333334,52.882444444444445
4447,126157513,1716265761.0,14.645805555555556,52.58347222222222
4448,126159829,1716281400.0,15.72125,51.80213888888889
4449,126167743,1716273000.0,15.501416666666668,51.933638888888886
4450,126286476,1716272100.0,15.171611111111112,52.74236111111111
4451,126158615,1716371922.0,15.302166666666666,51.787638888888885
4452,126158879,1716390600.0,15.481555555555556,51.94383333333333
4453,126158309,1716362400.0,15.505972222222223,51.93566666666667
4454,126158475,1716372059.0,15.461916666666667,52.25380555555556
4455,126158229,1716333659.0,15.076027777777778,51.558194444444446
4456,126180658,1716366600.0,14.682972222222222,52.59561111111111
4457,126238927,1716373800.0,15.69175,52.09586111111111
4458,126162133,1716375600.0,15.50986111111111,51.936416666666666
4459,126708609,1716399900.0,15.47411111111111,51.93511111111111
4460,126159287,1716393600.0,15.621361111111112,52.094388888888886
4461,126158911,1716398017.0,14.761916666666666,51.97186111111111
4462,126158816,1716387002.0,15.049833333333334,52.84136111111111
4463,126153057,1716358646.0,14.964583333333334,51.781194444444445
4464,126153092,1716367342.0,14.984,51.779555555555554
4465,126158753,1716387841.0,14.839416666666667,52.344722222222224
4466,126158461,1716373573.0,15.419611111111111,52.599111111111114
4467,126158603,1716382826.0,15.546194444444444,52.37625
4468,126153083,1716368491.0,15.65488888888889,52.74336111111111
4469,126152992,1716354159.0,14.610166666666666,52.327444444444446
4470,126158822,1716386914.0,15.401972222222222,52.625055555555555
4471,126158416,1716373680.0,15.577944444444444,52.44822222222222
4472,126157976,1716358314.0,15.817388888888889,52.48108333333333
4473,126158793,1716390358.0,15.061416666666666,51.73094444444445
4474,126158585,1716381311.0,15.709083333333334,51.81213888888889
4475,126158924,1716399310.0,15.164,52.72997222222222
4476,126152996,1716356317.0,15.255666666666666,52.73661111111111
4477,126159218,1716380054.0,15.178888888888888,52.718805555555555
4478,126158348,1716367997.0,15.251722222222222,52.720666666666666
4479,126158802,1716391803.0,14.651388888888889,52.58625
4480,126164614,1716328800.0,15.487694444444445,51.98225
4481,126159326,1716439755.0,14.655305555555556,52.323388888888886
4482,126160554,1716466721.0,15.514166666666666,52.23822222222222
4483,126161153,1716466500.0,15.852055555555555,52.71680555555555
4484,126159053,1716422100.0,15.554583333333333,51.93763888888889
4485,126159090,1716438372.0,15.529777777777777,52.24697222222222
4486,126160977,1716498848.0,14.664583333333333,52.412194444444445
4487,126160607,1716467886.0,15.556861111111111,52.250194444444446
4488,126164603,1716469200.0,15.505138888888888,51.942083333333336
4489,126286463,1716474600.0,15.233694444444444,52.744638888888886
4490,126161014,1716498536.0,15.039333333333333,51.630722222222225
4491,126160360,1716455766.0,15.234027777777778,52.74455555555556
4492,126159577,1716476802.0,15.194916666666666,52.73858333333333
4493,126286481,1716463800.0,15.226916666666666,52.73788888888889
4494,126159536,1716468493.0,15.229333333333333,52.74111111111111
4495,126160818,1716481580.0,14.642222222222223,52.58097222222222
4496,126164748,1716434700.0,15.668388888888888,51.793416666666666
4497,126159309,1716435196.0,15.221944444444444,52.742555555555555
4498,126160137,1716444598.0,15.257194444444444,52.75833333333333
4499,126160639,1716466621.0,15.726666666666667,51.73138888888889
4500,126160897,1716489030.0,15.232194444444444,52.69675
4501,126160580,1716466650.0,15.717472222222222,51.80133333333333
4502,126159613,1716489000.0,15.73925,51.95027777777778
4503,126160565,1716467202.0,15.535444444444444,51.56344444444444
4504,126165509,1716494400.0,15.5015,51.91866666666667
4505,126160791,1716474912.0,15.4955,51.96122222222222
4506,126159945,1716554953.0,16.31513888888889,51.80727777777778
4507,126162355,1716535377.0,15.338611111111112,52.75516666666667
4508,126162215,1716535555.0,15.533527777777778,52.24238888888889
4509,126162213,1716536137.0,15.675444444444445,52.57641666666667
4510,126162296,1716532979.0,14.62225,51.840583333333335
4511,126159725,1716535540.0,15.814388888888889,52.24308333333333
4512,126159942,1716558241.0,16.336576,51.836784
4513,126162963,1716568154.0,15.299833333333334,52.338277777777776
4514,126286466,1716555300.0,15.245416666666667,52.72552777777778
4515,126286429,1716561000.0,15.19625,52.73780555555555
4516,126300540,1716541200.0,15.241666666666667,52.73786111111111
4517,126163039,1716566400.0,15.49388888888889,51.94127777777778
4518,126282541,1716568200.0,15.228527777777778,52.731
4519,126163079,1716578258.0,14.968916666666667,51.785916666666665
4520,126162818,1716558897.0,15.23638888888889,52.73577777777778
4521,126282526,1716547740.0,15.2475,52.72555555555556
4522,126724716,1716550500.0,15.09811111111111,52.04841666666667
4523,126168961,1716541200.0,15.52225,52.87755555555555
4524,126162836,1716563238.0,15.798,51.66880555555556
4525,126162305,1716541980.0,15.531472222222222,52.87947222222222
4526,126159931,1716555828.0,15.23875,52.76311111111111
4527,126168235,1716549600.0,15.65925,51.79141666666666
4528,126159897,1716560807.0,15.4865,51.932
4529,126160023,1716581151.0,15.018222222222223,51.75219444444444
4530,126162600,1716554778.0,16.070444444444444,51.880694444444444
4531,126162750,1716553985.0,15.228722222222222,52.73313888888889
4532,126163087,1716581100.0,15.716111111111111,51.77025
4533,126162924,1716570713.0,14.959555555555555,52.12222222222222
4534,126161065,1716527609.0,15.122277777777779,51.65511111111111
4535,126162870,1716563096.0,15.826194444444445,51.72925
4536,126162573,1716553617.0,15.12025,52.44038888888889
4537,126166492,1716579000.0,15.53225,52.87422222222222
4538,126162459,1716544020.0,15.47636111111111,52.77325
4539,126163069,1716581960.0,15.502527777777777,51.94544444444445
4540,126162782,1716560100.0,15.485166666666666,51.931694444444446
4541,126159965,1716569832.0,15.569666666666667,52.462472222222225
4542,126162297,1716541237.0,15.319638888888889,51.61525
4543,126163103,1716585214.0,14.972416666666666,51.81041666666667
4544,126715671,1716614400.0,15.48,51.94
4545,126164115,1716631013.0,15.537583333333334,52.25088888888889
4546,126163115,1716588436.0,15.118294,52.58452
4547,126163501,1716631337.0,15.328472222222222,52.18841666666667
4548,126286436,1716616800.0,15.22375,52.73375
4549,126163541,1716646013.0,15.238277777777778,52.731138888888886
4550,126273836,1716645600.0,15.24488888888889,52.72525
4551,126163660,1716651104.0,15.78275,52.56780555555556
4552,126165515,1716620400.0,15.528694444444444,51.94283333333333
4553,126164129,1716625800.0,15.514027777777777,51.94394444444445
4554,126163325,1716627448.0,15.537805555555556,51.567083333333336
4555,126163486,1716639857.0,15.664222222222222,51.532916666666665
4556,126165479,1716643800.0,15.083444444444444,51.57797222222222
4557,126361417,1716645600.0,15.253166666666667,52.74238888888889
4558,126164602,1716649500.0,14.634472222222222,52.31611111111111
4559,126289950,1716636600.0,15.539861111111112,51.565777777777775
4560,126163181,1716605787.0,15.265333333333333,52.69394444444445
4561,126160078,1716623820.0,15.57863888888889,52.44438888888889
4562,126163292,1716625238.0,15.780277777777778,52.31194444444444
4563,126164242,1716646736.0,15.012222222222222,52.33266666666667
4564,126164288,1716653700.0,15.512611111111111,51.936277777777775
4565,126163226,1716620431.0,15.550888888888888,52.32066666666667
4566,126163426,1716636685.0,15.553,52.84630555555555
4567,126164143,1716633923.0,14.969805555555556,51.78472222222222
4568,126776856,1716620400.0,15.619777777777777,52.09613888888889
4569,126163449,1716641032.0,15.530388888888888,52.87705555555556
4570,126164299,1716659546.0,15.237777777777778,52.73397222222222
4571,126163262,1716627387.0,15.21925,52.74802777777778
4572,126163882,1716659400.0,15.830805555555555,51.72786111111111
4573,126163214,1716622873.0,15.239833333333333,52.727444444444444
4574,126163712,1716655735.0,15.198305555555555,51.497972222222224
4575,126163611,1716654028.0,15.375361111111111,51.628305555555556
4576,126163769,1716670200.0,14.966946,52.555988
4577,126164263,1716651782.0,15.369861111111112,51.63316666666667
4578,126163440,1716637271.0,15.199972222222222,52.737972222222226
4579,126163483,1716639300.0,15.476638888888889,51.886722222222225
4580,126163668,1716660674.0,15.123888888888889,51.65408333333333
4581,126163281,1716625500.0,15.461916666666667,51.93108333333333
4582,126164257,1716649200.0,15.578305555555556,51.91411111111111
4583,126165526,1716638100.0,15.572944444444444,51.90244444444444
4584,126163315,1716630706.0,15.233666666666666,52.74483333333333
4585,126163724,1716655345.0,14.587805555555555,52.352777777777774
4586,126163462,1716639729.0,15.875194444444444,52.329027777777775
4587,126160074,1716623520.0,14.6515,52.592083333333335
4588,126164296,1716661319.0,15.546722222222222,51.569833333333335
4589,126164324,1716665433.0,15.152722222222222,51.681666666666665
4590,126174129,1716645600.0,15.505194444444445,51.937222222222225
4591,126167117,1716730920.0,15.50238888888889,51.93669444444444
4592,126166158,1716741651.0,15.868194444444445,52.07325
4593,126164034,1716729439.0,15.25013888888889,52.744083333333336
4594,126297336,1716721200.0,15.75175,52.81177777777778
4595,126166235,1716735600.0,15.563694444444444,51.91733333333333
4596,126164530,1716750328.0,15.653611111111111,52.90869444444444
4597,126166136,1716735323.0,15.528972222222222,52.87763888888889
4598,126166207,1716743607.0,15.80875,52.94797222222222
4599,126163839,1716689923.0,15.21525,52.73591666666667
4600,126164021,1716726398.0,16.12175,51.846833333333336
4601,126164473,1716732000.0,15.491944444444444,51.92975
4602,126163837,1716690751.0,15.17586111111111,51.52897222222222
4603,126163886,1716712743.0,15.246916666666667,52.75805555555556
4604,126163915,1716715857.0,15.060138888888888,52.31325
4605,126163911,1716716241.0,15.477694444444445,52.42497222222222
4606,126165549,1716746100.0,15.465777777777777,51.95975
4607,126166179,1716738576.0,15.674138888888889,52.44997222222222
4608,126836372,1716694800.0,15.691444444444445,52.06341666666667
4609,126165292,1716809455.0,15.144527777777778,51.640277777777776
4610,126164891,1716822667.0,16.372369,51.818001
4611,126167747,1716794100.0,15.522055555555555,51.94277777777778
4612,126164673,1716787823.0,14.985805555555556,51.63825
4613,126282545,1716818400.0,15.253194444444444,52.74236111111111
4614,126165237,1716797408.0,15.76961111111111,52.56825
4615,126166798,1716821717.0,15.540277777777778,52.39886111111111
4616,126282549,1716792900.0,15.256222222222222,52.74175
4617,126166894,1716829016.0,15.163916666666667,52.730583333333335
4618,126164912,1716828960.0,15.035099,52.329826
4619,126166642,1716811337.0,14.648361111111111,52.587361111111115
4620,126168166,1716846900.0,14.565805555555556,52.38558333333334
4621,126165426,1716828600.0,15.454638888888889,51.864916666666666
4622,126165379,1716819680.0,15.606027777777777,52.007694444444446
4623,126164590,1716786718.0,15.618527777777778,52.07936111111111
4624,126165372,1716818700.0,15.497666666666667,51.955527777777775
4625,126165403,1716822718.0,15.717833333333333,51.800111111111114
4626,126166887,1716824638.0,15.651333333333334,51.87716666666667
4627,126166485,1716800279.0,14.723222222222223,51.94969444444445
4628,126165302,1716811800.0,14.62888888888889,52.34594444444444
4629,126166585,1716805516.0,15.591083333333334,51.75025
4630,126164780,1716809574.0,15.219472222222223,52.74311111111111
4631,126166820,1716823024.0,15.426861111111112,51.63319444444444
4632,126165227,1716792259.0,15.213055555555556,52.78944444444444
4633,126164668,1716796002.0,14.55786111111111,52.34875
4634,126164643,1716794607.0,15.706944444444444,51.80125
4635,126166776,1716822484.0,15.235777777777777,52.736222222222224
4636,126165210,1716795157.0,14.79425,52.18875
4637,126164670,1716790087.0,15.110222222222223,51.655055555555556
4638,126164977,1716824950.0,15.604861111111111,52.07983333333333
4639,126166705,1716813433.0,14.647583333333333,52.32527777777778
4640,126166326,1716784066.0,15.110287,52.443255
4641,126164831,1716816862.0,15.083619,52.322342
4642,126164970,1716843034.0,15.482777777777777,52.72997222222222
4643,126168236,1716897414.0,14.639277777777778,52.579972222222224
4644,126282534,1716873300.0,15.252527777777777,52.75586111111111
4645,126174133,1716896340.0,15.95963888888889,51.50058333333333
4646,126174130,1716883200.0,15.518888888888888,51.94094444444445
4647,126167644,1716911920.0,15.369805555555555,52.7005
4648,126359391,1716885000.0,15.223194444444445,52.733916666666666
4649,126165721,1716900000.0,15.391,51.95561111111111
4650,126167663,1716924600.0,15.505472222222222,51.94186111111111
4651,126165778,1716912937.0,15.52663888888889,51.958305555555555
4652,126167502,1716899057.0,15.14,51.644666666666666
4653,126165766,1716902263.0,15.172916666666667,52.71747222222222
4654,126167540,1716909000.0,15.520055555555556,51.946416666666664
4655,126167461,1716903946.0,15.561527777777778,51.84594444444444
4656,126165551,1716879910.0,15.483027777777778,52.253
4657,126165091,1716876438.0,15.263416666666666,52.762166666666666
4658,126168277,1716891268.0,15.275277777777777,52.762277777777776
4659,126168330,1716895200.0,15.804305555555555,51.95205555555555
4660,126333053,1716922620.0,15.578972222222223,52.44427777777778
4661,126167355,1716897300.0,15.480222222222222,51.584833333333336
4662,126167548,1716910031.0,15.566583333333334,52.44252777777778
4663,126767230,1716890400.0,15.395027777777777,52.73430555555556
4664,126167591,1716913708.0,15.534472222222222,52.234944444444444
4665,126165855,1716927260.0,14.795555555555556,52.42047222222222
4666,126165725,1716902292.0,14.724222222222222,51.953916666666665
4667,126165704,1716895200.0,15.494555555555555,51.940222222222225
4668,126168321,1716898015.0,15.137611111111111,51.63666666666667
4669,126167383,1716895455.0,15.542694444444445,52.23438888888889
4670,126167042,1716873360.0,15.413444444444444,52.31902777777778
4671,126165728,1716890733.0,15.15563888888889,52.74461111111111
4672,126168132,1716876545.0,15.269277777777777,52.75802777777778
4673,126167306,1716894413.0,15.501888888888889,52.24661111111111
4674,126165677,1716894994.0,15.78661111111111,52.38302777777778
4675,126165590,1716885358.0,14.638833333333334,52.57947222222222
4676,126167201,1716886303.0,15.584972222222222,52.443777777777775
4677,126167497,1716906218.0,15.544527777777777,52.87952777777778
4678,126165891,1716953241.0,15.228833333333334,52.7295
4679,126217305,1716973500.0,16.318333333333335,51.80558333333333
4680,126180663,1716998940.0,14.629444444444445,52.596666666666664
4681,126250103,1716941400.0,15.621833333333333,52.04708333333333
4682,126170127,1717001400.0,15.507472222222223,51.9315
4683,126169348,1716991200.0,15.558305555555556,51.93852777777778
4684,126167800,1716954000.0,15.494666666666667,51.9615
4685,126169325,1716992631.0,15.117166666666666,52.055277777777775
4686,126169152,1716981000.0,15.497472222222223,51.95616666666667
4687,126169470,1717003862.0,15.498833333333334,51.92583333333333
4688,126167979,1716983344.0,15.580166666666667,52.31825
4689,126166058,1716972000.0,15.520611111111112,51.95305555555556
4690,126167762,1716961500.0,15.510055555555555,51.93808333333333
4691,126165884,1716945000.0,15.210176,52.313092
4692,126167757,1716957518.0,15.24725,52.76086111111111
4693,126169554,1717011520.0,15.301519,52.311038
4694,126168639,1716988249.0,15.255666666666666,52.73661111111111
4695,126166061,1716972834.0,15.250111111111112,52.74358333333333
4696,126274071,1716967800.0,15.229222222222223,52.73730555555556
4697,126168074,1716987600.0,15.683361111111111,51.79866666666667
4698,126179112,1716993000.0,15.51075,51.94697222222222
4699,126282555,1716971400.0,15.216166666666666,52.73925
4700,126169497,1717007016.0,15.127666666666666,51.62863888888889
4701,126168665,1716992016.0,15.116888888888889,51.63591666666667
4702,126170105,1716998438.0,15.140777777777778,51.63569444444445
4703,126168019,1716988739.0,15.539888888888889,52.248083333333334
4704,126169330,1716990189.0,15.538361111111112,52.86205555555556
4705,126168045,1716985200.0,15.817527777777778,52.1755
4706,126168709,1717001693.0,15.70513888888889,51.79977777777778
4707,126167850,1716972907.0,14.588916666666666,52.31630555555556
4708,126168630,1716984177.0,15.558166666666667,52.724805555555555
4709,126167991,1716987600.0,15.256972222222222,52.757333333333335
4710,126167890,1716969600.0,15.836333333333334,52.165305555555555
4711,126169143,1716978329.0,15.491916666666667,51.96355555555556
4712,126168703,1716989743.0,15.24313888888889,52.76416666666667
4713,126177346,1716939000.0,15.704722222222223,51.797472222222225
4714,126172724,1716984900.0,15.589722222222223,51.935944444444445
4715,126165947,1716962788.0,14.807555555555556,51.86911111111111
4716,126169509,1717008756.0,16.307833333333335,51.81494444444444
4717,126282551,1716964320.0,15.23325,52.73572222222222
4718,126170169,1717015137.0,15.583777777777778,51.932722222222225
4719,126173087,1717066800.0,15.48863888888889,51.97819444444445
4720,126174441,1717024200.0,15.048,51.64025
4721,126168788,1717039800.0,15.58938888888889,51.905722222222224
4722,126170309,1717085700.0,15.200027777777779,52.31619444444444
4723,126169637,1717051584.0,14.630063,52.317665
4724,126282539,1717066800.0,15.220833333333333,52.70291666666667
4725,126286449,1717063200.0,15.245694444444444,52.733583333333335
4726,126168886,1717095600.0,15.553027777777778,51.92188888888889
4727,126168866,1717094529.0,15.470916666666668,52.57202777777778
4728,126168776,1717028912.0,14.983444444444444,51.839055555555554
4729,126170284,1717079940.0,15.534333333333333,52.25233333333333
4730,126170325,1717090978.0,15.470916666666668,52.57202777777778
4731,126169816,1717098647.0,15.034583333333334,51.7425
4732,126169594,1717044286.0,15.302166666666666,52.29983333333333
4733,126170314,1717079425.0,15.234527777777778,52.75436111111111
4734,126169698,1717079322.0,14.639444444444445,52.57977777777778
4735,126170263,1717066382.0,15.241583333333333,52.72830555555556
4736,126170194,1717023358.0,14.86811111111111,52.455333333333336
4737,126170222,1717059061.0,15.718222222222222,51.800111111111114
4738,126169023,1717148785.0,15.5485,52.23291666666667
4739,126170601,1717161495.0,15.531583333333334,52.25586111111111
4740,126170086,1717155864.0,15.64713888888889,52.09155555555556
4741,126171279,1717166822.0,14.90638888888889,52.33438888888889
4742,126169887,1717137433.0,15.49975,51.93088888888889
4743,126169976,1717147800.0,15.509916666666667,51.93677777777778
4744,126170449,1717145398.0,15.523472222222223,51.93933333333333
4745,126169009,1717150967.0,15.119083333333334,51.78975
4746,126172187,1717176077.0,15.513388888888889,51.87141666666667
4747,126169077,1717159631.0,15.474583333333333,51.93902777777778
4748,126170533,1717152959.0,15.245333333333333,52.72522222222222
4749,126171240,1717164302.0,15.249972222222222,52.698388888888886
4750,126169943,1717143253.0,15.548805555555555,51.56905555555556
4751,126169857,1717135084.0,14.733305555555555,51.94822222222222
4752,126170411,1717142573.0,15.187888888888889,52.785583333333335
4753,126170354,1717106475.0,15.080777777777778,51.770472222222224
4754,126171310,1717171233.0,15.239583333333334,52.72775
4755,126170036,1717148782.0,15.529527777777778,52.87694444444445
4756,126177213,1717173000.0,15.290444444444445,52.491
4757,126170599,1717161433.0,14.727194444444445,51.94711111111111
4758,126173104,1717186868.0,15.1525,52.01036111111111
4759,126168930,1717130448.0,14.890166666666667,52.33102777777778
4760,126169088,1717159825.0,14.64461111111111,52.59222222222222
4761,126171192,1717160782.0,15.59761111111111,51.739444444444445
4762,126170655,1717175289.0,15.716222222222223,51.798138888888886
4763,126170656,1717178172.0,15.153055555555556,51.62755555555555
4764,126168987,1717146903.0,15.543472222222222,52.878166666666665
4765,126168984,1717144063.0,15.245583333333334,52.758805555555554
4766,126776861,1717143600.0,15.612944444444445,51.07677777777778
4767,126169830,1717107875.0,14.871555555555556,52.45408333333334
4768,126171164,1717158119.0,15.147194444444445,52.747638888888886
4769,126171335,1717171433.0,15.249027777777778,52.744166666666665
4770,126168990,1717143665.0,15.582194444444445,52.14672222222222
4771,126172317,1717239588.0,15.244055555555555,52.72386111111111
4772,126180593,1717267500.0,15.83375,52.11775
4773,126180664,1717233720.0,14.650916666666667,52.58627777777778
4774,126170838,1717259400.0,15.483277777777777,51.94875
4775,126180222,1717254000.0,15.493694444444444,51.92897222222222
4776,126172302,1717236900.0,15.51575,51.936861111111114
4777,126172490,1717270747.0,15.848666666666666,52.070027777777774
4778,126170720,1717228623.0,15.639805555555556,52.55386111111111
4779,126172442,1717263600.0,15.572805555555556,51.992
4780,126173324,1717245900.0,15.519388888888889,51.95113888888889
4781,126173199,1717230000.0,15.612916666666667,51.89275
4782,126173409,1717254600.0,15.502888888888888,51.94002777777778
4783,126170708,1717211700.0,15.418222222222223,51.98275
4784,126173401,1717249829.0,15.266944444444444,52.29625
4785,126170842,1717260408.0,15.200944444444444,52.73716666666667
4786,126170718,1717225224.0,15.246638888888889,52.72522222222222
4787,126173438,1717257876.0,15.466555555555555,51.58730555555555
4788,126172386,1717248943.0,16.104162,51.857437
4789,126173434,1717256245.0,16.32844,51.805595
4790,126173381,1717246343.0,15.548805555555555,51.56711111111111
4791,126172311,1717231309.0,15.10388888888889,52.05469444444444
4792,126173314,1717244848.0,14.64938888888889,52.58722222222222
4793,126173130,1717208073.0,15.780555555555555,52.311861111111114
4794,126170872,1717274161.0,15.061416666666666,51.5765
4795,126173452,1717255324.0,15.69511111111111,51.803
4796,126172206,1717197309.0,14.587444444444445,52.31633333333333
4797,126173859,1717356701.0,15.519777777777778,51.93325
4798,126188195,1717326000.0,15.397722222222223,51.89286111111111
4799,126172570,1717321657.0,15.082899,52.59166
4800,126173667,1717323888.0,16.175772,51.734299
4801,126173614,1717321098.0,15.234805555555555,52.73930555555555
4802,126173805,1717336200.0,15.49675,51.93577777777778
4803,126172578,1717336200.0,15.514055555555556,51.94394444444445
4804,126170899,1717288800.0,15.254388888888888,51.80127777777778
4805,126171012,1717343627.0,15.11963888888889,52.32613888888889
4806,126172635,1717347973.0,15.553166666666666,52.422472222222225
4807,126173612,1717319356.0,15.550555555555556,51.574666666666666
4808,126172494,1717285733.0,15.535388888888889,52.26947222222222
4809,126171018,1717346260.0,14.877055555555556,51.63558333333334
4810,126173719,1717327646.0,15.147805555555555,51.722944444444444
4811,126173577,1717295555.0,15.06861111111111,51.58038888888889
4812,126173819,1717349795.0,15.7295,51.72372222222222
4813,126170951,1717330116.0,14.844277777777778,52.328694444444444
4814,126170954,1717325777.0,15.351248,52.439453
4815,126170991,1717338503.0,15.51661111111111,52.25275
4816,126171069,1717349925.0,14.639166666666666,52.58744444444444
4817,126172616,1717347439.0,14.561833333333333,52.34930555555555
4818,126170946,1717323563.0,15.101194444444445,51.696333333333335
4819,126173880,1717343734.0,15.43225,51.97836111111111
4820,126176465,1717401600.0,15.530722222222222,51.941805555555554
4821,126176472,1717417800.0,15.509916666666667,51.93672222222222
4822,126175140,1717412027.0,15.636527777777777,52.571305555555554
4823,126175201,1717419000.0,15.454055555555556,52.15280555555555
4824,126172680,1717384814.0,15.210277777777778,52.82863888888889
4825,126286443,1717424100.0,15.271972222222223,52.74188888888889
4826,126174003,1717401372.0,14.968861111111112,51.78502777777778
4827,126172677,1717382400.0,15.380055555555556,51.88341666666667
4828,126173028,1717447028.0,15.14386111111111,52.75644444444445
4829,126174430,1717404000.0,15.451444444444444,52.152388888888886
4830,126175258,1717422060.0,15.526527777777778,52.24605555555556
4831,126172766,1717394632.0,15.008333333333333,52.67594444444445
4832,126175219,1717416334.0,15.116055555555555,52.70044444444444
4833,126175428,1717438857.0,15.043472222222222,52.67836111111111
4834,126174251,1717412376.0,15.227555555555556,52.730777777777774
4835,126182496,1717411200.0,15.733583333333334,51.79763888888889
4836,126175395,1717435738.0,15.26625,52.73538888888889
4837,126173008,1717437596.0,15.494277777777778,51.96183333333333
4838,126173924,1717392413.0,15.452,51.59036111111111
4839,126174001,1717402795.0,15.453083333333334,52.64344444444444
4840,126174312,1717425000.0,15.51361111111111,51.943777777777775
4841,126172957,1717416900.0,15.244333333333334,51.811055555555555
4842,126174201,1717404600.0,15.491361111111111,51.928444444444445
4843,126172962,1717421247.0,15.214666666666666,51.52066666666666
4844,126177236,1717443000.0,15.323305555555555,51.71022222222222
4845,126172709,1717394415.0,14.667944444444444,52.602
4846,126174334,1717423800.0,15.518472222222222,51.949527777777774
4847,126172879,1717414411.0,14.650777777777778,52.5895
4848,126175165,1717414500.0,15.4805,51.93963888888889
4849,126172913,1717416300.0,15.52825,51.93047222222222
4850,126177176,1717523637.0,15.065262,52.314144
4851,126175574,1717486609.0,15.522694444444445,52.24366666666667
4852,126175970,1717521755.0,15.665777777777778,51.69616666666667
4853,126175856,1717511332.0,15.227555555555556,52.738083333333336
4854,126176412,1717522186.0,15.244416666666666,52.73294444444444
4855,126175602,1717484400.0,15.479527777777777,51.939277777777775
4856,126175923,1717510320.0,15.610944444444444,52.063
4857,126359401,1717480200.0,15.241138888888889,52.7285
4858,126245976,1717516200.0,15.48938888888889,51.9545
4859,126177179,1717521960.0,15.57713888888889,52.44302777777778
4860,126175902,1717508028.0,15.53975,52.249027777777776
4861,126175589,1717480575.0,15.406194444444445,52.82261111111111
4862,126175653,1717490848.0,15.47788888888889,52.90288888888889
4863,126176011,1717530852.0,15.507249999999999,52.897
4864,126175687,1717495739.0,15.238861111111111,52.732638888888886
4865,126175983,1717525897.0,15.076944444444445,52.06227777777778
4866,126179206,1717508100.0,15.492166666666666,51.94336111111111
4867,126175815,1717506841.0,15.598194444444445,51.74505555555555
4868,126174623,1717509042.0,15.667916666666667,51.870555555555555
4869,126178673,1717594687.0,16.319361,51.80661
4870,126178840,1717610017.0,16.310171,51.799061
4871,126178542,1717591324.0,15.620277777777778,52.07833333333333
4872,126178312,1717580935.0,14.653833333333333,52.587
4873,126246753,1717590000.0,15.534027777777778,51.56713888888889
4874,126178158,1717567555.0,15.23788888888889,52.75802777777778
4875,126179208,1717577100.0,15.523305555555556,51.938805555555554
4876,126178702,1717589700.0,15.818083333333334,52.24161111111111
4877,126177323,1717586160.0,15.520722222222222,52.24927777777778
4878,126178607,1717597200.0,15.498194444444444,51.95344444444444
4879,126177391,1717591957.0,14.967611111111111,51.77988888888889
4880,126176574,1717581527.0,15.230805555555555,52.69711111111111
4881,126178508,1717587568.0,15.243611111111111,52.74536111111111
4882,126178535,1717596000.0,15.501777777777777,51.947583333333334
4883,126178320,1717578900.0,15.830083333333333,51.95025
4884,126178600,1717588433.0,15.269444444444444,52.741277777777775
4885,126357020,1717567200.0,15.2115,52.732305555555556
4886,126177434,1717602897.0,14.941666666666666,51.79130555555555
4887,126178516,1717590823.0,14.607027777777779,52.32111111111111
4888,126176549,1717577351.0,15.256416666666667,52.76461111111111
4889,126273932,1717573800.0,15.241,52.72855555555556
4890,126176627,1717590141.0,15.678972222222223,51.730444444444444
4891,126177392,1717593544.0,15.728444444444445,51.67525
4892,126178733,1717599600.0,15.501138888888889,51.921638888888886
4893,126177428,1717597667.0,15.234305555555556,52.74455555555556
4894,126361409,1717581600.0,15.24161111111111,52.738055555555555
4895,126177406,1717595338.0,15.23461111111111,52.71836111111111
4896,126177243,1717569276.0,15.229944444444444,52.77372222222222
4897,126177228,1717565873.0,15.227472222222222,52.74336111111111
4898,126176537,1717574323.0,15.541416666666667,52.881055555555555
4899,126177339,1717538520.0,15.590444444444444,51.756
4900,126176078,1717560004.0,15.878694444444445,52.329055555555556
4901,126178260,1717577117.0,15.244695,52.436392
4902,126178302,1717580916.0,16.310555555555556,51.809416666666664
4903,126357009,1717593000.0,15.248083333333334,52.76575
4904,126178843,1717609500.0,16.302015,51.794067
4905,126181953,1717697400.0,15.51913888888889,51.92155555555556
4906,126181950,1717694400.0,15.521194444444445,51.95397222222222
4907,126286422,1717662900.0,15.250194444444444,52.74411111111111
4908,126180137,1717655400.0,15.694333333333333,51.805055555555555
4909,126181698,1717682700.0,15.487833333333333,51.97638888888889
4910,126181450,1717666757.0,15.525444444444444,51.95908333333333
4911,126181857,1717690698.0,16.108482,51.794121
4912,126181567,1717676508.0,15.539833333333334,52.54366666666667
4913,126240832,1717678800.0,15.541805555555555,51.565305555555554
4914,126178965,1717647885.0,15.248833333333334,52.29741666666666
4915,126181726,1717678732.0,15.134805555555555,51.63469444444444
4916,126179069,1717654069.0,15.130305555555555,51.63444444444445
4917,126181270,1717663836.0,14.640055555555556,52.580888888888886
4918,126181541,1717674567.0,14.566277777777778,52.35677777777778
4919,126181505,1717674923.0,15.20886111111111,52.7315
4920,126181712,1717683381.0,14.778638888888889,52.54675
4921,126181362,1717659578.0,14.999,51.85675
4922,126178938,1717641268.0,14.994305555555556,51.79786111111111
4923,126181625,1717661505.0,15.524666666666667,51.93252777777778
4924,126181246,1717661465.0,14.585111111111111,52.340916666666665
4925,126181858,1717682883.0,14.659638888888889,52.42952777777778
4926,126181622,1717677565.0,14.99911111111111,51.76588888888889
4927,126181592,1717674404.0,16.338125,51.801445
4928,126361439,1717665600.0,15.211166666666667,52.73602777777778
4929,126359413,1717681500.0,15.251388888888888,52.722027777777775
4930,126181661,1717680921.0,15.314388888888889,51.617416666666664
4931,126178952,1717638134.0,15.109267,52.586566
4932,126325820,1717695900.0,15.525166666666667,51.95758333333333
4933,126186104,1717684800.0,15.523833333333334,51.93297222222222
4934,126182915,1717769747.0,15.251527777777778,52.74344444444444
4935,126186443,1717749600.0,15.223583333333334,51.52605555555556
4936,126183178,1717761863.0,15.514611111111112,51.94536111111111
4937,126182787,1717757023.0,15.217944444444445,52.80383333333333
4938,126182654,1717749427.0,14.958583333333333,51.787194444444445
4939,126183013,1717774304.0,15.114638888888889,52.44611111111111
4940,126182481,1717750323.0,16.072333333333333,51.882583333333336
4941,126183224,1717784229.0,15.097166666666666,52.0525
4942,126183339,1717796869.0,15.199633,52.448406
4943,126182419,1717740531.0,15.65536111111111,52.300444444444445
4944,126182848,1717769197.0,15.237333333333334,52.748333333333335
4945,126182760,1717765790.0,16.230344,51.816884
4946,126182435,1717751880.0,15.651666666666667,51.87625
4947,126182088,1717713653.0,15.208194444444445,52.73533333333334
4948,126182199,1717739400.0,15.490694444444445,51.93497222222222
4949,126182768,1717764912.0,15.244583333333333,52.761944444444445
4950,126182201,1717741258.0,15.22413888888889,52.7455
4951,126188211,1717757100.0,15.505777777777778,51.943527777777774
4952,126183028,1717763921.0,15.328,51.61611111111111
4953,126183235,1717783843.0,15.696583333333333,51.684194444444444
4954,126188236,1717760400.0,15.501722222222222,51.94777777777778
4955,126182092,1717715100.0,15.480055555555555,51.89544444444444
4956,126183146,1717778460.0,15.729333333333333,51.708444444444446
4957,126182955,1717763539.0,15.72813888888889,51.86347222222222
4958,126182646,1717754400.0,15.479083333333334,51.94430555555556
4959,126188254,1717772400.0,15.662416666666667,51.92758333333333
4960,126183337,1717793820.0,15.583277777777777,52.14363888888889
4961,126183405,1717806603.0,14.941817,52.564387
4962,126183585,1717836582.0,15.240777777777778,52.72836111111111
4963,126183438,1717818656.0,15.503083333333333,51.56308333333333
4964,126183899,1717858669.0,15.302444444444445,52.780944444444444
4965,126184078,1717872169.0,15.563944444444445,52.44244444444445
4966,126183747,1717847716.0,14.754944444444444,52.633833333333335
4967,126183703,1717837200.0,14.559972222222223,52.35063888888889
4968,126183522,1717828104.0,14.562194444444444,52.35191666666667
4969,126183989,1717862712.0,15.568388888888888,52.44427777777778
4970,126184080,1717867320.0,15.1365,51.6385
4971,126183549,1717834958.0,14.726916666666666,51.948027777777774
4972,126183635,1717840936.0,14.965969,52.566058
4973,126183764,1717844713.0,15.1605,52.74497222222222
4974,126183538,1717831500.0,15.828916666666666,52.18855555555555
4975,126291316,1717860900.0,15.238388888888888,52.731
4976,126183857,1717845292.0,15.029666666666667,51.74458333333333
4977,126183750,1717845300.0,15.5055,51.942277777777775
4978,126185167,1717872346.0,15.374583333333334,51.47108333333333
4979,126183408,1717806600.0,15.506916666666667,51.94255555555556
4980,126183455,1717819215.0,15.653722222222223,52.853722222222224
4981,126185170,1717867800.0,15.51913888888889,51.93647222222222
4982,126188324,1717858800.0,15.495138888888889,51.92808333333333
4983,126184006,1717854300.0,15.513222222222222,51.90452777777778
4984,126183954,1717849906.0,15.18625,51.60425
4985,126183629,1717833600.0,15.492833333333333,51.96530555555555
4986,126183940,1717854300.0,15.53111111111111,51.88319444444444
4987,126183877,1717851600.0,15.495333333333333,51.93225
4988,126183818,1717849200.0,15.493583333333333,51.94188888888889
4989,126183468,1717827398.0,15.519805555555555,51.946416666666664
4990,126183907,1717856004.0,15.082189,52.312168
4991,126184045,1717844760.0,15.532666666666668,52.241194444444446
4992,126183402,1717800174.0,15.040027777777778,51.554722222222225
4993,126185147,1717866127.0,15.24775,52.819
4994,126183682,1717842960.0,16.06875,51.879222222222225
4995,126184042,1717861874.0,15.092903,52.430878
4996,126184066,1717870262.0,15.693916666666667,52.197583333333334
4997,126185817,1717963370.0,15.65125,52.293
4998,126185451,1717934116.0,15.118638888888889,52.44405555555556
4999,126185489,1717936445.0,15.058194444444444,51.9845
5000,126185501,1717935756.0,15.797944444444445,51.668166666666664
5001,126185586,1717944280.0,15.080583333333333,52.023916666666665
5002,126185866,1717966867.0,14.642416666666666,52.325722222222225
5003,126185614,1717937302.0,15.577,52.081472222222224
5004,126185729,1717949561.0,15.240055555555555,52.73302777777778
5005,126185806,1717943400.0,15.72175,52.02880555555556
5006,126185239,1717887600.0,15.493472222222222,51.93977777777778
5007,126185644,1717940669.0,15.604583333333334,51.68922222222222
5008,126185522,1717937400.0,15.435472222222222,51.94691666666667
5009,126180487,1717942800.0,15.558944444444444,51.92375
5010,126359407,1717885800.0,15.242194444444445,52.73119444444445
5011,126187811,1718026150.0,16.26763,51.776535
5012,126198020,1718015400.0,14.759805555555555,52.63611111111111
5013,126202735,1718023200.0,15.541611111111111,51.56538888888889
5014,126187300,1718012740.0,15.532472222222221,52.24138888888889
5015,126187271,1718007000.0,15.780722222222222,52.312194444444444
5016,126308299,1718013600.0,15.73836111111111,52.09522222222222
5017,126185964,1717995858.0,15.227,52.730583333333335
5018,126294447,1717995900.0,15.244444444444444,52.73916666666667
5019,126187493,1718016818.0,15.545916666666667,52.51522222222222
5020,126185894,1717972027.0,14.794,52.55638888888889
5021,126187599,1718027103.0,14.639138888888889,52.57952777777778
5022,126185984,1717992220.0,15.723694444444444,51.78052777777778
5023,126188046,1718045657.0,15.25125,52.74438888888889
5024,126187625,1718025007.0,15.122694444444445,52.44061111111111
5025,126187165,1717997198.0,15.11175,51.62244444444445
5026,126187196,1718007321.0,14.722777777777777,51.95136111111111
5027,126187674,1718026567.0,15.218083333333333,52.73652777777778
5028,126187348,1718011342.0,14.722777777777777,51.95136111111111
5029,126188039,1718047221.0,15.756416666666667,51.68227777777778
5030,126187690,1718027341.0,14.636472222222222,52.32625
5031,126708788,1718022600.0,15.269027777777778,52.75913888888889
5032,126187330,1718011281.0,14.939972222222222,51.613305555555556
5033,126187973,1718040946.0,15.247527777777778,52.73341666666666
5034,126362325,1718013600.0,15.221805555555555,52.74111111111111
5035,126191160,1718018220.0,14.8125,52.56436111111111
5036,126188122,1718056473.0,15.69586111111111,51.752916666666664
5037,126187663,1718028858.0,15.592444444444444,52.44486111111111
5038,126188094,1718055600.0,15.538388888888889,51.90413888888889
5039,126188023,1718029899.0,15.517805555555556,51.95641666666667
5040,126187859,1718035854.0,15.144333333333334,51.62858333333333
5041,126187249,1718009400.0,15.472805555555556,51.956805555555555
5042,126187683,1718025600.0,15.486777777777778,51.95813888888889
5043,126188607,1718099646.0,15.265194444444445,51.81077777777778
5044,126188156,1718077687.0,15.566916666666668,51.61661111111111
5045,126188326,1718085600.0,15.218166666666667,51.782
5046,126188866,1718109660.0,15.722027777777777,52.11797222222222
5047,126189012,1718110800.0,15.55263888888889,51.937694444444446
5048,126188132,1718072333.0,15.568311,52.320663
5049,126189164,1718120087.0,15.532388888888889,52.260555555555555
5050,126189048,1718120100.0,15.53411111111111,52.23502777777778
5051,126188942,1718110500.0,15.520694444444445,51.95308333333333
5052,126188291,1718087938.0,15.227666666666666,52.74347222222222
5053,126188534,1718101080.0,15.121774,52.440542
5054,126188566,1718097984.0,16.293856,51.745369
5055,126188586,1718100097.0,14.561527777777778,52.35652777777778
5056,126180814,1718100000.0,15.387166666666667,51.88825
5057,126256360,1718103600.0,15.483,51.93738888888889
5058,126188517,1718097955.0,15.236833333333333,52.74086111111111
5059,126188786,1718111816.0,14.646361111111112,52.58422222222222
5060,126188501,1718097235.0,15.5055,52.59419444444445
5061,126188967,1718116412.0,15.584861111111111,52.44561111111111
5062,126188528,1718097424.0,15.589666666666666,52.43302777777778
5063,126188844,1718109918.0,15.050305555555555,51.64030555555556
5064,126188314,1718088655.0,15.242583333333334,52.74794444444444
5065,126188784,1718106956.0,15.456972222222221,52.648583333333335
5066,126196135,1718098200.0,15.494833333333334,51.92988888888889
5067,126193619,1718204100.0,15.559472222222222,51.923944444444444
5068,126190214,1718209397.0,15.228555555555555,52.743611111111115
5069,126189936,1718197222.0,15.528472222222222,52.88044444444444
5070,126190035,1718199924.0,15.714333333333332,52.766194444444444
5071,126186346,1718215475.0,15.199722222222222,52.73569444444445
5072,126186334,1718212010.0,15.759472222222222,52.97002777777778
5073,126190259,1718211360.0,15.234055555555555,52.74466666666667
5074,126189966,1718193845.0,15.70425,51.79086111111111
5075,126186327,1718206617.0,15.223138888888888,52.742305555555554
5076,126186331,1718208214.0,15.667777777777777,52.53358333333333
5077,126189969,1718197934.0,15.577861111111112,52.44202777777778
5078,126189656,1718184925.0,14.931111111111111,51.762
5079,126189610,1718179435.0,14.8885,52.67338888888889
5080,126186376,1718215118.0,15.225722222222222,52.30388888888889
5081,126289331,1718202600.0,15.253333333333334,52.73
5082,126189546,1718175000.0,15.514111111111111,51.935944444444445
5083,126190176,1718195700.0,15.510666666666667,51.93788888888889
5084,126190068,1718200200.0,15.521305555555555,51.954055555555556
5085,126767432,1718208900.0,14.655055555555556,52.587944444444446
5086,126189995,1718197993.0,15.226722222222222,52.73569444444445
5087,126234730,1718187900.0,15.698583333333334,52.976083333333335
5088,126190016,1718199348.0,15.243444444444444,52.73313888888889
5089,126189799,1718185378.0,15.234055555555555,52.74502777777778
5090,126189391,1718156802.0,14.987916666666667,51.63861111111111
5091,126190265,1718215200.0,15.515833333333333,51.92338888888889
5092,126189772,1718188972.0,16.39472,51.818783
5093,126190269,1718210400.0,15.465916666666667,51.940222222222225
5094,126189701,1718186184.0,14.904748,52.334438
5095,126189917,1718192909.0,15.549,52.24897222222222
5096,126189387,1718146486.0,14.770916666666666,52.34488888888889
5097,126190676,1718279460.0,15.103777777777777,52.05447222222222
5098,126190347,1718246984.0,14.790805555555556,51.93922222222222
5099,126186705,1718290925.0,16.309484,51.81197
5100,126190374,1718248168.0,15.153777777777778,52.00727777777778
5101,126186655,1718284913.0,14.83313888888889,52.34975
5102,126193627,1718286300.0,15.508583333333334,51.90602777777778
5103,126186450,1718260578.0,15.256055555555555,52.73425
5104,126186446,1718256517.0,15.268055555555556,52.75702777777778
5105,126224797,1718275200.0,15.244166666666667,52.74638888888889
5106,126190659,1718276835.0,15.531916666666667,52.23822222222222
5107,126180679,1718281800.0,15.617583333333334,52.06477777777778
5108,126190783,1718276767.0,14.672333333333333,52.324888888888886
5109,126191030,1718301000.0,15.47875,51.934694444444446
5110,126191042,1718301000.0,15.520388888888888,51.95897222222222
5111,126186735,1718298600.0,15.492305555555555,51.943222222222225
5112,126190707,1718277505.0,14.562111111111111,52.349555555555554
5113,126191031,1718309160.0,14.726666666666667,51.9585
5114,126190791,1718275607.0,14.555583333333333,52.35219444444444
5115,126190604,1718270814.0,14.561722222222222,52.3545
5116,126180773,1718298071.0,15.816555555555556,52.50975
5117,126190777,1718279575.0,15.10388888888889,51.609944444444444
5118,126186961,1718256600.0,15.831027777777777,52.8415
5119,126361427,1718287200.0,15.249416666666667,52.75072222222222
5120,126362433,1718290800.0,15.229111111111111,52.748666666666665
5121,126190564,1718268300.0,15.537777777777778,51.959583333333335
5122,126190557,1718264100.0,15.554083333333333,51.92205555555556
5123,126186572,1718268900.0,15.5055,51.942194444444446
5124,126190867,1718272303.0,15.199972222222222,52.85036111111111
5125,126193797,1718287200.0,15.505666666666666,51.92047222222222
5126,126190450,1718261799.0,15.662166666666666,51.93086111111111
5127,126180759,1718297414.0,15.15163888888889,52.736472222222226
5128,126186744,1718310769.0,15.21786111111111,52.79741666666666
5129,126190669,1718274000.0,15.552555555555555,51.9385
5130,126193624,1718259000.0,15.506333333333334,51.938361111111114
5131,126190602,1718270533.0,15.7175,51.80105555555556
5132,126193791,1718277000.0,15.502555555555556,51.935916666666664
5133,126190507,1718263800.0,15.478694444444445,51.93461111111111
5134,126190733,1718273154.0,14.941083333333333,52.07138888888889
5135,126197708,1718289600.0,14.905916666666666,51.71358333333333
5136,126181091,1718383221.0,14.747764,52.543292
5137,126180890,1718349965.0,15.558777777777777,51.923722222222224
5138,126193117,1718398449.0,15.43988888888889,52.92486111111111
5139,126191573,1718378004.0,15.528666666666666,51.57563888888889
5140,126186992,1718362999.0,15.528888888888888,51.56311111111111
5141,126180859,1718351631.0,14.933027777777777,52.78691666666667
5142,126191638,1718394733.0,15.452333333333334,52.953722222222225
5143,126191247,1718351340.0,15.567916666666667,52.32052777777778
5144,126191581,1718379151.0,15.546083333333334,52.332972222222224
5145,126191627,1718393456.0,15.81675,52.825583333333334
5146,126180831,1718344200.0,15.50686111111111,51.94252777777778
5147,126198304,1718359200.0,15.507111111111112,51.943083333333334
5148,126191580,1718376300.0,15.641666666666667,52.088055555555556
5149,126245686,1718366400.0,15.715944444444444,51.951166666666666
5150,126180998,1718370936.0,15.230151,52.477165
5151,126191170,1718349391.0,14.565277777777778,52.34886111111111
5152,126192106,1718387400.0,15.508444444444445,51.931777777777775
5153,126197577,1718346600.0,15.530527777777777,52.87763888888889
5154,126191128,1718344414.0,14.955333333333334,51.784666666666666
5155,126191436,1718365888.0,15.52538888888889,51.95883333333333
5156,126180867,1718352538.0,16.309555555555555,51.812222222222225
5157,126361400,1718373600.0,15.212138888888889,52.74136111111111
5158,126186977,1718361141.0,14.779305555555556,51.78638888888889
5159,126194182,1718318760.0,15.712166666666667,51.70211111111111
5160,126186932,1718359784.0,15.241472222222223,52.72847222222222
5161,126191615,1718383976.0,15.112555555555556,52.69983333333333
5162,126192120,1718385300.0,15.525027777777778,51.958888888888886
5163,126191123,1718346701.0,15.248916666666666,52.74461111111111
5164,126180896,1718356163.0,14.643416666666667,52.59188888888889
5165,126196136,1718358600.0,15.534527777777777,51.928333333333335
5166,126191613,1718390129.0,15.4345,52.419
5167,126187089,1718377200.0,15.489972222222223,51.89255555555555
5168,126191333,1718363337.0,15.316444444444445,51.61725
5169,126187053,1718377198.0,15.479305555555555,51.94027777777778
5170,126180797,1718330070.0,15.547611111111111,52.88447222222222
5171,126191534,1718377703.0,15.836055555555555,52.327444444444446
5172,126191478,1718373672.0,15.127361111111112,51.64011111111111
5173,126181025,1718375705.0,15.593861111111112,52.31588888888889
5174,126192169,1718447107.0,14.83225,51.982194444444445
5175,126191702,1718410871.0,16.121472222222224,51.8465
5176,126201750,1718449200.0,15.499166666666667,51.928777777777775
5177,126191941,1718457793.0,15.34163888888889,52.65080555555556
5178,126196123,1718448060.0,15.168,51.703583333333334
5179,126191909,1718454822.0,15.295111111111112,52.32147222222222
5180,126193285,1718464736.0,15.531666666666666,52.23427777777778
5181,126191875,1718443440.0,15.565972222222221,52.204
5182,126192199,1718441143.0,15.815888888888889,52.241527777777776
5183,126192202,1718452945.0,14.978998,52.245373
5184,126192145,1718426923.0,14.87336111111111,52.33280555555555
5185,126198307,1718455200.0,15.501611111111112,51.937083333333334
5186,126192020,1718486741.0,15.043416666666667,51.6305
5187,126191722,1718420396.0,15.09163888888889,51.551833333333335
5188,126191762,1718437726.0,15.229083333333334,52.733111111111114
5189,126193225,1718449620.0,14.776333333333334,52.64222222222222
5190,126192208,1718454345.0,14.730277777777777,51.948055555555555
5191,126192184,1718449486.0,15.128944444444445,52.75552777777778
5192,126191972,1718469125.0,15.827666666666667,51.72961111111111
5193,126191886,1718449598.0,15.228,52.74347222222222
5194,126192237,1718453257.0,15.109833333333333,51.61969444444444
5195,126192376,1718475900.0,15.510555555555555,51.93716666666667
5196,126196120,1718448060.0,15.168,51.703583333333334
5197,126191863,1718447386.0,15.559583333333332,52.44133333333333
5198,126191925,1718456130.0,15.388388888888889,52.61797222222222
5199,126192161,1718444274.0,15.689444444444444,52.377361111111114
5200,126191930,1718451000.0,15.489638888888889,51.952305555555554
5201,126192171,1718446053.0,15.653361111111112,51.92863888888889
5202,126193249,1718449017.0,15.492333333333333,51.94325
5203,126193335,1718490293.0,15.56788888888889,52.46427777777778
5204,126192727,1718554609.0,15.526694444444445,52.88441666666667
5205,126202544,1718521200.0,15.509305555555555,51.90441666666667
5206,126274617,1718559000.0,15.217611111111111,52.74425
5207,126192579,1718546379.0,15.552055555555556,52.23211111111111
5208,126271971,1718539800.0,15.237805555555555,52.75613888888889
5209,126192589,1718532000.0,15.32125,51.94394444444445
5210,126193419,1718532877.0,15.39225,51.99066666666667
5211,126192631,1718546711.0,15.608305555555555,52.42088888888889
5212,126192414,1718492495.0,15.881555555555556,52.329
5213,126192605,1718550378.0,15.615833333333333,51.462916666666665
5214,126192657,1718553557.0,15.255916666666666,52.73533333333334
5215,126192624,1718551617.0,15.144722222222223,52.06211111111111
5216,126192459,1718527440.0,15.234916666666667,52.72558333333333
5217,126192572,1718537560.0,15.234111111111112,52.745222222222225
5218,126192667,1718558213.0,15.706416666666666,51.74536111111111
5219,126192406,1718493103.0,14.64536111111111,52.58305555555555
5220,126192482,1718527072.0,15.055583333333333,52.76705555555556
5221,126218133,1718650800.0,15.494083333333334,51.94247222222222
5222,126193668,1718607608.0,15.659222222222223,52.74425
5223,126198119,1718643600.0,15.569916666666666,51.91952777777778
5224,126193031,1718614140.0,16.312,51.80725
5225,126193857,1718627336.0,15.156638888888889,52.74563888888889
5226,126193882,1718621236.0,15.231333333333334,52.698027777777774
5227,126192930,1718613000.0,15.526777777777777,51.939305555555556
5228,126218130,1718604360.0,15.661888888888889,52.09166666666667
5229,126197304,1718652924.0,15.326583333333334,51.62075
5230,126197106,1718626689.0,15.426111111111112,51.59158333333333
5231,126193945,1718627400.0,15.512166666666667,51.941583333333334
5232,126198159,1718641097.0,14.973583333333334,51.79705555555556
5233,126297995,1718598300.0,15.56263888888889,51.99036111111111
5234,126197236,1718636556.0,15.523388888888888,52.244055555555555
5235,126192812,1718601084.0,15.495972222222223,52.249833333333335
5236,126192820,1718603235.0,15.531888888888888,52.24102777777778
5237,126192971,1718612080.0,15.818444444444445,52.24847222222222
5238,126194009,1718625482.0,14.931972222222223,51.55255555555556
5239,126221255,1718616600.0,15.743972222222222,52.09141666666667
5240,126238307,1718602380.0,15.501305555555556,51.92941666666667
5241,126197159,1718632206.0,15.235083333333334,52.735
5242,126192889,1718609580.0,15.250277777777777,52.72236111111111
5243,126362395,1718602200.0,15.250472222222221,52.75825
5244,126193579,1718598399.0,14.889833333333334,52.67386111111111
5245,126193037,1718621489.0,15.397416666666667,52.734611111111114
5246,126200124,1718619000.0,15.611416666666667,51.746722222222225
5247,126192846,1718607823.0,15.466111111111111,52.69722222222222
5248,126197195,1718633685.0,15.24538888888889,52.759055555555555
5249,126197147,1718630514.0,15.729611111111112,51.748555555555555
5250,126192923,1718612719.0,15.591888888888889,52.44444444444444
5251,126193070,1718618421.0,15.722805555555556,51.79080555555556
5252,126193831,1718624875.0,14.761944444444444,51.95216666666666
5253,126193084,1718625558.0,15.203583333333333,52.07877777777778
5254,126197141,1718620020.0,14.754527777777778,51.547694444444446
5255,126192935,1718610098.0,14.571222222222222,52.353944444444444
5256,126192838,1718604575.0,14.791833333333333,51.942388888888885
5257,126202552,1718634120.0,15.489611111111111,51.95213888888889
5258,126198339,1718692701.0,16.071583333333333,51.88097222222222
5259,126218140,1718708400.0,15.495277777777778,51.95041666666667
5260,126218135,1718692200.0,15.478111111111112,51.94236111111111
5261,126198717,1718731120.0,15.557416666666667,52.845555555555556
5262,126197769,1718715233.0,15.695805555555555,51.80716666666667
5263,126197843,1718719991.0,15.244194444444444,52.739916666666666
5264,126198309,1718691480.0,14.650833333333333,52.30825
5265,126217401,1718703600.0,15.11663888888889,51.651666666666664
5266,126197965,1718741419.0,15.273944444444444,52.765166666666666
5267,126198406,1718699145.0,14.567666666666666,52.36588888888889
5268,126201758,1718723400.0,15.520416666666666,51.945055555555555
5269,126200202,1718738162.0,15.745083333333334,51.71519444444444
5270,126197442,1718684941.0,15.234,52.745222222222225
5271,126198813,1718746011.0,15.505185,52.258774
5272,126198259,1718685180.0,15.361194444444445,52.80636111111111
5273,126197751,1718709851.0,15.247055555555555,52.75738888888889
5274,126198522,1718709880.0,14.651,52.59372222222222
5275,126200207,1718721563.0,14.61186111111111,52.32230555555556
5276,126199045,1718722800.0,15.68211111111111,51.796527777777776
5277,126198698,1718718367.0,15.548722222222223,51.567972222222224
5278,126362493,1718689200.0,15.238722222222222,52.7605
5279,126200222,1718745369.0,15.181052,52.307609
5280,126198754,1718735981.0,15.196944444444444,51.52858333333333
5281,126200138,1718721130.0,15.520444444444445,51.956944444444446
5282,126201450,1718713200.0,15.53886111111111,52.88019444444444
5283,126198610,1718717400.0,15.59613888888889,52.01211111111111
5284,126198341,1718693780.0,15.628527777777778,52.02758333333333
5285,126200604,1718727600.0,15.497555555555556,51.956694444444445
5286,126198728,1718725663.0,15.496055555555555,51.935722222222225
5287,126198729,1718720400.0,15.518027777777778,51.959361111111114
5288,126197739,1718708100.0,15.476638888888889,51.88697222222222
5289,126198722,1718720618.0,15.086166666666667,52.05880555555556
5290,126197796,1718715385.0,15.082527777777777,51.589527777777775
5291,126198487,1718704421.0,15.35325,51.61125
5292,126198603,1718715000.0,15.619166666666667,52.0775
5293,126198595,1718705400.0,15.500472222222221,51.93475
5294,126200208,1718729321.0,15.652305555555555,52.089555555555556
5295,126197673,1718708400.0,15.626305555555556,52.08513888888889
5296,126200170,1718722103.0,16.333626,51.813255
5297,126197964,1718742968.0,16.39274,51.77351
5298,126199044,1718733600.0,15.750861111111112,51.76463888888889
5299,126218146,1718726400.0,15.501611111111112,51.95216666666666
5300,126198602,1718717651.0,15.2045,52.74263888888889
5301,126362477,1718686800.0,15.202805555555555,52.73802777777778
5302,126198244,1718681059.0,15.458805555555555,52.422
5303,126197771,1718713518.0,16.244662,51.715283
5304,126198250,1718685001.0,16.306049,51.796421
5305,126197604,1718695199.0,15.716944444444444,51.770583333333335
5306,126198230,1718667052.0,15.577055555555555,52.44294444444444
5307,126231751,1718690400.0,15.569916666666666,51.91952777777778
5308,126202575,1718741700.0,15.969055555555556,51.61922222222222
5309,126198685,1718716469.0,14.782178,52.335655
5310,126202389,1718828700.0,15.522916666666667,51.95622222222222
5311,126202336,1718805600.0,15.52125,51.953944444444446
5312,126202244,1718806500.0,15.51913888888889,51.950833333333335
5313,126218148,1718779980.0,15.507805555555555,51.94152777777778
5314,126198840,1718776436.0,15.249611111111111,52.718472222222225
5315,126217339,1718813100.0,15.1395,51.63602777777778
5316,126201132,1718793128.0,15.218416666666666,52.803111111111114
5317,126198985,1718789963.0,15.719888888888889,51.79086111111111
5318,126201270,1718805672.0,15.563527777777777,51.561277777777775
5319,126202125,1718798400.0,15.489972222222223,51.94563888888889
5320,126202905,1718787600.0,15.71725,51.80386111111111
5321,126202216,1718803258.0,14.615166666666667,52.32322222222222
5322,126201174,1718795175.0,14.563722222222221,52.348638888888885
5323,126224826,1718830800.0,15.302861111111111,52.6975
5324,126202231,1718810446.0,15.810611111111111,52.82352777777778
5325,126200441,1718801521.0,14.564305555555556,52.348444444444446
5326,126202279,1718813164.0,15.731416666666666,51.79827777777778
5327,126201253,1718805714.0,15.493083333333333,52.59338888888889
5328,126202237,1718799881.0,15.441055555555556,51.591944444444444
5329,126202415,1718828322.0,15.217722222222223,52.669916666666666
5330,126198815,1718766694.0,15.440194444444444,51.946666666666665
5331,126201171,1718792500.0,15.58075,52.97541666666667
5332,126198002,1718772829.0,15.126888888888889,52.02791666666667
5333,126202163,1718803722.0,15.2555,52.73580555555556
5334,126767368,1718794620.0,15.28725,52.7715
5335,126201173,1718796652.0,15.210527777777777,52.73561111111111
5336,126787699,1718799000.0,15.833027777777778,52.16580555555556
5337,126201116,1718791721.0,15.130277777777778,51.6415
5338,126200498,1718819005.0,16.098621,51.861834
5339,126217119,1718878626.0,15.217194444444445,52.743611111111115
5340,126213103,1718879367.0,16.0685,51.87961111111111
5341,126202656,1718873665.0,15.242083333333333,52.728138888888886
5342,126202791,1718884365.0,15.537888888888888,52.24322222222222
5343,126202829,1718889886.0,15.877194444444445,52.84261111111111
5344,126202987,1718898010.0,14.647055555555555,52.482527777777776
5345,126202827,1718885147.0,14.57013888888889,52.34838888888889
5346,126202951,1718890105.0,15.60063888888889,51.743138888888886
5347,126207102,1718872143.0,15.252638888888889,52.75991666666667
5348,126200556,1718853898.0,14.736833333333333,52.383583333333334
5349,126202717,1718880053.0,15.827277777777777,52.834472222222225
5350,126201395,1718859401.0,15.705666666666666,51.80072222222222
5351,126201600,1718897666.0,15.206444444444445,51.76719444444444
5352,126217211,1718891571.0,15.139222222222223,51.63569444444445
5353,126201383,1718838480.0,15.172027777777778,52.74238888888889
5354,126202876,1718888461.0,15.864027777777778,52.79836111111111
5355,126275112,1718886000.0,15.62663888888889,52.03225
5356,126362473,1718893200.0,15.243305555555555,52.72547222222222
5357,126767318,1718866800.0,14.888722222222222,52.67969444444444
5358,126219317,1718917200.0,15.502944444444445,51.95752777777778
5359,126217158,1718882646.0,15.55488888888889,52.228972222222225
5360,126218177,1718953325.0,14.747777777777777,51.95463888888889
5361,126219332,1718993585.0,15.822111111111111,51.66088888888889
5362,126218802,1718999365.0,16.352705,51.819767
5363,126218618,1718985558.0,14.983694444444444,51.779666666666664
5364,126219179,1718976466.0,15.21275,52.78758333333333
5365,126218285,1718960588.0,15.237527777777778,52.73186111111111
5366,126201952,1718958812.0,15.537861111111111,52.24813888888889
5367,126218464,1718973127.0,15.516944444444444,52.251583333333336
5368,126219371,1718997094.0,15.436055555555555,52.29225
5369,126218577,1718975908.0,15.802555555555555,52.27883333333333
5370,126218358,1718966323.0,15.053638888888889,52.075
5371,126218476,1718974372.0,15.51013888888889,51.69475
5372,126218738,1718999292.0,15.668416666666667,51.793416666666666
5373,126202039,1718965344.0,15.577111111111112,52.44294444444444
5374,126201923,1718959940.0,15.65625,51.78919444444445
5375,126224781,1718977800.0,15.525305555555555,51.93994444444444
5376,126224779,1718981400.0,15.500194444444444,51.95275
5377,126201839,1718956684.0,15.481055555555555,52.40938888888889
5378,126219273,1718990340.0,14.658888888888889,52.32394444444444
5379,126218684,1718993880.0,15.24563888888889,51.53897222222222
5380,126223211,1718933400.0,16.079416666666667,51.87891666666667
5381,126218306,1718957400.0,15.571944444444444,51.900166666666664
5382,126201779,1718950200.0,15.51211111111111,51.93286111111111
5383,126218573,1718978472.0,14.632583333333333,52.386805555555554
5384,126223842,1718965800.0,15.783722222222222,52.076861111111114
5385,126218249,1718957122.0,15.526555555555555,51.56261111111111
5386,126266782,1719002400.0,15.309611111111112,51.986555555555555
5387,126219237,1718965800.0,15.482833333333334,51.93311111111111
5388,126218763,1719002546.0,15.16086111111111,52.74466666666667
5389,126201991,1718962009.0,16.244473,51.876099
5390,126366373,1718955000.0,15.244444444444444,52.738055555555555
5391,126223288,1719008700.0,15.271277777777778,51.73908333333333
5392,126218902,1719046887.0,15.117845,52.438759
5393,126219811,1719074383.0,15.25375,52.74655555555555
5394,126218888,1719044515.0,15.139444444444445,51.64394444444444
5395,126218863,1719039880.0,16.186609,51.832897
5396,126219099,1719066771.0,15.662194444444445,51.711194444444445
5397,126218978,1719050391.0,14.982583333333334,51.779944444444446
5398,126221122,1719039000.0,15.550611111111111,52.30361111111111
5399,126218923,1719049186.0,15.25386111111111,52.716944444444444
5400,126219677,1719067760.0,15.57311111111111,52.44244444444445
5401,126219086,1719062679.0,15.263777777777777,51.777277777777776
5402,126219700,1719059401.0,14.735861111111111,51.54138888888889
5403,126219764,1719063900.0,15.519777777777778,51.94611111111111
5404,126218837,1719029852.0,15.528833333333333,51.962361111111115
5405,126220261,1719086444.0,14.844055555555556,51.54591666666666
5406,126219559,1719045000.0,15.564277777777777,51.93925
5407,126219512,1719039600.0,15.520694444444445,51.95894444444444
5408,126219816,1719086700.0,15.567083333333333,51.99497222222222
5409,126220187,1719083700.0,15.513277777777777,51.93313888888889
5410,126333328,1719028800.0,15.520333333333333,51.941
5411,126366378,1719048000.0,15.24713888888889,52.726194444444445
5412,126219395,1719011991.0,14.764916666666666,51.66411111111111
5413,126224154,1719051180.0,15.50986111111111,51.940694444444446
5414,126362450,1719052200.0,15.243611111111111,52.74166666666667
5415,126362457,1719046800.0,15.276861111111112,52.76375
5416,126223076,1719090900.0,14.878222222222222,52.46047222222222
5417,126221300,1719075600.0,15.513916666666667,51.936166666666665
5418,126258816,1719093300.0,15.616333333333333,52.09788888888889
5419,126219459,1719041650.0,14.715361111111111,51.97208333333333
5420,126219684,1719045600.0,15.62325,52.09327777777778
5421,126229275,1719054000.0,15.709666666666667,51.823
5422,126222197,1719176356.0,14.808104,52.55901
5423,126220586,1719167191.0,14.609972222222222,52.321777777777775
5424,126220019,1719147013.0,15.388638888888888,52.73291666666667
5425,126219911,1719126647.0,15.466555555555555,52.577527777777775
5426,126219986,1719146184.0,15.223666666666666,52.73094444444445
5427,126222140,1719160848.0,15.156944444444445,52.74827777777778
5428,126220032,1719152681.0,15.235,52.73013888888889
5429,126222155,1719171241.0,15.238861111111111,52.72438888888889
5430,126220323,1719131976.0,15.302,52.29988888888889
5431,126220382,1719147427.0,15.576222222222222,52.13272222222222
5432,126222106,1719163760.0,14.903,51.74608333333333
5433,126219945,1719135711.0,15.504527777777778,51.956472222222224
5434,126220395,1719148500.0,15.583027777777778,52.10308333333333
5435,126259585,1719169200.0,15.5285,52.88291666666667
5436,126220481,1719164169.0,15.432,51.652
5437,126220536,1719168887.0,15.27588888888889,52.76255555555556
5438,126767227,1719173700.0,14.639944444444444,52.59780555555555
5439,126239874,1719257400.0,15.776111111111112,52.07522222222222
5440,126229253,1719235500.0,15.6135,52.07661111111111
5441,126220929,1719261037.0,15.511194444444444,51.572833333333335
5442,126222230,1719206491.0,15.242972222222223,52.73486111111111
5443,126323880,1719218100.0,15.526777777777777,51.93116666666667
5444,126222645,1719234155.0,15.130805555555556,51.639361111111114
5445,126222425,1719223524.0,15.112,52.056777777777775
5446,126222600,1719217800.0,15.509166666666667,51.94361111111111
5447,126222341,1719217560.0,15.30285,52.438164
5448,126222783,1719246786.0,15.566888888888888,52.44283333333333
5449,126222757,1719239423.0,14.607861111111111,52.3285
5450,126222930,1719266264.0,15.729111111111111,51.69833333333333
5451,126222584,1719234488.0,15.275416666666667,52.74333333333333
5452,126281257,1719228600.0,15.241972222222222,52.730666666666664
5453,126220839,1719229239.0,15.50975,51.74677777777778
5454,126222761,1719242100.0,15.134083333333333,51.638222222222225
5455,126222614,1719238680.0,15.275416666666667,52.74333333333333
5456,126222814,1719239563.0,15.236527777777777,52.76958333333333
5457,126222738,1719241614.0,15.249472222222222,52.72311111111111
5458,126220899,1719245607.0,14.661111111111111,52.32405555555555
5459,126222243,1719206441.0,14.635305555555556,52.326388888888886
5460,126222729,1719240789.0,15.821916666666667,51.730777777777774
5461,126222898,1719255643.0,15.551388888888889,51.93336111111111
5462,126220629,1719210180.0,15.304388888888889,51.46336111111111
5463,126220843,1719237284.0,15.489583333333334,51.952194444444444
5464,126222200,1719185400.0,15.554527777777778,51.93855555555555
5465,126220867,1719240436.0,15.01675,51.73825
5466,126222661,1719237210.0,14.646,52.583888888888886
5467,126222667,1719232464.0,15.503222222222222,51.937777777777775
5468,126220605,1719204600.0,15.437222222222223,51.9185
5469,126222391,1719220934.0,16.061083333333332,51.88163888888889
5470,126222369,1719219240.0,14.634666666666666,52.35166666666667
5471,126222663,1719235581.0,14.634527777777778,52.31597222222222
5472,126222875,1719249965.0,14.622416666666666,52.32480555555556
5473,126222938,1719265582.0,15.478638888888888,52.31741666666667
5474,126220933,1719261683.0,15.19763888888889,51.48405555555556
5475,126222252,1719209908.0,15.102333333333334,52.755694444444444
5476,126222216,1719200731.0,15.489527777777777,51.962361111111115
5477,126222348,1719214122.0,15.275416666666667,52.74333333333333
5478,126224218,1719220800.0,15.586083333333333,52.43636111111111
5479,126222691,1719235860.0,15.532222222222222,52.235083333333336
5480,126244990,1719240600.0,15.657222222222222,51.80072222222222
5481,126222363,1719217800.0,15.474805555555555,51.939083333333336
5482,126222704,1719240380.0,15.2405,52.709833333333336
5483,126767384,1719237600.0,15.328583333333333,52.79966666666667
5484,126224756,1719234000.0,15.476111111111111,51.939416666666666
5485,126222479,1719225000.0,15.617472222222222,52.075833333333335
5486,126220591,1719201600.0,15.695166666666667,52.04338888888889
5487,126368086,1719243000.0,15.251388888888888,52.755833333333335
5488,126224747,1719259200.0,16.072166666666668,51.87786111111111
5489,126222962,1719280392.0,14.94396,52.337686
5490,126223345,1719322989.0,15.619083333333334,51.48738888888889
5491,126223097,1719301679.0,15.200805555555556,52.73686111111111
5492,126221093,1719330300.0,15.577222222222222,51.90672222222222
5493,126224760,1719327600.0,15.516222222222222,51.933166666666665
5494,126224759,1719311400.0,15.507527777777778,51.94419444444444
5495,126221516,1719319553.0,16.328382,51.805187
5496,126221055,1719330899.0,14.791444444444444,51.94113888888889
5497,126221487,1719314063.0,15.582666666666666,52.31783333333333
5498,126221521,1719314616.0,15.451527777777777,52.15241666666667
5499,126223056,1719297013.0,14.85763888888889,52.339888888888886
5500,126223340,1719322600.0,14.907638888888888,52.769666666666666
5501,126221367,1719299096.0,15.22888888888889,52.723305555555555
5502,126221086,1719340774.0,15.473055555555556,52.618833333333335
5503,126222955,1719277584.0,15.261027777777779,52.70955555555555
5504,126223314,1719321413.0,15.76811111111111,51.79961111111111
5505,126234709,1719315840.0,15.505416666666667,51.94175
5506,126368103,1719315000.0,15.250111111111112,52.72225
5507,126221318,1719302400.0,15.509527777777778,51.94083333333333
5508,126223290,1719308003.0,15.090333333333334,51.436972222222224
5509,126221755,1719340359.0,15.415777777777778,51.682916666666664
5510,126221482,1719308700.0,15.494416666666666,51.92836111111111
5511,126221362,1719304200.0,15.494027777777777,51.93852777777778
5512,126221536,1719320700.0,15.503333333333334,51.930194444444446
5513,126366391,1719320400.0,15.21875,52.743722222222225
5514,126366403,1719399600.0,15.232833333333334,52.72933333333334
5515,126223753,1719427042.0,15.46825,51.52711111111111
5516,126222006,1719394200.0,15.503277777777777,51.93325
5517,126225190,1719412680.0,15.579055555555556,52.318666666666665
5518,126224344,1719410605.0,15.209416666666666,52.73561111111111
5519,126225267,1719415800.0,15.49488888888889,51.961444444444446
5520,126225295,1719410400.0,15.479,51.99138888888889
5521,126221811,1719359541.0,15.692972222222222,51.80738888888889
5522,126224156,1719380889.0,15.079527777777777,52.76138888888889
5523,126324870,1719392400.0,15.570638888888888,51.91036111111111
5524,126221975,1719384180.0,15.575027777777779,52.44305555555555
5525,126225169,1719402431.0,15.237777777777778,52.756
5526,126224430,1719409946.0,15.316027777777778,51.98602777777778
5527,126223644,1719407888.0,15.099944444444445,52.80277777777778
5528,126820506,1719392400.0,15.833166666666667,52.168638888888886
5529,126820512,1719409800.0,15.624416666666667,52.08647222222222
5530,126223456,1719381579.0,15.171916666666666,51.61291666666666
5531,126225165,1719409390.0,15.130138888888888,51.63952777777778
5532,126224433,1719414010.0,15.494194444444444,51.9635
5533,126223623,1719403698.0,14.811277777777779,52.35052777777778
5534,126225172,1719405095.0,15.732,51.69283333333333
5535,126221969,1719392695.0,15.144277777777777,51.65258333333333
5536,126224607,1719492021.0,15.43063888888889,51.533277777777776
5537,126229277,1719469800.0,15.500333333333334,51.95908333333333
5538,126225420,1719469800.0,15.500333333333334,51.95908333333333
5539,126224578,1719481200.0,15.512583333333334,51.93655555555556
5540,126226164,1719492300.0,15.513055555555555,51.94277777777778
5541,126225621,1719493200.0,15.511222222222223,51.95225
5542,126226172,1719492431.0,15.43063888888889,51.533277777777776
5543,126223961,1719473904.0,15.327694444444445,51.61269444444444
5544,126223929,1719474691.0,15.403555555555556,52.73619444444444
5545,126224727,1719512629.0,15.455027777777778,52.585861111111114
5546,126224659,1719503477.0,15.5335,52.24561111111111
5547,126223947,1719477560.0,15.230305555555555,52.74333333333333
5548,126225760,1719506642.0,14.65925,52.59111111111111
5549,126224630,1719495246.0,15.214555555555556,51.91569444444445
5550,126226217,1719501635.0,15.526194444444444,52.21863888888889
5551,126224683,1719503835.0,15.561944444444444,52.44013888888889
5552,126234719,1719477240.0,15.500055555555555,51.961888888888886
5553,126246394,1719477000.0,15.609194444444444,51.75794444444445
5554,126225813,1719511179.0,15.045666666666667,52.327444444444446
5555,126273859,1719480600.0,15.254555555555555,52.74191666666667
5556,126224723,1719517200.0,15.588083333333334,51.90497222222222
5557,126229181,1719489600.0,15.479972222222223,51.93938888888889
5558,126231619,1719496200.0,14.849638888888888,52.32677777777778
5559,126223898,1719469043.0,15.64075,52.55097222222222
5560,126224705,1719494758.0,15.1,52.04638888888889
5561,126688119,1719485400.0,15.6195,52.09627777777778
5562,126223875,1719449596.0,16.308872,51.756382
5563,126223845,1719466948.0,15.693805555555555,51.80469444444444
5564,126767360,1719513000.0,15.114916666666666,52.75452777777778
5565,126234684,1719507000.0,15.771916666666666,52.95633333333333
5566,126225687,1719497591.0,16.227416666666667,51.81180555555556
5567,126226476,1719469200.0,15.137527777777779,51.53797222222222
5568,126226180,1719499260.0,15.723138888888888,51.80497222222222
5569,126224040,1719482520.0,15.719694444444444,51.80822222222222
5570,126227402,1719576127.0,14.708777777777778,52.54677777777778
5571,126227275,1719582477.0,15.334,52.657222222222224
5572,126227230,1719576333.0,15.540583333333334,52.238305555555556
5573,126226040,1719568040.0,14.727333333333334,51.95088888888889
5574,126246533,1719586980.0,15.712416666666666,51.80152777777778
5575,126227224,1719577669.0,15.13125,51.64480555555556
5576,126227114,1719571759.0,15.175194444444445,51.94880555555555
5577,126226605,1719589080.0,15.576722222222223,52.138555555555556
5578,126227311,1719574844.0,14.946777777777777,52.78063888888889
5579,126225048,1719586170.0,15.128666666666666,51.63005555555556
5580,126228108,1719610589.0,15.637166666666667,51.598
5581,126224932,1719577161.0,14.7275,51.94891666666667
5582,126224935,1719577287.0,15.27525,52.74261111111111
5583,126226547,1719580132.0,14.898027777777777,52.153055555555554
5584,126231510,1719578400.0,15.495138888888889,51.94963888888889
5585,126224911,1719572539.0,14.989814,52.326424
5586,126224762,1719548769.0,15.111583333333334,52.69961111111111
5587,126227444,1719588396.0,16.095194444444445,51.864666666666665
5588,126227296,1719582721.0,15.123694444444444,51.63352777777778
5589,126225917,1719550598.0,14.71925,51.97391666666667
5590,126368129,1719555120.0,15.244916666666667,52.72547222222222
5591,126226514,1719562800.0,15.694444444444445,51.80722222222222
5592,126225035,1719590700.0,15.62675,52.086444444444446
5593,126227268,1719575700.0,15.827166666666667,52.16422222222222
5594,126245243,1719562200.0,15.518722222222221,51.94422222222222
5595,126234689,1719567000.0,15.553888888888888,52.886833333333335
5596,126225981,1719557057.0,15.6215,52.57308333333334
5597,126227332,1719590162.0,15.592722222222223,52.444833333333335
5598,126225054,1719594000.0,15.507916666666667,51.943083333333334
5599,126224820,1719558000.0,15.235194444444444,51.79847222222222
5600,126225078,1719602400.0,15.554,51.92197222222222
5601,126227474,1719607800.0,15.546805555555556,51.93830555555556
5602,126227328,1719566212.0,15.480638888888889,51.93747222222222
5603,126225940,1719553926.0,15.71711111111111,51.80319444444444
5604,126227186,1719579358.0,15.33025,52.659
5605,126226652,1719587220.0,16.242428,51.711792
5606,126231507,1719572400.0,15.481166666666667,51.93666666666667
5607,126225900,1719532104.0,15.085856,52.591721
5608,126226627,1719577915.0,14.87525,52.459361111111114
5609,126226700,1719622166.0,15.84392,52.247032
5610,126228315,1719671361.0,15.513055555555555,52.33958333333333
5611,126227830,1719680141.0,21.0232,52.1878
5612,126227797,1719669861.0,15.838277777777778,51.65397222222222
5613,126226787,1719651498.0,15.252527777777777,52.7565
5614,126227799,1719673283.0,14.677722222222222,52.59247222222222
5615,126226930,1719673856.0,15.293639,52.334297
5616,126228297,1719676646.0,15.092694444444444,52.69602777777778
5617,126226879,1719685685.0,14.713972222222223,51.9625
5618,126227805,1719675662.0,14.722777777777777,51.95111111111111
5619,126226791,1719654898.0,15.536166666666666,52.24772222222222
5620,126227748,1719660489.0,15.071194444444444,52.0125
5621,126227846,1719675638.0,14.750055555555555,52.01680555555556
5622,126226890,1719683020.0,15.317444444444444,51.63452777777778
5623,126228302,1719690511.0,15.113231,52.411213
5624,126227861,1719666000.0,15.605916666666667,51.93344444444445
5625,126234713,1719646200.0,15.506361111111111,51.93902777777778
5626,126227785,1719673500.0,15.498527777777777,51.915083333333335
5627,126228336,1719696051.0,15.23975,52.73319444444444
5628,126228215,1719662700.0,15.547805555555556,51.94261111111111
5629,126226909,1719689400.0,15.583416666666666,51.932722222222225
5630,126227851,1719668039.0,15.819861111111111,51.846
5631,126226837,1719672341.0,15.58388888888889,52.44875
5632,126229105,1719769030.0,14.593583333333333,52.33555555555556
5633,126227093,1719773636.0,15.5785,52.44588888888889
5634,126228360,1719731046.0,15.599527777777778,51.59913888888889
5635,126245285,1719738900.0,15.930083333333334,51.37280555555556
5636,126228592,1719778425.0,15.563972222222223,51.60294444444445
5637,126228006,1719739200.0,15.62561111111111,52.09041666666667
5638,126228357,1719729322.0,15.1575,52.71491666666667
5639,126228380,1719741932.0,14.640305555555555,52.58058333333334
5640,126228469,1719756805.0,14.667583333333333,52.587555555555554
5641,126239779,1719762300.0,15.532916666666667,52.80088888888889
5642,126228063,1719755029.0,15.694083333333333,52.19716666666667
5643,126228504,1719721083.0,15.844833333333334,52.166444444444444
5644,126229155,1719783411.0,14.614222222222223,52.32563888888889
5645,126228346,1719706660.0,15.294027777777778,52.66319444444444
5646,126227028,1719746904.0,14.727361111111112,51.957388888888886
5647,126228378,1719735101.0,16.219667,51.752251
5648,126229153,1719779135.0,15.270166666666666,52.69277777777778
5649,126227101,1719776297.0,15.355888888888888,52.75586111111111
5650,126226931,1719717136.0,15.83436111111111,52.32725
5651,126228618,1719781496.0,15.104514,52.325608
5652,126366418,1719761400.0,15.132222222222222,52.76416666666667
5653,126368152,1719735300.0,15.248861111111111,52.735527777777776
5654,126368146,1719723600.0,15.261666666666667,52.761472222222224
5655,126229016,1719779400.0,15.477694444444445,52.14169444444445
5656,126767365,1719751200.0,15.687777777777779,52.69277777777778
5657,126249428,1719773580.0,15.501583333333333,51.95211111111111
5658,126229120,1719766200.0,15.52436111111111,51.958083333333335
5659,126228055,1719752008.0,15.258888888888889,52.69605555555555
5660,126399305,1719704100.0,15.24075,52.72830555555556
5661,126227072,1719768420.0,14.571555555555555,52.35875
5662,126229141,1719782894.0,16.294798,51.828728
5663,126227964,1719699800.0,15.121083333333333,52.783027777777775
5664,126234722,1719753300.0,15.558055555555555,51.93966666666667
5665,126228028,1719743147.0,15.510027777777777,52.894666666666666
5666,126229106,1719768000.0,15.528027777777778,51.946
5667,126228450,1719742380.0,15.563055555555556,51.79044444444445
5668,126228490,1719743062.0,15.714194444444445,51.80225
5669,126228496,1719756000.0,15.493583333333333,51.92805555555555
5670,126226982,1719729558.0,15.046691,52.32737
5671,126228987,1719824497.0,15.12075,52.70163888888889
5672,126228711,1719817806.0,15.250583333333333,52.757694444444446
5673,126228820,1719826595.0,15.835194444444443,52.84780555555555
5674,126230125,1719806352.0,15.156555555555556,52.74794444444444
5675,126229343,1719831682.0,15.249916666666667,52.74386111111111
5676,126240828,1719846300.0,16.23436111111111,51.76102777777778
5677,126228827,1719827449.0,14.646027777777778,52.58830555555556
5678,126229158,1719793395.0,14.822222222222223,51.651944444444446
5679,126228819,1719822316.0,15.243361111111112,52.74597222222222
5680,126767413,1719814200.0,15.113416666666666,52.75452777777778
5681,126228741,1719818157.0,15.644833333333333,51.653444444444446
5682,126229337,1719824143.0,15.237,52.748916666666666
5683,126238885,1719818760.0,15.128388888888889,51.635083333333334
5684,126244794,1719811200.0,15.131805555555555,51.633722222222225
5685,126273804,1719843600.0,15.25361111111111,52.74611111111111
5686,126238803,1719840600.0,15.505416666666667,51.941694444444444
5687,126368164,1719833400.0,15.220527777777777,52.721111111111114
5688,126245985,1719824400.0,15.625944444444444,52.08369444444445
5689,126723874,1719837000.0,15.253972222222222,52.73952777777778
5690,126231339,1719851400.0,15.59763888888889,51.85680555555555
5691,126229058,1719834334.0,16.0595,51.84661111111111
5692,126228734,1719817800.0,15.392333333333333,51.89383333333333
5693,126229186,1719805800.0,15.41238888888889,51.947944444444445
5694,126231175,1719834259.0,14.61175,52.32233333333333
5695,126228905,1719825285.0,15.549472222222223,52.255944444444445
5696,126231336,1719847447.0,15.548416666666666,52.3665
5697,126229466,1719841168.0,15.872444444444444,52.039611111111114
5698,126229390,1719841887.0,15.156416666666667,52.745777777777775
5699,126231163,1719838485.0,15.120555555555555,51.63713888888889
5700,126228909,1719829467.0,15.563555555555556,52.42627777777778
5701,126229377,1719842942.0,16.121388888888887,51.84119444444445
5702,126231167,1719840900.0,15.500305555555556,51.95902777777778
5703,126229405,1719846003.0,15.70936111111111,51.81475
5704,126229007,1719836580.0,15.67575,51.86691666666667
5705,126231311,1719837205.0,15.722444444444445,51.77388888888889
5706,126231232,1719848949.0,15.563555555555556,51.72713888888889
5707,126231302,1719850892.0,15.58286111111111,51.702333333333335
5708,126231354,1719860296.0,14.656444444444444,52.58872222222222
5709,126228927,1719831282.0,15.098444444444445,52.04680555555556
5710,126231124,1719840669.0,14.727555555555556,51.95172222222222
5711,126228917,1719821947.0,15.244416666666666,52.745694444444446
5712,126228973,1719825779.0,14.881972222222222,52.68066666666667
5713,126228754,1719821105.0,15.14936111111111,51.569805555555554
5714,126234440,1719934543.0,15.535361111111111,52.874583333333334
5715,126239780,1719921000.0,15.531972222222223,52.875166666666665
5716,126240134,1719928800.0,15.230361111111112,52.74413888888889
5717,126233161,1719906600.0,15.510777777777777,51.93413888888889
5718,126271972,1719900000.0,15.233888888888888,52.75358333333333
5719,126231640,1719899178.0,15.3625,51.61197222222222
5720,126231533,1719898200.0,15.528583333333334,51.94327777777778
5721,126254797,1719932400.0,15.510777777777777,51.93416666666667
5722,126234231,1719922961.0,15.844888888888889,52.06961111111111
5723,126234137,1719915840.0,15.23125,52.69705555555556
5724,126234405,1719928656.0,15.159472222222222,52.711666666666666
5725,126240845,1719891000.0,15.239444444444445,51.509055555555555
5726,126767419,1719956400.0,15.558333333333334,52.725
5727,126245245,1719907080.0,15.506083333333333,51.94213888888889
5728,126399259,1719895500.0,15.21813888888889,52.733555555555554
5729,126237244,1719899880.0,15.28525,52.68958333333333
5730,126234294,1719920763.0,15.23863888888889,52.73297222222222
5731,126236180,1719940395.0,15.359916666666667,52.75527777777778
5732,126234506,1719932495.0,14.641444444444444,52.325833333333335
5733,126234169,1719919382.0,14.701444444444444,51.90394444444444
5734,126234521,1719925321.0,15.237,52.74813888888889
5735,126234256,1719924864.0,16.24361111111111,51.88
5736,126236202,1719942425.0,15.455277777777777,51.89683333333333
5737,126234230,1719923681.0,15.777166666666666,52.489111111111114
5738,126231733,1719907425.0,15.72375,51.810805555555554
5739,126231698,1719910216.0,15.272222222222222,52.76452777777778
5740,126231789,1719914550.0,15.24638888888889,52.757777777777775
5741,126234200,1719918886.0,15.709138888888889,51.80586111111111
5742,126234566,1719941519.0,14.61138888888889,52.32216666666667
5743,126229505,1719899632.0,15.244083333333334,52.74794444444444
5744,126368173,1719930900.0,15.235277777777778,52.73297222222222
5745,126236386,1720018053.0,15.34075,51.77291666666667
5746,126237485,1720015622.0,15.299888888888889,52.73030555555555
5747,126236383,1720020473.0,14.890361111111112,52.73122222222222
5748,126236432,1720038202.0,14.897555555555556,52.42461111111111
5749,126237322,1720007024.0,15.611305555555555,52.444916666666664
5750,126238319,1719982800.0,15.50838888888889,51.86383333333333
5751,126236323,1720007223.0,15.50975,51.94636111111111
5752,126237486,1720008000.0,15.505166666666666,51.95872222222222
5753,126234807,1719981600.0,15.609694444444445,51.93277777777778
5754,126237693,1720025757.0,15.194666666666667,52.73886111111111
5755,126237539,1720019860.0,15.2345,52.75358333333333
5756,126237711,1720037099.0,15.358444444444444,51.658
5757,126234747,1719985500.0,15.515777777777778,51.93963888888889
5758,126237184,1719997500.0,15.53711111111111,51.566361111111114
5759,126236270,1719996571.0,15.082583333333334,52.313916666666664
5760,126236355,1720016394.0,15.77838888888889,52.07186111111111
5761,126237741,1720025134.0,15.24375,52.745333333333335
5762,126767439,1720008000.0,15.299583333333333,52.73458333333333
5763,126238817,1720014000.0,15.1555,51.66302777777778
5764,126767435,1720018800.0,15.367583333333334,52.656444444444446
5765,126237395,1720010963.0,15.534027777777778,52.26213888888889
5766,126237191,1719998464.0,16.099571,51.778915
5767,126237284,1720000607.0,15.241027777777777,52.7285
5768,126236217,1719980849.0,15.784166666666668,51.77791666666667
5769,126237442,1720011150.0,14.97963888888889,51.82416666666667
5770,126237151,1719998262.0,15.534833333333333,52.250277777777775
5771,126234740,1719985717.0,15.309972222222223,51.46138888888889
5772,126234854,1719990843.0,15.144555555555556,51.64313888888889
5773,126236237,1719993314.0,15.530611111111112,52.25286111111111
5774,126237587,1720025040.0,15.467944444444445,52.214055555555554
5775,126399161,1720094400.0,15.154111111111112,52.74197222222222
5776,126237759,1720054563.0,15.535472222222221,52.27322222222222
5777,126238275,1720125300.0,15.592805555555556,51.93497222222222
5778,126238801,1720071847.0,15.269333333333334,52.741416666666666
5779,126239930,1720101565.0,15.298583333333333,51.60497222222222
5780,126238175,1720114384.0,15.578388888888888,52.44569444444444
5781,126239161,1720125785.0,14.615777777777778,52.341166666666666
5782,126238163,1720109760.0,15.697388888888888,52.29688888888889
5783,126239996,1720114548.0,15.268027777777778,52.75702777777778
5784,126239075,1720097792.0,15.300555555555556,51.623583333333336
5785,126239932,1720080915.0,15.251916666666666,52.75669444444444
5786,126238038,1720093877.0,15.353777777777777,52.64336111111111
5787,126239088,1720106430.0,14.763166666666667,52.03186111111111
5788,126238985,1720093086.0,16.110694444444444,51.85127777777778
5789,126238137,1720106671.0,15.528527777777779,51.930416666666666
5790,126239865,1720070691.0,15.1095,51.617305555555554
5791,126237975,1720095600.0,15.62038888888889,52.07830555555555
5792,126237866,1720064100.0,15.501888888888889,51.9355
5793,126238010,1720096329.0,15.826277777777777,52.16222222222222
5794,126237991,1720091641.0,15.16625,51.64125
5795,126238051,1720097100.0,15.51275,51.943666666666665
5796,126239826,1720078468.0,15.36575,51.962583333333335
5797,126239048,1720099800.0,15.506944444444445,51.92936111111111
5798,126708976,1720072500.0,15.250305555555556,52.71836111111111
5799,126242718,1720072800.0,15.514,51.948166666666665
5800,126399176,1720108800.0,15.253333333333334,52.7335
5801,126399194,1720094400.0,15.154111111111112,52.74197222222222
5802,126239778,1720066558.0,15.648861111111112,52.38111111111111
5803,126238534,1720161960.0,15.533694444444444,52.26275
5804,126240347,1720186800.0,15.112027777777778,52.056777777777775
5805,126241852,1720203300.0,15.51361111111111,51.94391666666667
5806,126240518,1720194600.0,15.477944444444445,51.93105555555555
5807,126240321,1720182600.0,15.544333333333334,51.9245
5808,126240216,1720167000.0,15.470333333333333,51.95733333333333
5809,126240458,1720192500.0,15.504944444444444,51.94144444444444
5810,126240084,1720162500.0,14.655888888888889,52.58716666666667
5811,126238280,1720141501.0,14.777222222222223,52.33519444444445
5812,126238333,1720157400.0,15.498388888888888,51.959472222222225
5813,126240426,1720191600.0,15.504888888888889,51.94152777777778
5814,126240104,1720164000.0,15.522194444444445,51.93325
5815,126238336,1720162242.0,15.275777777777778,52.74219444444444
5816,126245287,1720192500.0,15.905111111111111,51.587
5817,126240478,1720196614.0,15.181583333333334,51.73775
5818,126240535,1720203405.0,14.992795,52.526766
5819,126241789,1720195031.0,14.650166666666667,52.487
5820,126240157,1720166947.0,15.517611111111112,51.944944444444445
5821,126238503,1720175076.0,15.238333333333333,52.73130555555556
5822,126240155,1720170768.0,15.235972222222221,52.74205555555555
5823,126238492,1720163631.0,15.459166666666667,52.185944444444445
5824,126240118,1720167379.0,15.244777777777777,52.724
5825,126240436,1720193328.0,15.251805555555556,52.291916666666665
5826,126241865,1720207195.0,15.78111111111111,52.31225
5827,126238661,1720188540.0,15.042694444444445,52.84641666666667
5828,126238395,1720166685.0,15.758277777777778,52.97002777777778
5829,126240394,1720183351.0,15.23188888888889,52.78619444444445
5830,126238647,1720181546.0,15.042694444444445,52.84641666666667
5831,126239165,1720130462.0,15.57638888888889,51.915416666666665
5832,126245248,1720193400.0,15.666333333333334,51.94072222222222
5833,126399201,1720172400.0,15.274444444444445,52.74311111111111
5834,126399267,1720178100.0,15.230055555555555,52.73844444444445
5835,126243855,1720278000.0,15.494027777777777,51.940583333333336
5836,126242180,1720271033.0,16.05488888888889,51.84305555555556
5837,126242054,1720250443.0,15.445027777777778,51.574777777777776
5838,126241952,1720244400.0,15.675805555555556,52.093583333333335
5839,126240635,1720237314.0,15.614444444444445,52.041555555555554
5840,126242343,1720292586.0,14.673925,52.361895
5841,126243959,1720295828.0,14.597277777777778,52.34777777777778
5842,126240638,1720242268.0,15.505527777777777,52.60005555555556
5843,126243825,1720269964.0,14.563833333333333,52.34858333333333
5844,126242165,1720267919.0,15.144305555555556,51.62661111111111
5845,126242231,1720276980.0,15.697555555555555,51.80741666666667
5846,126242058,1720258510.0,15.087305555555556,51.60608333333333
5847,126242361,1720295458.0,14.568861111111111,52.34919444444444
5848,126243942,1720293006.0,15.327972222222222,51.61972222222222
5849,126242241,1720277604.0,15.521083333333333,52.25447222222222
5850,126240740,1720257596.0,15.238861111111111,52.73036111111111
5851,126240766,1720262877.0,15.251527777777778,52.72830555555556
5852,126243854,1720275860.0,15.490972222222222,52.17422222222222
5853,126242046,1720255913.0,15.886861111111111,52.372305555555556
5854,126242007,1720255709.0,15.584111111111111,52.44275
5855,126245853,1720267740.0,15.246944444444445,52.75797222222222
5856,126242311,1720287244.0,15.301916666666667,52.68322222222222
5857,126242266,1720277242.0,15.544916666666667,52.243944444444445
5858,126242176,1720267940.0,15.251916666666666,52.72866666666667
5859,126240751,1720267097.0,14.727166666666667,51.94694444444445
5860,126733714,1720218600.0,14.809805555555556,52.55522222222222
5861,126242088,1720254768.0,14.998888888888889,52.73716666666667
5862,126399208,1720286700.0,15.228027777777777,52.73083333333334
5863,126242022,1720242285.0,15.735222222222223,51.69002777777778
5864,126242089,1720261080.0,15.253666666666668,52.74261111111111
5865,126399243,1720260840.0,15.254694444444445,52.74194444444444
5866,126242607,1720365703.0,15.814972222222222,51.83683333333333
5867,126243996,1720310400.0,15.487194444444444,51.89513888888889
5868,126242520,1720345800.0,15.507416666666666,51.90588888888889
5869,126244045,1720342919.0,15.936,51.94427777777778
5870,126244085,1720351516.0,15.335194444444445,51.61525
5871,126242470,1720344424.0,14.580027777777778,52.34733333333333
5872,126244214,1720367764.0,15.562833333333334,52.88963888888889
5873,126244007,1720320420.0,15.534,52.24747222222222
5874,126244235,1720369791.0,15.197833333333334,52.7385
5875,126767444,1720342200.0,14.657444444444444,52.58683333333333
5876,126246238,1720303200.0,14.56161111111111,52.34961111111111
5877,126244611,1720440000.0,15.5165,51.95119444444445
5878,126244761,1720449600.0,15.498583333333332,51.961444444444446
5879,126245958,1720431000.0,15.484833333333333,51.93822222222222
5880,126244864,1720457628.0,15.572333333333333,52.45930555555555
5881,126244851,1720454415.0,15.569416666666667,52.44283333333333
5882,126246107,1720446523.0,15.136138888888889,51.64105555555555
5883,126244718,1720449187.0,15.567944444444445,52.46425
5884,126244582,1720433700.0,15.55311111111111,51.92186111111111
5885,126244348,1720414200.0,15.662472222222222,51.93216666666667
5886,126246192,1720465548.0,15.598666666666666,51.67458333333333
5887,126244319,1720407600.0,15.494694444444445,51.936305555555556
5888,126244731,1720447800.0,15.491555555555555,51.93536111111111
5889,126246834,1720462800.0,15.477027777777778,51.934583333333336
5890,126245923,1720433199.0,15.119305555555556,51.63513888888889
5891,126245792,1720423529.0,15.51425,52.868722222222225
5892,126244409,1720420872.0,15.864444444444445,52.929027777777776
5893,126246194,1720454310.0,15.23375,52.74458333333333
5894,126244606,1720438252.0,14.680888888888889,52.325805555555554
5895,126244716,1720449934.0,15.251666666666667,52.72841666666667
5896,126242757,1720420145.0,15.514194444444444,52.86869444444444
5897,126244970,1720427400.0,15.717555555555556,51.60722222222222
5898,126244549,1720438699.0,14.723,51.948972222222224
5899,126246101,1720446487.0,15.234388888888889,52.74508333333333
5900,126246794,1720457827.0,15.93288888888889,51.92733333333334
5901,126244665,1720438422.0,15.636083333333334,51.779944444444446
5902,126246876,1720459244.0,15.40275,52.82127777777778
5903,126244569,1720442220.0,15.236083333333333,52.747166666666665
5904,126246038,1720432316.0,15.236083333333333,52.747166666666665
5905,126245864,1720425484.0,15.112027777777778,52.79713888888889
5906,126244312,1720397886.0,15.11425,52.79452777777778
5907,126244454,1720425885.0,15.561444444444444,52.25186111111111
5908,126246801,1720462740.0,15.296194444444444,52.333444444444446
5909,126242688,1720399365.0,14.743722222222223,51.94638888888889
5910,126242689,1720408491.0,15.139611111111112,52.061055555555555
5911,126767452,1720457400.0,15.275944444444445,52.68511111111111
5912,126399235,1720431600.0,15.230611111111111,52.69725
5913,126244754,1720454830.0,15.39188888888889,51.71425
5914,126245836,1720421056.0,15.286527777777778,51.62713888888889
5915,126244684,1720448776.0,14.764944444444444,51.664
5916,126246174,1720457755.0,15.645916666666666,52.46611111111111
5917,126246372,1720512383.0,15.263472222222223,52.70005555555556
5918,126245130,1720535984.0,15.27586111111111,51.62694444444445
5919,126247326,1720547353.0,15.186194444444444,51.638083333333334
5920,126247027,1720516952.0,15.986916666666666,51.97427777777778
5921,126245105,1720534445.0,15.1035,51.60966666666667
5922,126245027,1720524141.0,15.619416666666666,51.74066666666667
5923,126247163,1720527701.0,15.868583333333333,51.763888888888886
5924,126247279,1720525800.0,15.251166666666666,51.79811111111111
5925,126246964,1720507771.0,15.523972222222222,51.95847222222222
5926,126244918,1720499280.0,15.466555555555555,51.95977777777778
5927,126245047,1720528200.0,15.487555555555556,51.96472222222222
5928,126251667,1720521120.0,15.818805555555555,52.066944444444445
5929,126251676,1720517400.0,15.617055555555556,52.03658333333333
5930,126251673,1720510800.0,15.613944444444444,52.0295
5931,126247052,1720513631.0,14.762638888888889,52.53125
5932,126247215,1720528772.0,15.63325,52.73513888888889
5933,126247322,1720525020.0,15.480138888888888,51.93738888888889
5934,126247065,1720518600.0,14.624305555555555,52.320861111111114
5935,126246906,1720479080.0,15.220361111111112,52.72002777777778
5936,126271913,1720476000.0,15.892416666666666,52.81386111111111
5937,126361869,1720476060.0,15.812305555555556,52.069916666666664
5938,126399272,1720533360.0,15.254305555555556,52.74594444444445
5939,126247038,1720516427.0,15.322777777777778,51.61494444444445
5940,126399293,1720607400.0,15.226916666666666,52.73788888888889
5941,126247427,1720593201.0,15.132031,52.473968
5942,126248020,1720641600.0,15.467666666666666,51.94258333333333
5943,126247885,1720614279.0,15.716333333333333,51.80536111111111
5944,126245403,1720616830.0,15.590388888888889,51.744194444444446
5945,126247724,1720619411.0,15.589972222222222,51.561638888888886
5946,126245488,1720632135.0,15.8745,51.939166666666665
5947,126247651,1720605900.0,15.508138888888888,51.94247222222222
5948,126245526,1720639422.0,16.159042,51.782845
5949,126247647,1720616922.0,15.529027777777777,52.22525
5950,126245527,1720623871.0,15.039888888888889,52.62533333333333
5951,126247766,1720621560.0,15.262138888888888,52.761944444444445
5952,126245275,1720596504.0,15.088888888888889,52.730444444444444
5953,126247506,1720598134.0,15.166055555555555,51.641194444444444
5954,126245409,1720617600.0,15.62111111111111,52.09155555555556
5955,126245375,1720614018.0,15.22675,52.74144444444445
5956,126247461,1720597798.0,15.144277777777777,51.640388888888886
5957,126247472,1720592547.0,15.568222222222222,52.32063888888889
5958,126245367,1720610015.0,15.113611111111112,52.02352777777778
5959,126247611,1720605539.0,15.42625,51.591
5960,126247654,1720614592.0,15.097611111111112,52.696194444444444
5961,126247539,1720604430.0,15.269305555555556,52.76411111111111
5962,126247918,1720619234.0,15.237722222222223,52.74788888888889
5963,126248061,1720647840.0,14.616416666666666,52.3245
5964,126256496,1720602900.0,15.872416666666666,52.80155555555555
5965,126248058,1720627200.0,15.696861111111112,51.80802777777778
5966,126767423,1720613700.0,15.05,52.83
5967,126252329,1720597500.0,15.488472222222223,51.92969444444444
5968,126247641,1720587002.0,15.450027777777779,51.967555555555556
5969,126247540,1720597368.0,16.244083333333332,51.71447222222222
5970,126399278,1720612800.0,15.232722222222222,52.76011111111111
5971,126248864,1720628995.0,16.067,51.882666666666665
5972,126708898,1720598400.0,15.207027777777778,52.72638888888889
5973,126249944,1720708200.0,15.229611111111112,52.74330555555556
5974,126248598,1720735005.0,15.104027777777778,51.59822222222222
5975,126249878,1720704189.0,16.116936,51.818932
5976,126248440,1720714532.0,15.512916666666667,52.560916666666664
5977,126248382,1720708062.0,15.849972222222222,52.98716666666667
5978,126248288,1720699733.0,15.417416666666666,52.517694444444444
5979,126248207,1720687618.0,15.534805555555556,52.252694444444444
5980,126248345,1720703183.0,15.452,52.20713888888889
5981,126248067,1720670763.0,15.801527777777778,51.856027777777776
5982,126249907,1720711449.0,15.821111111111112,51.66144444444444
5983,126248964,1720670651.0,14.929,51.785805555555555
5984,126249115,1720690722.0,15.539277777777778,52.23469444444444
5985,126248124,1720678800.0,15.824222222222222,52.15958333333333
5986,126249787,1720696246.0,14.978694444444445,51.82677777777778
5987,126249186,1720702173.0,15.514833333333334,52.32186111111111
5988,126248357,1720705563.0,15.5075,51.942277777777775
5989,126248567,1720728000.0,15.624916666666667,51.921194444444446
5990,126248153,1720680900.0,15.553972222222223,51.93525
5991,126249783,1720697400.0,15.491083333333334,51.96483333333333
5992,126248206,1720675200.0,15.505722222222222,51.93113888888889
5993,126248470,1720713417.0,15.201361111111112,52.73775
5994,126249224,1720694639.0,15.23713888888889,52.61036111111111
5995,126248095,1720671285.0,14.852333333333334,51.586444444444446
5996,126699545,1720706700.0,15.2295,52.74375
5997,126248487,1720708719.0,15.563166666666667,51.9905
5998,126724127,1720692000.0,15.612972222222222,52.07677777777778
5999,126250123,1720725000.0,14.561277777777779,52.363527777777776
6000,126245609,1720678803.0,15.159916666666666,52.74647222222222
6001,126249975,1720708773.0,15.502583333333334,51.945388888888886
6002,126251065,1720797697.0,15.228861111111112,52.74008333333333
6003,126248774,1720775134.0,16.120151,51.847387
6004,126251094,1720802458.0,15.438166666666667,51.542944444444444
6005,126250115,1720775929.0,15.474388888888889,52.563138888888886
6006,126250127,1720778160.0,15.712416666666666,51.79719444444444
6007,126249345,1720761360.0,15.239587,52.509037
6008,126250181,1720785000.0,15.561861111111112,51.918
6009,126250159,1720782300.0,15.486361111111112,51.93947222222222
6010,126249544,1720787153.0,15.236694444444444,52.74838888888889
6011,126251193,1720812694.0,15.158527777777778,52.71825
6012,126250781,1720777626.0,15.250222222222222,52.744194444444446
6013,126250284,1720802695.0,15.082805555555556,52.3235
6014,126250380,1720817820.0,14.803805555555556,52.42541666666666
6015,126250989,1720794810.0,15.583916666666667,52.444944444444445
6016,126249598,1720802098.0,15.085138,52.321743
6017,126250247,1720797278.0,15.5835,52.44255555555556
6018,126250391,1720821000.0,15.662166666666666,51.932611111111115
6019,126250073,1720768560.0,14.557638888888889,52.34861111111111
6020,126250236,1720796692.0,15.143888888888888,51.647
6021,126251127,1720800852.0,15.113694444444445,52.0235
6022,126250861,1720778006.0,15.238166666666666,52.672916666666666
6023,126250240,1720799959.0,15.0975,52.052527777777776
6024,126249458,1720772400.0,15.513166666666667,51.943194444444444
6025,126250378,1720821050.0,15.532527777777778,51.95769444444444
6026,126250031,1720762200.0,15.516694444444445,51.945055555555555
6027,126250145,1720780464.0,15.578777777777777,52.437777777777775
6028,126250007,1720745545.0,14.648694444444445,52.59025
6029,126249607,1720803612.0,15.534444444444444,52.879194444444444
6030,126249515,1720783093.0,14.72786111111111,51.949527777777774
6031,126248754,1720776600.0,15.472,51.95227777777778
6032,126249562,1720782437.0,14.970833333333333,51.784444444444446
6033,126251012,1720791360.0,16.068523,51.879616
6034,126249644,1720815128.0,15.38936111111111,52.44277777777778
6035,126251185,1720808197.0,16.07138888888889,51.87688888888889
6036,126250310,1720808640.0,16.071583333333333,51.880944444444445
6037,126256784,1720791300.0,15.835333333333333,52.847944444444444
6038,126251179,1720808220.0,15.10375,52.32566666666666
6039,126249645,1720807935.0,15.303305555555555,52.29961111111111
6040,126249441,1720772524.0,15.1,52.05416666666667
6041,126248711,1720773113.0,15.375361111111111,52.37616666666667
6042,126251152,1720805261.0,15.708,51.80738888888889
6043,126251112,1720792415.0,15.485222222222223,51.93163888888889
6044,126265286,1720900800.0,16.070444444444444,51.88122222222222
6045,126274682,1720846200.0,15.325277777777778,51.45547222222222
6046,126251849,1720887600.0,16.07027777777778,51.880694444444444
6047,126250395,1720824324.0,15.199694444444445,51.50013888888889
6048,126250405,1720827720.0,15.232204,52.499489
6049,126250688,1720879200.0,15.297694444444444,52.33580555555555
6050,126250662,1720881060.0,15.275916666666667,52.73672222222222
6051,126252085,1720856400.0,14.868055555555555,51.66766666666667
6052,126250630,1720876069.0,15.275916666666667,52.73672222222222
6053,126300521,1720885200.0,15.250055555555555,52.75186111111111
6054,126254814,1720854000.0,15.508305555555555,51.93875
6055,126250426,1720860132.0,15.547472222222222,52.877722222222225
6056,126304591,1720867800.0,15.598611111111111,51.564194444444446
6057,126249711,1720861138.0,15.097777777777777,52.05911111111111
6058,126250617,1720883065.0,15.24938888888889,51.95788888888889
6059,126250759,1720907569.0,14.696666666666667,52.32811111111111
6060,126249767,1720855635.0,15.511891,51.871123
6061,126250640,1720888221.0,15.704055555555556,51.800555555555555
6062,126251820,1720882347.0,16.082689,51.871532
6063,126251357,1720888741.0,14.996758,52.332672
6064,126251329,1720880941.0,15.695694444444445,51.80722222222222
6065,126256063,1720880100.0,15.495722222222222,51.9355
6066,126254839,1720870800.0,15.5605,51.937694444444446
6067,126251302,1720866533.0,15.256194444444445,52.748416666666664
6068,126251268,1720869960.0,15.534583333333334,52.24927777777778
6069,126250411,1720828020.0,15.547222222222222,52.324555555555555
6070,126253265,1720838400.0,14.66086111111111,52.30361111111111
6071,126251376,1720899641.0,15.526111111111112,52.87927777777778
6072,126253253,1720863000.0,14.5935,52.33544444444444
6073,126250519,1720858885.0,15.744111111111112,52.19211111111111
6074,126252990,1720963500.0,15.524000000000001,51.95763888888889
6075,126251911,1720941818.0,15.313138888888888,52.23155555555556
6076,126253125,1720972680.0,15.590027777777777,52.2245
6077,126251517,1720966558.0,15.67313888888889,52.535333333333334
6078,126252811,1720935668.0,15.048666666666668,52.00183333333333
6079,126253035,1720965036.0,14.639888888888889,52.38483333333333
6080,126253049,1720978785.0,15.54111111111111,52.27527777777778
6081,126253051,1720974258.0,14.639666666666667,52.57975
6082,126252873,1720950600.0,15.23788888888889,52.75827777777778
6083,126252778,1720916980.0,14.944111111111111,51.54697222222222
6084,126252932,1720959876.0,15.487444444444444,52.251583333333336
6085,126252775,1720920225.0,15.539166666666667,51.956944444444446
6086,126251955,1720966416.0,14.65011111111111,52.586194444444445
6087,126251442,1720942743.0,14.97311111111111,52.335027777777775
6088,126251532,1720977363.0,15.916916666666667,52.844972222222225
6089,126253057,1720972996.0,15.653694444444444,52.74308333333333
6090,126251494,1720959963.0,15.574027777777777,52.31963888888889
6091,126253082,1720977589.0,15.712472222222223,51.80127777777778
6092,126251910,1720941414.0,14.954483,52.338374
6093,126252837,1720947660.0,14.954751,52.338428
6094,126252847,1720937334.0,15.152337,52.326706
6095,126253039,1720971360.0,16.15588,51.855072
6096,126252981,1720965441.0,15.93246,53.004311
6097,126253030,1720973001.0,15.583738,52.096909
6098,126255111,1720945800.0,15.873833333333334,52.93786111111111
6099,126251953,1720948596.0,15.53425,51.928222222222225
6100,126699569,1721043000.0,15.245305555555555,52.75897222222222
6101,126252219,1721052301.0,15.125916666666667,51.60294444444445
6102,126251665,1721033160.0,15.325055555555556,51.61427777777778
6103,126253155,1720994558.0,15.314194444444444,52.30036111111111
6104,126253555,1721053320.0,14.56263888888889,52.35666666666667
6105,126253203,1721019111.0,15.577388888888889,52.122166666666665
6106,126253462,1721044800.0,14.66325,52.592666666666666
6107,126253549,1721053483.0,14.726111111111111,51.960166666666666
6108,126266914,1721036700.0,14.985861111111111,51.79408333333333
6109,126251666,1721030700.0,15.268944444444445,52.76208333333334
6110,126252357,1721073426.0,15.074833333333334,52.62725
6111,126266921,1721048400.0,15.084027777777777,51.803916666666666
6112,126251601,1721019566.0,14.877138888888888,52.45913888888889
6113,126256460,1721037600.0,15.436666666666667,51.94691666666667
6114,126251637,1721026800.0,15.586361111111112,52.08241666666667
6115,126253665,1721068347.0,15.729722222222222,51.72127777777778
6116,126251686,1721039700.0,15.715277777777779,51.803
6117,126252325,1721063088.0,15.822416666666667,51.78313888888889
6118,126267911,1721052000.0,15.711583333333333,51.79366666666667
6119,126253261,1721026350.0,15.720472222222222,51.78905555555556
6120,126256357,1721032200.0,15.142055555555556,51.569805555555554
6121,126255134,1721036100.0,15.643277777777778,52.75922222222222
6122,126256740,1721076300.0,15.79786111111111,52.95175
6123,126257366,1721052000.0,14.831944444444444,52.43355555555556
6124,126289963,1721005200.0,15.732527777777777,51.59661111111111
6125,126805347,1721031600.0,14.64611111111111,52.58363888888889
6126,126252256,1721056501.0,15.862,52.07136111111111
6127,126253793,1721042400.0,14.584333333333333,52.335
6128,126725099,1721035800.0,15.249805555555556,52.75163888888889
6129,126252050,1721020140.0,15.57975,52.117305555555554
6130,126252286,1721058537.0,15.455578,52.165614
6131,126251718,1721043600.0,15.520666666666667,51.93197222222222
6132,126253499,1721043900.0,15.6815,51.796305555555556
6133,126255736,1721040000.0,15.553305555555555,51.92158333333333
6134,126253680,1721065039.0,14.620805555555556,52.331916666666665
6135,126399286,1721038800.0,15.200777777777779,52.73775
6136,126255275,1721137560.0,15.118643,52.439625
6137,126274675,1721139000.0,15.316083333333333,51.61727777777778
6138,126699581,1721145600.0,15.252916666666668,52.73941666666666
6139,126255452,1721148300.0,15.548305555555556,51.876555555555555
6140,126252494,1721112398.0,15.208055555555555,52.735083333333336
6141,126257360,1721161200.0,15.143333333333333,51.63813888888889
6142,126252737,1721132685.0,15.720722222222221,51.802527777777776
6143,126252577,1721120000.0,15.519916666666667,51.93961111111111
6144,126255794,1721134500.0,15.422027777777778,52.00941666666667
6145,126255837,1721139900.0,15.484555555555556,51.93044444444445
6146,126255094,1721124600.0,15.435666666666666,51.947
6147,126255301,1721135400.0,15.497833333333332,51.955444444444446
6148,126255724,1721143800.0,15.588138888888889,51.74488888888889
6149,126252460,1721111398.0,15.577666666666667,51.73416666666667
6150,126255977,1721154505.0,15.975305555555556,51.967555555555556
6151,126805382,1721128800.0,15.165861111111111,52.75519444444444
6152,126257942,1721104200.0,15.530555555555555,52.875277777777775
6153,126255644,1721134800.0,14.5655,52.34952777777778
6154,126263839,1721126400.0,15.60811111111111,52.104638888888886
6155,126253739,1721094000.0,15.48263888888889,51.89705555555555
6156,126252567,1721120080.0,15.260805555555555,51.988638888888886
6157,126263835,1721113200.0,15.612916666666667,52.07716666666666
6158,126252410,1721081308.0,14.651444444444444,52.307833333333335
6159,126252501,1721113031.0,15.451995,52.834934
6160,126252747,1721131140.0,15.493722222222223,51.9415
6161,126252619,1721122703.0,14.565166666666666,52.34847222222222
6162,126255981,1721150852.0,14.650944444444445,52.324888888888886
6163,126255403,1721150520.0,15.785388888888889,52.51408333333333
6164,126252505,1721115495.0,15.636972222222223,52.44541666666667
6165,126255956,1721150883.0,15.537916666666666,52.24772222222222
6166,126252578,1721121756.0,15.534222222222223,52.26013888888889
6167,126255854,1721137533.0,14.690888888888889,52.55433333333333
6168,126255484,1721152428.0,14.610166666666666,52.321777777777775
6169,126255041,1721122638.0,14.601805555555556,52.31941666666667
6170,126805374,1721138400.0,15.235972222222221,52.66741666666667
6171,126708754,1721121600.0,15.23611111111111,52.747416666666666
6172,126699577,1721129400.0,15.233277777777777,52.734027777777776
6173,126257106,1721220694.0,15.8335,52.16488888888889
6174,126257801,1721225040.0,15.228562,52.475262
6175,126257323,1721219863.0,16.119034,51.837082
6176,126257267,1721237401.0,15.256638888888888,52.516527777777775
6177,126256266,1721227672.0,14.619305555555556,52.32319444444445
6178,126255529,1721185750.0,14.727444444444444,52.37911111111111
6179,126256824,1721200508.0,14.959722222222222,52.67675
6180,126256307,1721233295.0,15.441083333333333,52.420027777777776
6181,126257069,1721219179.0,15.22,52.743
6182,126257793,1721223497.0,15.37425,52.63152777777778
6183,126257175,1721222711.0,15.224277777777777,52.74827777777778
6184,126256225,1721221658.0,15.262833333333333,52.739666666666665
6185,126255551,1721194756.0,15.197888888888889,52.73875
6186,126257051,1721213635.0,14.965916666666667,52.81880555555556
6187,126257845,1721230759.0,14.562,52.34902777777778
6188,126257294,1721242278.0,14.565416666666668,52.34886111111111
6189,126699580,1721209200.0,15.240833333333333,52.72888888888889
6190,126256251,1721223087.0,15.592333333333332,51.744194444444446
6191,126699582,1721224800.0,15.246833333333333,52.7615
6192,126699579,1721196000.0,15.256611111111111,52.73766666666667
6193,126256394,1721242200.0,15.561,51.939055555555555
6194,126256128,1721205445.0,15.479687,52.926358
6195,126256106,1721199000.0,15.511583333333334,51.93911111111111
6196,126257729,1721213280.0,15.49925,51.915305555555555
6197,126256914,1721205900.0,15.552472222222223,51.93855555555555
6198,126256945,1721206080.0,15.492194444444445,51.95163888888889
6199,126255518,1721185867.0,15.544833333333333,52.41491666666667
6200,126257153,1721223697.0,14.729805555555556,51.95191666666667
6201,126257804,1721212080.0,15.522166666666667,51.95633333333333
6202,126265302,1721236200.0,16.25852777777778,51.77225
6203,126266853,1721207400.0,15.430027777777777,51.92319444444445
6204,126301781,1721326800.0,15.695527777777778,52.043416666666666
6205,126257550,1721310105.0,15.272333333333334,52.76047222222222
6206,126258327,1721312234.0,15.327388888888889,51.614694444444446
6207,126708564,1721295900.0,15.618027777777778,52.06025
6208,126301787,1721327100.0,15.694138888888888,52.043638888888886
6209,126258281,1721312076.0,15.116527777777778,52.44419444444444
6210,126301771,1721308500.0,15.613416666666666,52.08455555555555
6211,126258412,1721318397.0,15.066694444444444,52.69138888888889
6212,126258406,1721318753.0,15.241444444444445,52.72838888888889
6213,126257620,1721313924.0,15.287027777777778,52.87444444444444
6214,126256425,1721290283.0,15.256722222222223,52.73802777777778
6215,126257405,1721287705.0,15.178944444444445,52.720166666666664
6216,126257435,1721292781.0,14.565916666666666,52.34877777777778
6217,126324875,1721321100.0,15.522416666666667,51.936861111111114
6218,126256348,1721271529.0,15.474472222222222,52.617305555555554
6219,126258502,1721334524.0,15.2155,52.682944444444445
6220,126258325,1721314626.0,15.239888888888888,52.72975
6221,126260769,1721301300.0,15.558083333333332,51.93961111111111
6222,126708463,1721317800.0,15.210638888888889,52.74191666666667
6223,126256576,1721302909.0,15.684138888888889,51.80725
6224,126263841,1721334600.0,15.591805555555556,51.935944444444445
6225,126258371,1721318095.0,15.092694444444444,52.05638888888889
6226,126257553,1721305260.0,15.516388888888889,52.25491666666667
6227,126271826,1721282460.0,15.534888888888888,52.87947222222222
6228,126256474,1721298596.0,14.727416666666667,51.94997222222222
6229,126256620,1721320754.0,15.489444444444445,52.5555
6230,126258312,1721311838.0,14.932055555555555,52.13794444444444
6231,126258135,1721298812.0,15.587444444444445,52.441
6232,126256596,1721319000.0,15.534305555555555,52.24744444444445
6233,126271829,1721380200.0,15.494444444444444,52.511722222222225
6234,126262212,1721419200.0,15.184611111111112,52.30694444444445
6235,126259920,1721391034.0,15.649611111111112,52.28402777777778
6236,126261002,1721398626.0,14.783861111111111,52.36811111111111
6237,126258788,1721374906.0,15.5775,52.14711111111111
6238,126258945,1721419201.0,14.567444444444444,52.35008333333333
6239,126256725,1721375737.0,14.657222222222222,52.59166666666667
6240,126258626,1721379326.0,14.640305555555555,52.580194444444444
6241,126258683,1721382886.0,15.234833333333333,52.733111111111114
6242,126259899,1721395716.0,15.579277777777778,52.576166666666666
6243,126264851,1721418000.0,15.420361111111111,52.597944444444444
6244,126260837,1721395610.0,15.224388888888889,52.745333333333335
6245,126259985,1721399826.0,15.30486111111111,52.69288888888889
6246,126263782,1721410200.0,15.49413888888889,51.928222222222225
6247,126259855,1721385481.0,16.056305555555557,51.84086111111111
6248,126261003,1721399987.0,16.068416666666668,51.8795
6249,126261092,1721401530.0,16.071361111111113,51.878
6250,126263780,1721408100.0,15.517527777777778,51.94694444444445
6251,126261083,1721407946.0,15.625472222222221,52.08888888888889
6252,126274684,1721382300.0,15.312861111111111,51.611777777777775
6253,126257699,1721365933.0,16.067305555555556,51.879666666666665
6254,126256702,1721367770.0,15.879,51.89677777777778
6255,126271894,1721394300.0,15.493333333333334,51.93002777777778
6256,126258920,1721411625.0,15.8505,52.98755555555555
6257,126260834,1721389200.0,15.499138888888888,51.958194444444445
6258,126260770,1721376000.0,15.510777777777777,51.94163888888889
6259,126261143,1721408700.0,15.50386111111111,51.93255555555555
6260,126259830,1721385540.0,15.625472222222221,52.08530555555556
6261,126260973,1721402340.0,15.617055555555556,52.07952777777778
6262,126274652,1721369160.0,15.540194444444445,52.54194444444445
6263,126289958,1721371200.0,15.541444444444444,51.56597222222222
6264,126261182,1721409000.0,15.507027777777777,51.96052777777778
6265,126259845,1721385600.0,15.481833333333334,51.93508333333333
6266,126260829,1721386698.0,16.040844,51.897125
6267,126261249,1721441554.0,15.453222222222223,52.3165
6268,126260073,1721465280.0,14.681611111111112,52.604277777777774
6269,126261237,1721430639.0,15.354611111111112,51.60122222222222
6270,126261549,1721496496.0,15.542305555555556,52.23444444444444
6271,126259067,1721471015.0,15.496583333333334,52.59538888888889
6272,126260038,1721449502.0,14.911583333333333,51.63766666666667
6273,126261348,1721457670.0,14.911666666666667,51.63761111111111
6274,126263788,1721466000.0,15.492972222222223,51.938361111111114
6275,126264832,1721470200.0,15.613166666666666,52.57391666666667
6276,126258955,1721429773.0,15.599666666666666,51.74191666666667
6277,126273878,1721453400.0,15.247027777777777,52.75794444444445
6278,126259094,1721482195.0,15.775694444444444,51.80111111111111
6279,126262612,1721478000.0,15.541333333333334,52.88088888888889
6280,126263785,1721458200.0,15.492333333333333,51.92975
6281,126261245,1721447400.0,15.514305555555556,51.946555555555555
6282,126260155,1721469300.0,15.520555555555555,51.944944444444445
6283,126259025,1721464901.0,15.504805555555556,51.93575
6284,126282399,1721511000.0,15.271027777777778,52.29527777777778
6285,126259162,1721487600.0,15.293833333333334,51.9865
6286,126261410,1721468995.0,15.445916666666667,51.922
6287,126261466,1721468115.0,15.493555555555556,51.939527777777776
6288,126261569,1721490594.0,15.552055555555556,52.494
6289,126260026,1721426460.0,15.868972222222222,52.03377777777778
6290,126261520,1721484000.0,15.616277777777778,52.03208333333333
6291,126266786,1721462400.0,15.493444444444444,51.92872222222222
6292,126261483,1721488724.0,15.115644,52.422271
6293,126259203,1721511408.0,16.070527777777777,51.877583333333334
6294,126826328,1721495400.0,15.507805555555555,51.927083333333336
6295,126261546,1721485046.0,15.213583333333334,52.74
6296,126260309,1721556007.0,15.256722222222223,52.697361111111114
6297,126261681,1721550454.0,15.048805555555555,52.77027777777778
6298,126261819,1721565875.0,15.229611111111112,52.79194444444445
6299,126259299,1721563127.0,15.549277777777778,51.5665
6300,126260269,1721517263.0,15.098333333333333,51.436055555555555
6301,126260325,1721559844.0,15.181472222222222,51.73758333333333
6302,126259263,1721557931.0,16.234428,51.873299
6303,126321736,1721552400.0,15.507472222222223,51.93577777777778
6304,126273914,1721581200.0,15.792416666666666,51.85016666666667
6305,126361871,1721583420.0,15.623055555555556,52.10341666666667
6306,126260338,1721558700.0,15.563027777777778,51.93786111111111
6307,126260268,1721516536.0,15.012222222222222,51.75138888888889
6308,126259242,1721554753.0,14.725472222222223,51.95988888888889
6309,126261804,1721553452.0,15.331138888888889,52.441722222222225
6310,126259320,1721575800.0,15.52613888888889,51.93925
6311,126261982,1721591968.0,15.270888888888889,52.35508333333333
6312,126261892,1721585333.0,15.60988888888889,52.445083333333336
6313,126261978,1721592711.0,15.148972222222222,52.062777777777775
6314,126261945,1721583600.0,15.199944444444444,51.99588888888889
6315,126263811,1721536800.0,15.196138888888889,51.796083333333335
6316,126805398,1721548800.0,15.78636111111111,53.69911111111111
6317,126259693,1721654741.0,15.222916666666666,52.74236111111111
6318,126259608,1721649750.0,15.493305555555555,51.56422222222222
6319,126262018,1721624652.0,15.489726,52.55549
6320,126262072,1721632623.0,15.553391,52.479324
6321,126261999,1721621943.0,15.523277777777778,52.246916666666664
6322,126259727,1721655530.0,14.772944444444445,51.784333333333336
6323,126262007,1721625483.0,15.65086111111111,51.79519444444445
6324,126262379,1721667912.0,16.234861111111112,51.70491666666667
6325,126262822,1721667724.0,15.674027777777777,51.84247222222222
6326,126260568,1721647693.0,15.659527777777777,51.79105555555556
6327,126264142,1721649000.0,15.609694444444445,51.74438888888889
6328,126262643,1721650500.0,15.538944444444445,52.880472222222224
6329,126260641,1721657225.0,16.315317,51.80143
6330,126708467,1721631600.0,15.245166666666666,52.75977777777778
6331,126259714,1721655351.0,15.086777777777778,52.05855555555556
6332,126262254,1721646620.0,15.462194444444444,52.837555555555554
6333,126262027,1721624588.0,14.817166666666667,51.962944444444446
6334,126262808,1721654700.0,15.105305555555555,51.61205555555556
6335,126262787,1721659879.0,15.141527777777778,51.633944444444445
6336,126263823,1721683200.0,15.251,50.2305
6337,126259763,1721659383.0,14.754555555555555,51.54786111111111
6338,126271897,1721656800.0,15.495472222222222,51.930638888888886
6339,126262326,1721651593.0,15.632388888888888,52.863
6340,126262112,1721635008.0,15.940694444444444,53.00669444444444
6341,126262260,1721647837.0,15.498416666666667,51.95311111111111
6342,126260724,1721678400.0,15.26013888888889,51.80688888888889
6343,126262416,1721680200.0,15.577305555555556,51.92572222222222
6344,126260679,1721670855.0,15.235,52.76280555555556
6345,126267907,1721711700.0,15.523277777777778,51.70016666666667
6346,126262487,1721709613.0,15.200083333333334,52.84572222222222
6347,126263242,1721739064.0,14.652138888888889,52.58947222222222
6348,126263002,1721713577.0,15.213,52.78944444444444
6349,126263448,1721752860.0,15.71486111111111,51.803
6350,126262564,1721726838.0,15.244222222222222,52.74594444444445
6351,126263400,1721737803.0,15.520333333333333,51.9395
6352,126263458,1721741137.0,15.562055555555556,51.93808333333333
6353,126263449,1721753916.0,14.722833333333334,51.95086111111111
6354,126263337,1721746766.0,15.136944444444444,52.0605
6355,126263776,1721715287.0,16.002861111111113,51.979055555555554
6356,126264011,1721752296.0,16.067416666666666,51.87975
6357,126260747,1721711820.0,15.559916666666666,52.44438888888889
6358,126764543,1721735400.0,15.676944444444445,51.79875
6359,126273969,1721747520.0,15.136083333333334,51.63930555555555
6360,126264047,1721762151.0,14.640583333333334,52.580333333333336
6361,126266796,1721714400.0,15.616416666666666,52.068222222222225
6362,126263825,1721719800.0,15.522722222222223,51.93936111111111
6363,126262687,1721742245.0,15.530833333333334,52.87838888888889
6364,126263187,1721730969.0,15.752972222222223,52.19025
6365,126263198,1721726100.0,15.406666666666666,51.949222222222225
6366,126263166,1721728509.0,14.572222222222223,52.35508333333333
6367,126263393,1721752731.0,14.559083333333334,52.35019444444445
6368,126263147,1721730566.0,15.644694444444445,52.279555555555554
6369,126263072,1721721427.0,15.141194444444444,51.6355
6370,126264809,1721763905.0,15.549555555555555,52.22336111111111
6371,126263473,1721741400.0,15.496666666666666,51.9505
6372,126263497,1721766654.0,15.313972222222223,52.70608333333333
6373,126264985,1721819874.0,15.249305555555555,52.743833333333335
6374,126265911,1721829635.0,15.5575,51.56283333333333
6375,126264892,1721810590.0,15.234055555555555,52.74486111111111
6376,126263737,1721815443.0,15.245861111111111,52.64991666666667
6377,126267924,1721822400.0,15.754194444444444,51.69905555555555
6378,126264895,1721812680.0,15.60436111111111,51.75530555555556
6379,126264823,1721795794.0,15.535277777777777,51.576
6380,126265825,1721825436.0,15.122722222222222,52.7535
6381,126263766,1721818200.0,15.254416666666666,51.80127777777778
6382,126265920,1721831880.0,16.07197222222222,51.87588888888889
6383,126289974,1721814480.0,15.541694444444444,51.56588888888889
6384,126264977,1721819884.0,14.938888888888888,51.7885
6385,126265986,1721831774.0,15.07725,51.93688888888889
6386,126265951,1721838440.0,15.50238888888889,52.60166666666667
6387,126264285,1721827618.0,15.59211111111111,52.44391666666667
6388,126264219,1721816313.0,15.270583333333333,52.086527777777775
6389,126264394,1721842200.0,15.512194444444445,51.943444444444445
6390,126708488,1721818800.0,15.218055555555555,52.735277777777775
6391,126265036,1721830507.0,15.114416666666667,52.44594444444444
6392,126708762,1721808000.0,15.244555555555555,52.72527777777778
6393,126263636,1721811060.0,15.530416666666667,52.87497222222222
6394,126265874,1721831019.0,15.81686111111111,52.85391666666666
6395,126264088,1721794116.0,14.6485,52.399277777777776
6396,126264896,1721809126.0,15.061965,52.324776
6397,126265050,1721833950.0,14.645972222222222,52.588277777777776
6398,126265991,1721841614.0,15.254861111111111,52.75752777777778
6399,126277798,1721848800.0,16.090944444444446,51.853722222222224
6400,126264925,1721812609.0,15.053306,52.325855
6401,126267032,1721924921.0,14.730472222222222,51.94788888888889
6402,126266668,1721914380.0,15.703388888888888,51.80411111111111
6403,126275150,1721907600.0,15.615527777777778,52.063694444444444
6404,126265464,1721906906.0,15.291583333333334,52.74922222222222
6405,126265242,1721892958.0,15.224833333333333,52.7
6406,126266308,1721926951.0,15.250388888888889,52.756277777777775
6407,126271793,1721932800.0,15.58625,51.74644444444444
6408,126266254,1721915243.0,15.230638888888889,52.696666666666665
6409,126265636,1721912937.0,14.614833333333333,52.32525
6410,126266075,1721887729.0,15.806555555555555,52.566833333333335
6411,126265736,1721923800.0,15.523916666666667,51.938583333333334
6412,126266081,1721882400.0,15.485805555555556,51.95061111111111
6413,126264443,1721874900.0,15.787138888888888,52.07691666666667
6414,126272726,1721918040.0,14.966222222222223,51.78575
6415,126805406,1721922600.0,14.908666666666667,52.67288888888889
6416,126265514,1721915703.0,15.504944444444444,52.593944444444446
6417,126708933,1721916000.0,15.236444444444444,52.748083333333334
6418,126266150,1721900357.0,15.578944444444444,52.447
6419,126266225,1721909400.0,15.580944444444444,51.92497222222222
6420,126266330,1721913193.0,15.180972222222222,51.73608333333333
6421,126266939,1721906326.0,14.975666666666667,51.60875
6422,126265448,1721910054.0,14.998722222222222,51.766527777777775
6423,126265483,1721909127.0,15.057563,52.314376
6424,126266197,1721905664.0,14.914111111111112,52.769
6425,126708903,1721930400.0,15.245277777777778,52.740722222222225
6426,126267832,1721978637.0,14.657055555555555,52.406055555555554
6427,126265774,1721968795.0,15.682722222222223,51.79677777777778
6428,126266460,1721978164.0,15.229805555555556,52.72852777777778
6429,126266592,1721990853.0,15.246833333333333,52.72627777777778
6430,126266687,1721996479.0,15.260416666666666,52.70158333333333
6431,126268181,1722004961.0,15.249055555555556,52.72252777777778
6432,126273088,1722028200.0,15.694277777777778,51.799166666666665
6433,126267862,1721981370.0,15.811333333333334,51.76811111111111
6434,126266659,1721997240.0,15.614638888888889,52.08611111111111
6435,126267813,1721976380.0,15.188083333333333,52.74047222222222
6436,126267825,1721974777.0,14.829839,52.563301
6437,126268247,1722011380.0,15.952416666666666,52.03980555555555
6438,126268121,1722000000.0,15.61363888888889,52.06294444444445
6439,126805402,1721995200.0,15.077777777777778,52.63325
6440,126268213,1722002400.0,15.527916666666666,51.93069444444444
6441,126805423,1721980800.0,14.650055555555555,52.58625
6442,126268290,1721995200.0,15.309277777777778,51.986694444444446
6443,126268345,1722023190.0,15.158621,52.578415
6444,126266731,1721992200.0,15.520722222222222,51.95308333333333
6445,126268149,1722005568.0,16.057555555555556,51.88311111111111
6446,126268790,1722009600.0,15.490638888888888,51.93505555555556
6447,126268108,1722000425.0,15.563222222222223,52.442861111111114
6448,126708671,1721944800.0,15.51475,51.95858333333334
6449,126724133,1721994120.0,15.618222222222222,52.06172222222222
6450,126268111,1722002550.0,14.572472222222222,52.34813888888889
6451,126268015,1721992135.0,15.530916666666666,52.25475
6452,126267928,1721988586.0,14.962972222222222,51.78608333333333
6453,126268858,1722051680.0,14.746805555555556,51.54338888888889
6454,126268934,1722083032.0,14.608015,52.34127
6455,126268733,1722078969.0,15.658833333333334,51.734
6456,126268517,1722065350.0,15.676444444444444,51.79361111111111
6457,126270794,1722087156.0,15.6095,51.45413888888889
6458,126268963,1722087687.0,14.749361111111112,52.631277777777775
6459,126270989,1722110390.0,15.851194444444445,52.76294444444444
6460,126269019,1722090351.0,14.566194444444445,52.35669444444444
6461,126268719,1722085125.0,15.200694444444444,52.73744444444444
6462,126268453,1722051076.0,15.298166666666667,52.68588888888889
6463,126268714,1722078651.0,15.238805555555556,52.730555555555554
6464,126268473,1722055517.0,15.24325,52.793638888888886
6465,126268829,1722047899.0,15.589805555555555,52.899277777777776
6466,126273986,1722101100.0,15.140722222222223,51.63902777777778
6467,126271910,1722063600.0,15.527138888888889,52.875416666666666
6468,126271090,1722091892.0,15.36336111111111,51.74047222222222
6469,126268759,1722084426.0,15.275916666666667,52.79475
6470,126268507,1722065552.0,16.317444444444444,51.80683333333333
6471,126708780,1722074400.0,15.200166666666666,52.72558333333333
6472,126754226,1722034200.0,15.24563888888889,52.76544444444444
6473,126270779,1722087637.0,15.220472222222222,52.73288888888889
6474,126725050,1722092400.0,15.243611111111111,52.76530555555556
6475,126270846,1722091063.0,15.578194444444444,52.44186111111111
6476,126724129,1722067200.0,15.6275,52.08166666666666
6477,126268590,1722072144.0,15.6975,51.63291666666667
6478,126268981,1722079714.0,15.520111111111111,52.24933333333333
6479,126268935,1722082503.0,15.066,51.69477777777778
6480,126271084,1722115237.0,14.557777777777778,52.355222222222224
6481,126270838,1722089547.0,15.099361111111111,52.01872222222222
6482,126269094,1722160815.0,15.560777777777778,52.20919444444444
6483,126274344,1722186900.0,15.658833333333334,51.87025
6484,126271264,1722154592.0,15.358305555555555,51.68013888888889
6485,126271330,1722169617.0,15.130583333333334,51.634277777777775
6486,126271302,1722169099.0,15.207805555555556,52.3135
6487,126269139,1722170820.0,15.20786111111111,52.313472222222224
6488,126269831,1722197220.0,15.236472222222222,52.73261111111111
6489,126271325,1722167577.0,15.158444444444445,52.71761111111111
6490,126269157,1722164299.0,15.197777777777778,52.73555555555556
6491,126269075,1722150133.0,15.1585,52.71808333333333
6492,126271444,1722176200.0,16.311768,51.803001
6493,126271235,1722150000.0,15.5705,51.92005555555556
6494,126271323,1722171600.0,15.500972222222222,51.9205
6495,126269073,1722146400.0,15.555972222222222,51.95511111111111
6496,126271110,1722124122.0,16.328043,51.803956
6497,126271313,1722173220.0,15.207805555555556,52.3135
6498,126708944,1722157200.0,15.219055555555556,52.74363888888889
6499,126271492,1722179668.0,14.562777777777779,52.34877777777778
6500,126271532,1722193153.0,14.957027777777778,51.797333333333334
6501,126271157,1722150618.0,15.477527777777778,52.14216666666667
6502,126271057,1722117780.0,15.534277777777778,52.26075
6503,126271178,1722148560.0,15.538555555555556,52.2535
6504,126718152,1722259200.0,15.2435,52.73319444444444
6505,126272830,1722237983.0,15.461527777777778,52.83708333333333
6506,126269990,1722256686.0,15.464194444444445,51.557916666666664
6507,126269938,1722248236.0,15.525944444444445,52.881194444444446
6508,126273529,1722277947.0,15.597861111111111,51.66430555555556
6509,126270061,1722273958.0,15.603361111111111,51.74516666666667
6510,126270055,1722268800.0,15.56686111111111,51.92133333333334
6511,126273247,1722261000.0,15.47936111111111,51.939194444444446
6512,126270047,1722267752.0,15.699583333333333,51.855666666666664
6513,126273324,1722262200.0,15.567166666666667,51.91313888888889
6514,126273497,1722278100.0,15.266222222222222,51.81111111111111
6515,126269855,1722228131.0,15.179194444444445,52.71908333333333
6516,126273528,1722275506.0,14.5845,52.34130555555556
6517,126273102,1722250817.0,15.245833333333334,52.72544444444444
6518,126270094,1722275203.0,15.25,52.74369444444444
6519,126272994,1722249549.0,15.156166666666667,52.745444444444445
6520,126273484,1722272622.0,14.646083333333333,52.32533333333333
6521,126274033,1722275040.0,16.3885,51.81897222222222
6522,126273262,1722260724.0,15.162194444444445,51.64388888888889
6523,126728199,1722252000.0,15.245694444444444,52.727694444444445
6524,126273419,1722266379.0,14.646472222222222,52.32530555555556
6525,126764007,1722230100.0,15.159555555555556,52.00816666666667
6526,126275102,1722262800.0,15.478111111111112,51.94244444444445
6527,126273209,1722259997.0,15.578944444444444,52.449444444444445
6528,126271633,1722215889.0,14.895444444444445,51.6225
6529,126269842,1722211928.0,16.160222222222224,51.781666666666666
6530,126275083,1722254400.0,15.502888888888888,51.957388888888886
6531,126708952,1722229800.0,15.242027777777778,52.73272222222222
6532,126274252,1722349200.0,15.6215,52.04838888888889
6533,126274202,1722350519.0,15.57775,52.0815
6534,126274416,1722342325.0,15.521694444444444,51.95280555555556
6535,126274453,1722365867.0,15.53036111111111,52.247305555555556
6536,126274217,1722350444.0,15.313666666666666,51.61525
6537,126274146,1722341121.0,15.163472222222222,51.641333333333336
6538,126274502,1722370560.0,15.532833333333333,52.24375
6539,126274613,1722329400.0,15.588083333333334,52.08075
6540,126270282,1722344855.0,15.281194444444445,51.62675
6541,126273712,1722319500.0,15.535722222222223,51.92766666666667
6542,126270123,1722311002.0,14.611833333333333,52.32666666666667
6543,126274458,1722368160.0,14.741444444444443,51.95469444444444
6544,126273835,1722331293.0,14.64125,52.5815
6545,126270285,1722348780.0,15.179388888888889,52.74158333333333
6546,126270197,1722328035.0,15.25013888888889,52.72694444444444
6547,126274274,1722352860.0,15.240222222222222,52.61275
6548,126274467,1722367232.0,15.269305555555556,52.76177777777778
6549,126270213,1722334564.0,15.207166666666666,52.725027777777775
6550,126273979,1722336371.0,15.245166666666666,52.75925
6551,126274180,1722347104.0,15.190441,52.443934
6552,126273603,1722295045.0,14.869333333333334,52.33213888888889
6553,126273889,1722331465.0,16.112455,51.850194
6554,126274085,1722339428.0,15.62898,52.019321
6555,126274053,1722340567.0,15.581527777777778,52.44202777777778
6556,126738786,1722343500.0,15.51425,51.92941666666667
6557,126728203,1722327600.0,15.240166666666667,52.72958333333333
6558,126723893,1722328800.0,15.210444444444445,52.73577777777778
6559,126708962,1722327600.0,15.239972222222223,52.72958333333333
6560,126274281,1722354526.0,15.725416666666666,52.767361111111114
6561,126270398,1722357600.0,15.592083333333333,51.935722222222225
6562,126273970,1722335700.0,15.618583333333333,52.06158333333333
6563,126805461,1722381600.0,14.892777777777777,52.672777777777775
6564,126272572,1722454698.0,15.673027777777778,51.867916666666666
6565,126275231,1722396600.0,15.539444444444445,51.75161111111111
6566,126272356,1722425852.0,15.533305555555556,52.2625
6567,126270504,1722412308.0,14.730361111111112,51.94822222222222
6568,126275217,1722411000.0,15.74375,51.800916666666666
6569,126272209,1722415293.0,15.757888888888889,51.68488888888889
6570,126270482,1722406532.0,15.822194444444445,52.83672222222222
6571,126272504,1722428209.0,15.520305555555556,52.25025
6572,126272609,1722449965.0,15.516666666666667,51.9225
6573,126272542,1722445063.0,14.673083333333333,52.32483333333333
6574,126272064,1722404900.0,15.716861111111111,51.80455555555555
6575,126272328,1722432479.0,14.952107,52.322018
6576,126274955,1722448321.0,14.562055555555556,52.36527777777778
6577,126279661,1722450000.0,15.639305555555556,51.95611111111111
6578,126274952,1722446703.0,15.161694444444445,52.744638888888886
6579,126271988,1722401712.0,15.536333333333333,51.56697222222222
6580,126279646,1722412800.0,15.5135,51.95836111111111
6581,126738816,1722393000.0,15.514555555555555,51.921638888888886
6582,126708956,1722423600.0,15.25,52.75
6583,126275772,1722419100.0,15.493833333333333,51.941472222222224
6584,126272036,1722401863.0,15.793722222222222,52.31633333333333
6585,126725041,1722407400.0,15.20186111111111,52.73733333333333
6586,126272166,1722417000.0,15.488666666666667,51.97527777777778
6587,126272285,1722424638.0,15.304444444444444,51.61258333333333
6588,126274832,1722430850.0,15.498138888888889,51.95319444444444
6589,126270441,1722402600.0,15.438694444444444,51.94647222222222
6590,126272074,1722403200.0,15.493305555555555,51.94786111111111
6591,126272233,1722418800.0,15.508694444444444,51.94122222222222
6592,126270735,1722426236.0,15.146722222222222,52.754333333333335
6593,126279650,1722429720.0,15.514333333333333,51.93983333333333
6594,126272567,1722457471.0,15.117666666666667,52.45511111111111
6595,126805553,1722494700.0,15.007305555555556,52.675805555555556
6596,126275818,1722509761.0,14.640555555555556,52.58
6597,126275574,1722533558.0,14.639305555555556,52.5795
6598,126275696,1722546600.0,15.9225,52.068333333333335
6599,126272595,1722463380.0,14.580083333333333,52.34725
6600,126275969,1722518631.0,14.888638888888888,52.437805555555556
6601,126275697,1722538500.0,15.559944444444444,51.9385
6602,126279687,1722496200.0,15.485194444444444,51.931666666666665
6603,126272665,1722484800.0,15.499472222222222,51.94047222222222
6604,126280596,1722529200.0,15.700416666666667,52.94383333333333
6605,126275214,1722498946.0,15.238972222222221,52.72752777777778
6606,126279695,1722505500.0,15.50975,51.931583333333336
6607,126724028,1722519000.0,15.23225,52.740916666666664
6608,126275872,1722505907.0,15.082027777777778,51.50994444444444
6609,126275013,1722466730.0,15.659916666666666,52.4465
6610,126272694,1722496913.0,15.120138888888889,51.63475
6611,126274719,1722516413.0,15.617305555555555,51.840333333333334
6612,126275966,1722523176.0,15.710638888888889,51.83788888888889
6613,126275612,1722532776.0,15.5425,52.267583333333334
6614,126275405,1722515325.0,15.133638888888889,52.47405555555556
6615,126275521,1722520003.0,15.903916666666667,51.93138888888889
6616,126275486,1722519757.0,14.758722222222222,51.66744444444444
6617,126805435,1722526200.0,15.376388888888888,52.83888888888889
6618,126274737,1722507540.0,14.72625,51.95894444444444
6619,126272715,1722493776.0,15.234583333333333,52.76161111111111
6620,126275649,1722539506.0,15.249027777777778,52.624
6621,126805427,1722513600.0,15.360277777777778,52.72888888888889
6622,126275208,1722498418.0,15.196416666666666,52.73844444444445
6623,126276830,1722532244.0,15.284916666666668,51.98641666666666
6624,126275440,1722518567.0,15.231472222222223,52.69808333333334
6625,126275401,1722495878.0,14.836305555555555,51.67311111111111
6626,126805509,1722549300.0,14.650722222222223,52.5895
6627,126278250,1722611509.0,16.314474,51.792885
6628,126278238,1722618840.0,15.56193,52.251755
6629,126284149,1722587400.0,15.623055555555556,52.080666666666666
6630,126286030,1722580260.0,14.642611111111112,52.57219444444444
6631,126276069,1722563487.0,14.799721,52.560005
6632,126276182,1722593396.0,14.744555555555555,51.53647222222222
6633,126278318,1722624168.0,14.999972222222222,51.762861111111114
6634,126278282,1722602826.0,15.16625,51.641222222222225
6635,126278097,1722607734.0,14.938222222222223,51.789027777777775
6636,126276099,1722575274.0,15.273555555555555,51.731027777777776
6637,126276100,1722559391.0,14.873277777777778,52.33277777777778
6638,126277067,1722606000.0,15.525,51.95894444444444
6639,126277078,1722610500.0,15.524222222222223,51.958416666666665
6640,126276214,1722601200.0,15.547583333333334,51.92341666666667
6641,126277987,1722593505.0,15.915805555555556,53.11969444444444
6642,126278225,1722613140.0,15.524027777777778,51.94088888888889
6643,126276308,1722618900.0,15.518694444444444,51.95916666666667
6644,126277855,1722586656.0,15.313333333333333,51.70044444444444
6645,126276111,1722584091.0,14.97375,51.80061111111111
6646,126278187,1722612732.0,16.314055555555555,51.79241666666667
6647,126277198,1722623151.0,15.489944444444445,52.174166666666665
6648,126276939,1722590322.0,15.47636111111111,52.252472222222224
6649,126289538,1722618360.0,15.568,51.939277777777775
6650,126723869,1722609720.0,15.199972222222222,52.73927777777778
6651,126276978,1722593318.0,15.528194444444445,51.575583333333334
6652,126288798,1722589800.0,15.550888888888888,51.565083333333334
6653,126277913,1722578006.0,15.682083333333333,52.12738888888889
6654,126276910,1722586256.0,15.713972222222223,51.80269444444444
6655,126277791,1722578614.0,15.700694444444444,51.800111111111114
6656,126275729,1722554100.0,15.328472222222222,51.84097222222222
6657,126279562,1722575580.0,15.709472222222223,51.83477777777778
6658,126276117,1722583854.0,15.24388888888889,52.72361111111111
6659,126277958,1722593348.0,15.242305555555555,52.764
6660,126277985,1722595087.0,15.249333333333333,52.76661111111111
6661,126276942,1722589503.0,15.117944444444445,52.779333333333334
6662,126716708,1722702000.0,15.19625,52.73780555555555
6663,126282392,1722644700.0,15.79363888888889,52.94588888888889
6664,126278637,1722684473.0,15.062472222222222,51.636722222222225
6665,126278456,1722667800.0,15.610555555555555,51.92852777777778
6666,126278881,1722712713.0,15.825972222222223,52.834361111111114
6667,126277629,1722697880.0,14.561305555555556,52.35516666666667
6668,126278832,1722699900.0,15.512166666666667,51.907111111111114
6669,126282091,1722684600.0,16.271333333333335,51.81330555555556
6670,126277330,1722663000.0,15.49713888888889,51.92733333333334
6671,126281787,1722693600.0,15.709888888888889,51.808194444444446
6672,126282855,1722700800.0,15.518222222222223,51.930638888888886
6673,126281758,1722677400.0,15.300166666666666,51.61441666666666
6674,126277269,1722638964.0,15.793472222222222,52.34538888888889
6675,126278719,1722703824.0,14.730472222222222,51.94786111111111
6676,126723902,1722690000.0,15.207166666666666,52.726194444444445
6677,126278794,1722709287.0,15.093111111111112,52.061861111111114
6678,126277555,1722690112.0,15.250333333333334,52.718666666666664
6679,126278904,1722716852.0,14.651361111111111,52.597611111111114
6680,126278704,1722697378.0,15.296583333333333,52.33358333333334
6681,126277510,1722683851.0,15.547083333333333,52.319916666666664
6682,126277280,1722637579.0,15.036222222222221,52.67527777777778
6683,126277643,1722707818.0,15.952388888888889,51.967555555555556
6684,126278861,1722716514.0,15.236305555555555,52.73538888888889
6685,126277299,1722653635.0,15.334694444444445,52.79786111111111
6686,126279048,1722754699.0,14.953916666666666,52.71897222222222
6687,126279261,1722771141.0,14.832527777777777,51.6835
6688,126279890,1722793785.0,14.972777777777777,51.809333333333335
6689,126279958,1722802500.0,15.604472222222222,52.105555555555554
6690,126279215,1722776779.0,14.667777777777777,51.76213888888889
6691,126279295,1722777677.0,15.146527777777777,51.66663888888889
6692,126279831,1722777600.0,15.51275,51.87133333333333
6693,126279142,1722769800.0,15.582194444444445,51.931222222222225
6694,126279809,1722779460.0,15.821722222222222,51.9515
6695,126279800,1722775693.0,14.581305555555556,52.347
6696,126279331,1722791936.0,14.55663888888889,52.350138888888885
6697,126307779,1722765600.0,16.057833333333335,51.8435
6698,126278962,1722738735.0,15.146194444444445,51.66455555555556
6699,126277693,1722726841.0,15.757083333333334,52.92775
6700,126279365,1722789938.0,15.595836,51.949657
6701,126279883,1722786578.0,14.961775,52.562778
6702,126278953,1722727827.0,15.56475,52.465666666666664
6703,126279947,1722794272.0,14.644472222222221,52.32213888888889
6704,126279203,1722773280.0,15.490194444444445,52.17425
6705,126279845,1722781263.0,14.989888888888888,52.10686111111111
6706,126279799,1722780060.0,15.693166666666666,51.80533333333333
6707,126805470,1722864000.0,14.891194444444444,52.67308333333333
6708,126316196,1722880800.0,15.570027777777778,51.89819444444444
6709,126280934,1722878439.0,14.961583333333333,51.634
6710,126280215,1722855302.0,15.0425,51.736916666666666
6711,126750685,1722888600.0,14.733277777777777,51.94822222222222
6712,126280017,1722837987.0,15.158444444444445,52.145
6713,126280214,1722856673.0,15.093111111111112,52.06183333333333
6714,126280956,1722874315.0,15.642176,52.256851
6715,126280374,1722853568.0,15.234222222222222,52.74513888888889
6716,126280369,1722865748.0,15.215444444444444,52.817
6717,126280853,1722865677.0,15.23413888888889,52.74475
6718,126281853,1722863622.0,15.241972222222222,52.74594444444445
6719,126280466,1722878575.0,15.308111111111112,51.61494444444445
6720,126282860,1722855600.0,15.488666666666667,51.92966666666667
6721,126280812,1722855350.0,15.47425,52.002361111111114
6722,126280897,1722868500.0,15.632777777777777,51.88475
6723,126282885,1722866400.0,15.502611111111111,51.937777777777775
6724,126282867,1722844800.0,15.500583333333333,51.950472222222224
6725,126282894,1722870300.0,15.559527777777777,51.937694444444446
6726,126280930,1722865200.0,15.493305555555555,51.928777777777775
6727,126282874,1722848220.0,15.577277777777777,51.91480555555555
6728,126281723,1722864600.0,14.559083333333334,52.34877777777778
6729,126284165,1722848400.0,15.504444444444445,51.94036111111111
6730,126288648,1722845400.0,15.013805555555555,51.75105555555555
6731,126723939,1722848400.0,15.25611111111111,52.73722222222222
6732,126280882,1722876656.0,15.6805,52.577555555555556
6733,126723993,1722870000.0,15.21813888888889,52.74375
6734,126280917,1722882080.0,15.536277777777778,52.83561111111111
6735,126280256,1722861011.0,16.297602,51.791297
6736,126279487,1722835265.0,15.273055555555555,52.69225
6737,126279444,1722834592.0,14.64038888888889,52.60794444444444
6738,126805486,1722852660.0,14.883055555555556,52.672222222222224
6739,126280893,1722878781.0,16.070555555555554,51.87855555555556
6740,126724021,1722838200.0,15.228833333333334,52.723305555555555
6741,126281057,1722924272.0,15.520777777777777,51.946527777777774
6742,126280656,1722944677.0,15.716916666666666,51.803777777777775
6743,126281187,1722938400.0,15.490722222222223,51.93958333333333
6744,126281500,1722966600.0,15.49375,51.83255555555556
6745,126281371,1722950047.0,15.539694444444445,51.961194444444445
6746,126281180,1722936019.0,14.734277777777777,52.54494444444445
6747,126281103,1722926132.0,15.504222222222221,51.940916666666666
6748,126282124,1722939300.0,15.521027777777778,51.953583333333334
6749,126282161,1722946617.0,15.724527777777778,51.77494444444444
6750,126281552,1722976200.0,15.499777777777778,51.935944444444445
6751,126308359,1722941460.0,15.826166666666667,51.73094444444445
6752,126281501,1722968124.0,15.200147,52.583295
6753,126282776,1722952547.0,15.478361111111111,51.93075
6754,126280629,1722940969.0,14.560944444444445,52.35236111111111
6755,126281940,1722921121.0,15.248305555555556,52.30763888888889
6756,126282201,1722948617.0,15.532833333333333,52.87455555555555
6757,126282025,1722932293.0,14.640638888888889,52.579055555555556
6758,126280507,1722898255.0,15.75125,52.93025
6759,126282132,1722942716.0,14.640611111111111,52.58025
6760,126281987,1722922924.0,15.616861111111112,52.063
6761,126282193,1722948016.0,15.726194444444445,51.56630555555556
6762,126280673,1722948300.0,15.534222222222223,52.24575
6763,126281108,1722931185.0,15.276083333333334,51.474222222222224
6764,126281525,1722964619.0,15.199916666666667,51.495555555555555
6765,126282373,1722958200.0,15.209166666666667,52.76361111111111
6766,126281558,1722966569.0,15.240916666666667,52.72738888888889
6767,126718149,1722973200.0,15.236416666666667,52.73538888888889
6768,126281479,1722960688.0,15.627333333333333,51.593805555555555
6769,126281255,1722940604.0,15.546527777777778,52.39672222222222
6770,126282326,1722980295.0,15.516527777777778,52.587583333333335
6771,126718146,1722940980.0,15.235222222222223,52.7635
6772,126281219,1722939617.0,15.783083333333334,52.31363888888889
6773,126281419,1722958186.0,15.72725,51.79958333333333
6774,126281464,1722956881.0,15.102805555555555,52.031
6775,126281166,1722935283.0,15.597944444444444,52.83241666666667
6776,126283991,1723053000.0,15.493472222222222,51.94063888888889
6777,126283868,1723039303.0,15.253805555555555,52.741277777777775
6778,126283033,1723037016.0,15.187305555555556,52.800111111111114
6779,126281601,1723007669.0,15.514111111111111,51.94394444444445
6780,126282473,1723020011.0,15.141305555555556,51.647555555555556
6781,126283906,1723043389.0,15.597527777777778,51.744416666666666
6782,126281673,1723017600.0,15.622833333333332,52.08038888888889
6783,126283116,1723042056.0,15.165888888888889,51.641222222222225
6784,126282479,1723021364.0,15.674305555555556,51.8415
6785,126281572,1722994882.0,15.170109,52.341836
6786,126281650,1723012383.0,15.157944444444444,52.716166666666666
6787,126283889,1723036230.0,15.570638888888888,51.91025
6788,126728222,1723020360.0,15.251583333333333,52.74552777777778
6789,126282679,1723055753.0,15.680138888888889,52.125638888888886
6790,126282374,1723011300.0,15.51961111111111,51.94594444444444
6791,126326628,1723005000.0,15.667777777777777,51.946666666666665
6792,126290054,1723057200.0,15.524833333333333,51.52483333333333
6793,126286236,1723017600.0,15.50838888888889,51.93877777777778
6794,126282941,1723028839.0,15.096861111111112,51.743972222222226
6795,126283946,1723046445.0,15.589833333333333,52.124472222222224
6796,126282430,1723018735.0,15.734055555555555,52.959361111111114
6797,126283920,1723047566.0,15.572833333333334,52.44241666666667
6798,126283047,1723035990.0,15.874805555555556,52.340444444444444
6799,126730953,1723006920.0,15.734055555555555,52.95933333333333
6800,126293090,1723023000.0,15.580194444444444,51.913583333333335
6801,126283898,1723042959.0,15.641583333333333,52.08811111111111
6802,126290050,1723038000.0,15.514027777777777,51.922444444444444
6803,126283166,1723049863.0,15.479388888888888,52.25311111111111
6804,126283929,1723033500.0,15.501722222222222,51.93852777777778
6805,126282493,1723028913.0,15.493444444444444,51.93975
6806,126291830,1723108920.0,14.981722222222222,51.780388888888886
6807,126284478,1723102055.0,16.034262,51.889492
6808,126284055,1723093737.0,15.6515,52.30027777777778
6809,126284080,1723094880.0,15.091694444444444,51.630583333333334
6810,126284923,1723129570.0,15.23725,52.729
6811,126284082,1723096281.0,15.253055555555555,52.733472222222225
6812,126284940,1723139667.0,15.665888888888889,51.86875
6813,126287107,1723149932.0,15.301666,52.303005
6814,126284784,1723128871.0,14.560555555555556,52.35180555555556
6815,126300512,1723143600.0,15.236361111111112,52.691805555555554
6816,126284764,1723109986.0,14.999638888888889,51.7555
6817,126284286,1723104905.0,15.427388888888888,52.20202777777778
6818,126284946,1723129893.0,15.255527777777777,52.73386111111111
6819,126284146,1723095000.0,15.524333333333333,51.958777777777776
6820,126284276,1723107329.0,15.259972222222222,51.55675
6821,126287083,1723139718.0,15.5725,51.90475
6822,126289540,1723111440.0,15.50225,51.9425
6823,126284814,1723132200.0,15.343583333333333,51.90302777777778
6824,126289541,1723133640.0,15.533416666666668,51.95869444444445
6825,126284633,1723113538.0,15.015444444444444,51.74805555555555
6826,126287033,1723148856.0,15.748888888888889,52.302638888888886
6827,126284901,1723135538.0,15.507694444444445,52.596222222222224
6828,126287044,1723153523.0,15.274972222222223,52.74575
6829,126289971,1723140000.0,15.5235,51.57494444444445
6830,126284098,1723095102.0,15.38513888888889,52.62
6831,126718125,1723129200.0,15.243583333333333,52.76408333333333
6832,126284882,1723135869.0,14.97,51.78480555555556
6833,126284190,1723101862.0,15.40325,52.25947222222222
6834,126283294,1723083787.0,15.231194444444444,52.7365
6835,126287378,1723194785.0,14.9665,51.78586111111111
6836,126285256,1723234644.0,15.397833333333333,51.62236111111111
6837,126286528,1723205735.0,14.762,51.593805555555555
6838,126286759,1723223400.0,15.023222222222222,51.7825
6839,126287324,1723189415.0,16.327444444444446,51.80536111111111
6840,126287381,1723195982.0,15.3745,51.63211111111111
6841,126287308,1723191151.0,15.317638888888888,52.687222222222225
6842,126286495,1723202695.0,15.275583333333334,52.74347222222222
6843,126286718,1723225732.0,14.621583333333334,52.32213888888889
6844,126289549,1723187580.0,15.503527777777778,51.93955555555556
6845,126287325,1723194646.0,15.570222222222222,52.461416666666665
6846,126287486,1723199764.0,15.247027777777777,52.72613888888889
6847,126287668,1723237741.0,15.714638888888889,52.296527777777776
6848,126286788,1723233534.0,14.65325,52.32513888888889
6849,126286695,1723224816.0,15.299611111111112,51.62763888888889
6850,126287666,1723234127.0,15.033027777777777,52.67491666666667
6851,126286701,1723225419.0,14.646194444444445,52.39825
6852,126286782,1723234080.0,15.161333333333333,52.72438888888889
6853,126285152,1723217013.0,15.530861111111111,52.25233333333333
6854,126287548,1723205400.0,15.626444444444445,51.91616666666667
6855,126286473,1723206179.0,15.119805555555555,51.63422222222222
6856,126285138,1723208400.0,15.462972222222222,51.86227777777778
6857,126286643,1723208945.0,15.495166666666666,51.952222222222225
6858,126287507,1723194000.0,15.506527777777778,51.94097222222222
6859,126287273,1723158000.0,15.501666666666667,51.931416666666664
6860,126286487,1723204426.0,15.832944444444445,52.84491666666667
6861,126285229,1723230000.0,15.503583333333333,51.957
6862,126288810,1723183200.0,15.319472222222222,51.61402777777778
6863,126289225,1723202820.0,14.794916666666667,52.242
6864,126286366,1723197191.0,15.77588888888889,52.47227777777778
6865,126285216,1723227189.0,15.772666666666666,51.993
6866,126729338,1723219200.0,15.260305555555556,52.761583333333334
6867,126757181,1723209600.0,15.209972222222222,52.73533333333334
6868,126286522,1723205750.0,15.259611111111111,52.73480555555555
6869,126289575,1723212000.0,15.2825,51.81836111111111
6870,126287629,1723190400.0,15.505555555555556,51.94547222222222
6871,126289566,1723206600.0,15.554722222222223,51.937666666666665
6872,126289586,1723294800.0,15.522527777777778,51.95677777777778
6873,126286903,1723280325.0,15.184046,52.581474
6874,126287811,1723276925.0,16.311201,51.779236
6875,126288047,1723290360.0,15.060277777777777,51.57611111111111
6876,126287695,1723265876.0,16.390789,51.778866
6877,126287795,1723292347.0,14.795444444444444,52.57413888888889
6878,126286909,1723265649.0,14.834194444444444,51.646388888888886
6879,126286849,1723260176.0,15.252222222222223,52.73383333333334
6880,126288129,1723298059.0,15.378472222222221,52.836166666666664
6881,126288041,1723281029.0,14.56525,52.34894444444444
6882,126298003,1723298400.0,15.483138888888888,51.930527777777776
6883,126285353,1723287249.0,14.63963888888889,52.57977777777778
6884,126286999,1723277075.0,14.659055555555556,52.590666666666664
6885,126288231,1723321702.0,15.225305555555556,52.74288888888889
6886,126288024,1723289897.0,15.168027777777779,52.743027777777776
6887,126286946,1723282504.0,16.207916666666666,51.747
6888,126285339,1723276805.0,15.0905,52.03205555555556
6889,126285349,1723284085.0,15.677583333333333,52.75183333333333
6890,126286959,1723281970.0,15.405194444444444,52.17952777777778
6891,126287730,1723272656.0,15.543305555555555,52.30072222222222
6892,126733629,1723271340.0,15.73425,51.693555555555555
6893,126287749,1723282433.0,15.534138888888888,52.874
6894,126288103,1723299441.0,15.45036111111111,52.296194444444446
6895,126288130,1723304617.0,15.152333333333333,51.62855555555556
6896,126289599,1723302600.0,15.513,51.93588888888889
6897,126288267,1723323166.0,15.380027777777778,52.62533333333333
6898,126288122,1723289502.0,15.55486111111111,52.886944444444445
6899,126288118,1723296749.0,15.533548,52.245491
6900,126287866,1723302634.0,15.53336111111111,52.36897222222222
6901,126288193,1723306843.0,15.57836111111111,52.448055555555555
6902,126290026,1723409100.0,15.572444444444445,51.99075
6903,126285544,1723371791.0,14.616111111111111,52.32355555555556
6904,126288483,1723388553.0,16.120944444444444,51.845666666666666
6905,126285638,1723401809.0,16.095083333333335,51.774166666666666
6906,126285523,1723361055.0,15.135666666666667,51.53861111111111
6907,126285492,1723327209.0,15.255472222222222,52.73405555555556
6908,126288349,1723370487.0,15.190027777777777,52.73961111111111
6909,126288409,1723378390.0,14.58775,52.35286111111111
6910,126288262,1723327951.0,15.236972222222223,52.704861111111114
6911,126289031,1723390786.0,15.243416666666667,52.73166666666667
6912,126290439,1723327500.0,15.674166666666666,51.77886111111111
6913,126289601,1723388400.0,15.502666666666666,51.952222222222225
6914,126288309,1723358096.0,14.97875,51.82683333333333
6915,126288497,1723391745.0,15.390361111111112,52.21172222222222
6916,126288680,1723404000.0,15.710444444444445,51.84513888888889
6917,126288573,1723404556.0,15.831111111111111,52.83738888888889
6918,126729367,1723361040.0,15.217777777777778,52.744083333333336
6919,126288521,1723392802.0,15.700611111111112,51.80013888888889
6920,126288696,1723384800.0,15.494416666666666,51.91225
6921,126289098,1723400625.0,15.594,51.745555555555555
6922,126290231,1723457383.0,15.560833333333333,52.20977777777778
6923,126806726,1723491600.0,15.004305555555556,52.755583333333334
6924,126297992,1723414440.0,15.50375,51.94555555555556
6925,126290035,1723435973.0,14.727472222222222,51.91538888888889
6926,126288688,1723441753.0,15.252611111111111,52.718694444444445
6927,126290244,1723465500.0,14.572805555555556,52.352
6928,126288838,1723453168.0,16.231138,51.816658
6929,126289213,1723449951.0,14.796333333333333,52.19522222222222
6930,126290286,1723474440.0,15.735222222222223,51.68522222222222
6931,126288666,1723441086.0,15.489138888888888,52.854194444444445
6932,126288901,1723455370.0,15.543833333333334,52.30466666666667
6933,126291060,1723471786.0,15.231,52.697722222222225
6934,126289328,1723463972.0,15.255527777777777,52.734138888888886
6935,126724229,1723448400.0,15.625861111111112,52.08541666666667
6936,126290177,1723463014.0,15.675055555555556,51.73105555555556
6937,126291499,1723483800.0,15.715805555555555,51.801
6938,126757176,1723469400.0,15.237361111111111,52.732305555555556
6939,126708984,1723461060.0,15.234861111111112,52.72825
6940,126289468,1723481992.0,14.745111111111111,51.951388888888886
6941,126290277,1723472700.0,15.482666666666667,51.93244444444444
6942,126291125,1723478597.0,15.323694444444444,51.626194444444444
6943,126288885,1723455000.0,15.521833333333333,51.93944444444445
6944,126288921,1723459716.0,15.505777777777778,51.93102777777778
6945,126290152,1723455931.0,15.46861111111111,51.55736111111111
6946,126291062,1723456098.0,15.48675,51.958416666666665
6947,126291273,1723497483.0,15.17675,51.496
6948,126290241,1723464512.0,15.491055555555555,51.96502777777778
6949,126290386,1723492301.0,15.853,51.86858333333333
6950,126291266,1723490100.0,15.512777777777778,51.936861111111114
6951,126290366,1723495586.0,15.693333333333333,51.84436111111111
6952,126289417,1723468432.0,15.84,51.653194444444445
6953,126291228,1723482504.0,15.593638888888888,52.437666666666665
6954,126289953,1723465800.0,15.512472222222222,51.93588888888889
6955,126291149,1723481529.0,15.097388888888888,52.03655555555556
6956,126289830,1723560234.0,15.71025,51.8125
6957,126290696,1723552786.0,14.998555555555555,51.76741666666667
6958,126290390,1723514092.0,14.59625,52.38619444444444
6959,126290655,1723549630.0,15.000722222222223,51.79666666666667
6960,126291000,1723577054.0,15.61,52.90438888888889
6961,126290932,1723567702.0,16.041677,51.868298
6962,126290958,1723568400.0,15.563,51.99041666666667
6963,126290411,1723526500.0,15.24061111111111,52.723444444444446
6964,126302321,1723566960.0,14.561638888888888,52.355777777777774
6965,126293107,1723557600.0,15.494666666666667,51.96263888888889
6966,126290741,1723552745.0,15.083106,52.323845
6967,126289570,1723527396.0,14.61125,52.32227777777778
6968,126291645,1723571423.0,15.54111111111111,52.885555555555555
6969,126299248,1723557600.0,16.32636111111111,51.80558333333333
6970,126289813,1723567380.0,15.772333333333334,52.30997222222222
6971,126725087,1723537200.0,15.226055555555556,52.74263888888889
6972,126290923,1723568608.0,15.244416666666666,52.75255555555555
6973,126289826,1723564649.0,15.24725,52.72613888888889
6974,126293098,1723557000.0,15.498138888888889,51.930166666666665
6975,126290737,1723543291.0,15.491833333333334,51.92988888888889
6976,126291570,1723553908.0,15.458861111111112,52.186
6977,126291543,1723555598.0,15.275194444444445,52.74305555555556
6978,126289804,1723548928.0,15.530611111111112,52.25416666666667
6979,126290786,1723557817.0,15.215111111111112,51.521
6980,126289737,1723548909.0,15.551083333333333,51.70802777777778
6981,126290656,1723548360.0,15.710583333333334,51.80119444444445
6982,126290456,1723529880.0,15.236222222222223,52.74783333333333
6983,126290726,1723555785.0,15.280388888888888,51.626777777777775
6984,126289836,1723573471.0,15.687583333333333,51.788222222222224
6985,126292229,1723580100.0,15.557,51.82483333333333
6986,126290885,1723559661.0,15.257083333333334,52.71686111111111
6987,126290930,1723566971.0,15.532583333333333,52.26108333333333
6988,126292209,1723549740.0,15.641583333333333,51.881277777777775
6989,126718143,1723537200.0,15.226111111111111,52.742777777777775
6990,126805567,1723554000.0,14.953166666666666,52.74786111111111
6991,126289721,1723524600.0,15.39125,52.86472222222222
6992,126805546,1723650780.0,14.897222222222222,52.740833333333335
6993,126729438,1723654440.0,15.255055555555556,52.76127777777778
6994,126292590,1723644000.0,15.401333333333334,51.89811111111111
6995,126291934,1723635426.0,15.607861111111111,52.22175
6996,126293150,1723640255.0,14.808,51.66155555555556
6997,126297214,1723613400.0,15.524611111111112,51.94072222222222
6998,126292726,1723665016.0,14.76,51.57538888888889
6999,126292704,1723653376.0,15.62561111111111,52.07661111111111
7000,126291974,1723640994.0,14.938055555555556,51.72291666666667
7001,126296221,1723642200.0,15.648222222222222,51.95191666666667
7002,126296242,1723660200.0,15.306,51.96872222222222
7003,126294125,1723667999.0,15.5525,51.58697222222222
7004,126292533,1723647240.0,14.771944444444445,51.599111111111114
7005,126292348,1723634958.0,15.87975,52.32922222222222
7006,126292580,1723644585.0,16.312361111111112,51.80572222222222
7007,126292610,1723657035.0,15.12914,52.582347
7008,126292154,1723621517.0,15.608305555555555,52.49483333333333
7009,126293075,1723633898.0,15.502611111111111,52.862
7010,126291969,1723638818.0,14.725194444444444,51.95794444444444
7011,126293114,1723638982.0,15.244305555555556,52.74586111111111
7012,126294076,1723650654.0,14.643805555555556,52.47486111111111
7013,126292006,1723647240.0,15.266166666666667,52.76255555555556
7014,126292188,1723624201.0,15.07863888888889,52.06158333333333
7015,126291019,1723587606.0,15.235138888888889,52.743027777777776
7016,126292467,1723645878.0,15.731388888888889,51.79825
7017,126292079,1723613400.0,15.495666666666667,51.92883333333333
7018,126725059,1723662000.0,15.238055555555556,52.7375
7019,126293060,1723630800.0,15.523222222222222,51.95675
7020,126292736,1723670700.0,15.529027777777777,51.95425
7021,126292035,1723603272.0,15.037166666666666,52.74816666666667
7022,126735026,1723638600.0,15.207555555555556,52.737944444444445
7023,126292583,1723653277.0,16.31388888888889,51.80125
7024,126292804,1723711883.0,14.579409,52.315739
7025,126292706,1723675940.0,15.300721,52.314096
7026,126294275,1723734062.0,15.578527777777778,52.44566666666667
7027,126292751,1723703283.0,15.572833333333334,51.549166666666665
7028,126293360,1723711620.0,15.11475,52.42588888888889
7029,126292778,1723716600.0,15.188194444444445,52.61119444444444
7030,126292870,1723735500.0,15.422694444444444,51.47475
7031,126292856,1723731025.0,15.244166666666667,52.74333333333333
7032,126292948,1723744280.0,15.237083333333333,52.75822222222222
7033,126292940,1723740331.0,15.696083333333334,51.804138888888886
7034,126292818,1723720677.0,15.501222222222221,52.25791666666667
7035,126708670,1723744800.0,15.567166666666667,51.939055555555555
7036,126798549,1723737600.0,15.510833333333334,51.946333333333335
7037,126293664,1723802596.0,15.584277777777778,52.443888888888885
7038,126293019,1723762284.0,16.298262,51.810742
7039,126693809,1723831200.0,15.581861111111111,52.443333333333335
7040,126295032,1723774192.0,15.111361111111112,51.62197222222222
7041,126295106,1723794765.0,14.762027777777778,51.66755555555555
7042,126295052,1723786200.0,15.554777777777778,51.91836111111111
7043,126295311,1723812094.0,14.572055555555556,52.373
7044,126294459,1723803822.0,15.143583333333334,51.637027777777774
7045,126295317,1723813089.0,15.40013888888889,52.11375
7046,126293813,1723835880.0,15.481805555555555,51.93511111111111
7047,126295173,1723799165.0,14.730916666666667,51.54077777777778
7048,126297593,1723785900.0,15.515583333333334,51.93861111111111
7049,126295297,1723811416.0,15.559583333333332,51.93783333333333
7050,126298005,1723794000.0,15.484805555555555,51.93833333333333
7051,126302325,1723818600.0,14.834277777777778,52.35183333333333
7052,126294420,1723800932.0,14.59361111111111,52.335388888888886
7053,126294576,1723816800.0,15.48938888888889,51.906333333333336
7054,126295379,1723820250.0,15.427166666666666,52.20711111111111
7055,126293643,1723804536.0,15.197277777777778,52.73569444444445
7056,126293533,1723789504.0,15.238,52.73294444444444
7057,126297603,1723804200.0,15.565944444444444,51.93822222222222
7058,126293583,1723797879.0,15.256527777777778,52.71230555555555
7059,126295360,1723819350.0,15.587666666666667,52.83938888888889
7060,126294504,1723814716.0,15.242972222222223,52.73305555555555
7061,126295411,1723818817.0,14.835916666666666,52.356027777777776
7062,126295310,1723808628.0,15.253722222222223,51.98833333333333
7063,126298274,1723842000.0,15.7095,51.77777777777778
7064,126295205,1723802347.0,15.496916666666667,52.59025
7065,126295267,1723804040.0,15.7915,52.567305555555556
7066,126293715,1723815960.0,15.255805555555556,52.75852777777778
7067,126298728,1723831200.0,15.542694444444445,52.533611111111114
7068,126295386,1723820905.0,15.232555555555555,52.74069444444444
7069,126293665,1723808060.0,15.214777777777778,51.942972222222224
7070,126295321,1723812266.0,15.956138888888889,51.92608333333333
7071,126724617,1723807800.0,15.230722222222223,52.74827777777778
7072,126294572,1723809621.0,15.563333333333333,52.44275
7073,126294846,1723914133.0,15.512777777777778,51.935805555555554
7074,126295662,1723882870.0,15.249777777777778,51.49588888888889
7075,126294808,1723913400.0,15.495583333333334,51.92677777777778
7076,126295694,1723890600.0,15.493361111111112,51.94011111111111
7077,126295626,1723883183.0,15.177527777777778,51.63377777777778
7078,126294668,1723888878.0,15.685777777777778,51.83722222222222
7079,126294882,1723913339.0,15.06425,51.56147222222222
7080,126294977,1723929300.0,15.70875,51.808305555555556
7081,126294636,1723875995.0,15.782861111111112,52.31194444444444
7082,126295553,1723848509.0,14.5685,52.35588888888889
7083,126293949,1723903500.0,15.49725,51.95816666666666
7084,126297631,1723893600.0,15.559694444444444,51.93747222222222
7085,126774029,1723888200.0,15.113027777777777,52.05175
7086,126294660,1723882247.0,15.713444444444445,52.78825
7087,126295603,1723880844.0,15.425333333333333,52.72844444444444
7088,126293912,1723897400.0,15.939388888888889,52.85911111111111
7089,126295638,1723885856.0,15.52361111111111,52.56511111111111
7090,126295601,1723879875.0,15.780916666666666,52.31355555555555
7091,126294623,1723849140.0,15.05188888888889,51.57091666666667
7092,126724619,1723896000.0,15.255444444444445,52.73438888888889
7093,126294800,1723905780.0,15.129944444444444,51.74227777777778
7094,126295950,1723989600.0,15.794972222222222,52.07691666666667
7095,126295881,1723975058.0,15.174972222222221,52.71747222222222
7096,126297144,1724010499.0,14.982177,52.332973
7097,126298067,1724013065.0,15.652366,52.853924
7098,126296107,1723997696.0,15.598027777777778,52.86666666666667
7099,126296023,1724007265.0,15.075916666666666,51.55825
7100,126296013,1724008575.0,15.584222222222222,51.9095
7101,126295882,1723982897.0,14.587472222222223,52.31686111111111
7102,126296145,1724007191.0,15.210611111111112,52.79025
7103,126307792,1723981200.0,16.119194444444446,51.837361111111115
7104,126298046,1724009334.0,15.328888888888889,52.14486111111111
7105,126296108,1723998924.0,15.546,52.237138888888886
7106,126295917,1723980334.0,16.32863888888889,51.80708333333333
7107,126295981,1724004154.0,16.059527777777777,51.84605555555556
7108,126297411,1724065432.0,15.231527777777778,52.72269444444444
7109,126297524,1724078880.0,15.224722222222223,52.75147222222222
7110,126296422,1724079199.0,15.23075,52.69741666666667
7111,126296187,1724038200.0,15.244055555555555,51.81019444444444
7112,126298196,1724054700.0,15.064861111111112,51.63386111111111
7113,126300036,1724050800.0,15.51811111111111,51.93094444444444
7114,126298076,1724033295.0,15.519333333333334,51.950805555555554
7115,126296423,1724081060.0,15.504722222222222,51.932
7116,126296252,1724055000.0,15.56575,51.93794444444445
7117,126298234,1724062366.0,15.226222222222223,52.742111111111114
7118,126298020,1724041800.0,15.501527777777778,51.94625
7119,126298297,1724066214.0,15.42575,51.58694444444444
7120,126296322,1724058853.0,15.542083333333334,52.53652777777778
7121,126298212,1724058568.0,15.578611111111112,52.44241666666667
7122,126298481,1724085200.0,15.709388888888888,51.81213888888889
7123,126296219,1724053481.0,14.644361111111111,52.59038888888889
7124,126301800,1724079300.0,15.495166666666666,51.93855555555555
7125,126296353,1724069977.0,15.256333333333334,52.76058333333334
7126,126296360,1724072029.0,14.758666666666667,51.905055555555556
7127,126298193,1724052083.0,14.562916666666666,52.371944444444445
7128,126298562,1724091149.0,14.562,52.354638888888886
7129,126298446,1724073461.0,14.998861111111111,52.41291666666667
7130,126751949,1724071500.0,15.194861111111111,52.73361111111111
7131,126298438,1724082061.0,15.536583333333333,52.24766666666667
7132,126297450,1724073840.0,15.522694444444445,52.25405555555555
7133,126300030,1724047380.0,15.489805555555556,51.93302777777778
7134,126297234,1724050784.0,15.258805555555556,52.757194444444444
7135,126724620,1724047200.0,15.255277777777778,52.74758333333333
7136,126298904,1724151120.0,14.846555555555556,51.973333333333336
7137,126297883,1724160080.0,15.097888888888889,52.05444444444444
7138,126298748,1724144129.0,15.31338888888889,51.628166666666665
7139,126298740,1724145269.0,15.699666666666667,51.808305555555556
7140,126296636,1724136833.0,15.495055555555556,51.93427777777778
7141,126296872,1724173531.0,14.614583333333334,52.32538888888889
7142,126298846,1724154432.0,14.745111111111111,51.951388888888886
7143,126298621,1724129235.0,15.214944444444445,52.74008333333333
7144,126299005,1724174520.0,15.596055555555555,52.443305555555554
7145,126297840,1724156518.0,14.6325,52.58125
7146,126298928,1724164733.0,14.726666666666667,51.95847222222222
7147,126298937,1724154287.0,14.723027777777778,51.95188888888889
7148,126298957,1724162268.0,14.646777777777778,52.32525
7149,126297751,1724146298.0,15.256388888888889,52.73738888888889
7150,126296686,1724160705.0,14.584722222222222,52.338166666666666
7151,126298942,1724147035.0,15.243694444444444,51.81019444444444
7152,126308260,1724147400.0,15.618555555555556,51.686055555555555
7153,126313065,1724173200.0,15.061555555555556,52.376916666666666
7154,126296696,1724158927.0,15.466416666666667,51.52986111111111
7155,126296813,1724162732.0,15.29725,52.69811111111111
7156,126750351,1724162400.0,15.514694444444444,51.958527777777775
7157,126298899,1724157913.0,14.914138888888889,52.28952777777778
7158,126298600,1724123199.0,15.873666666666667,52.364222222222224
7159,126296516,1724119940.0,15.311555555555556,51.987027777777776
7160,126298864,1724159026.0,15.684083333333334,51.80727777777778
7161,126736041,1724143200.0,15.231638888888888,52.73855555555556
7162,126734920,1724173200.0,15.19625,52.73780555555555
7163,126297932,1724171345.0,15.784972222222223,52.50172222222222
7164,126296916,1724177224.0,15.250166666666667,52.75855555555555
7165,126298950,1724158397.0,15.43975,52.587
7166,126300218,1724242588.0,15.400361111111112,52.62811111111111
7167,126300733,1724242500.0,15.316027777777778,51.94463888888889
7168,126301155,1724231460.0,15.250388888888889,52.718666666666664
7169,126301371,1724243565.0,14.727194444444445,51.94705555555556
7170,126300760,1724243100.0,15.47875,51.942194444444446
7171,126301095,1724226714.0,15.247027777777777,52.725944444444444
7172,126300144,1724236271.0,14.640638888888889,52.58027777777778
7173,126297982,1724211468.0,14.746305555555555,51.923944444444444
7174,126296909,1724199705.0,15.558972222222222,52.42125
7175,126301310,1724242378.0,15.501722222222222,52.59708333333333
7176,126301529,1724254597.0,15.113972222222221,52.44588888888889
7177,126301650,1724268781.0,16.315195,51.800419
7178,126301272,1724238360.0,15.535777777777778,51.568194444444444
7179,126299122,1724264034.0,15.501555555555555,51.57263888888889
7180,126300272,1724251167.0,15.57611111111111,52.439083333333336
7181,126300324,1724257239.0,15.717916666666667,51.79925
7182,126757174,1724256900.0,15.257888888888889,52.75641666666667
7183,126301211,1724237035.0,15.863277777777778,52.026666666666664
7184,126301086,1724228765.0,15.440027777777777,51.94683333333333
7185,126297003,1724223300.0,15.523944444444444,51.95769444444444
7186,126301094,1724217995.0,15.131333333333334,52.76572222222222
7187,126300273,1724248323.0,15.591166666666666,51.93922222222222
7188,126299080,1724235600.0,15.715055555555555,51.80711111111111
7189,126299278,1724240400.0,15.705305555555556,51.81033333333333
7190,126301053,1724224500.0,15.52125,51.953944444444446
7191,126299137,1724252700.0,15.49236111111111,51.943305555555554
7192,126300097,1724228700.0,15.504555555555555,51.93727777777778
7193,126301865,1724239800.0,15.305694444444445,51.61388888888889
7194,126299361,1724336131.0,15.243361111111112,52.73338888888889
7195,126299226,1724297407.0,15.497027777777777,51.95816666666666
7196,126306431,1724335200.0,15.480527777777779,51.93983333333333
7197,126302195,1724345446.0,15.850055555555555,51.70616666666667
7198,126300623,1724344801.0,15.708944444444445,52.76766666666666
7199,126301731,1724305592.0,15.675305555555555,51.81605555555556
7200,126304573,1724335800.0,15.38336111111111,51.88863888888889
7201,126306005,1724334600.0,16.31411111111111,51.809694444444446
7202,126299165,1724288619.0,15.586194444444445,52.09688888888889
7203,126302204,1724346930.0,15.597388888888888,51.658277777777776
7204,126301920,1724314500.0,15.521972222222223,51.93366666666667
7205,126332616,1724340300.0,15.732166666666666,52.97225
7206,126302148,1724334118.0,15.503666666666668,51.94047222222222
7207,126300669,1724353379.0,15.225583333333333,52.78688888888889
7208,126299272,1724317307.0,14.619083333333334,52.32336111111111
7209,126300366,1724303202.0,15.102055555555555,52.053416666666664
7210,126302228,1724354159.0,15.188888888888888,52.74022222222222
7211,126734937,1724310000.0,15.238472222222223,52.73791666666666
7212,126300524,1724326707.0,15.153888888888888,52.74622222222222
7213,126303887,1724307600.0,15.50825,51.94116666666667
7214,126300543,1724327464.0,14.731805555555555,51.54013888888889
7215,126299360,1724335555.0,15.505277777777778,51.935472222222224
7216,126300574,1724334000.0,15.537694444444444,52.00066666666667
7217,126299401,1724342400.0,15.433694444444445,51.94122222222222
7218,126299166,1724296500.0,15.525083333333333,51.931694444444446
7219,126302082,1724334600.0,15.567166666666667,51.91325
7220,126299391,1724341500.0,15.496777777777778,51.96175
7221,126734973,1724412720.0,15.254277777777778,52.716277777777776
7222,126300767,1724394364.0,15.554972222222222,52.44111111111111
7223,126302705,1724421000.0,15.49236111111111,51.92938888888889
7224,126300855,1724402181.0,15.776166666666667,52.99627777777778
7225,126302655,1724416800.0,15.389472222222222,51.892805555555555
7226,126302357,1724401466.0,15.533888888888889,52.87911111111111
7227,126299543,1724402220.0,15.524805555555556,51.95891666666667
7228,126314198,1724425200.0,15.525638888888889,51.929805555555554
7229,126302440,1724408975.0,15.22161111111111,52.742666666666665
7230,126302777,1724445543.0,15.063083333333333,52.76438888888889
7231,126302517,1724417969.0,15.237777777777778,52.756388888888885
7232,126301017,1724432334.0,15.24225,52.75855555555555
7233,126303071,1724445053.0,15.623805555555556,52.040055555555554
7234,126302557,1724418965.0,14.64125,52.58013888888889
7235,126299698,1724411400.0,15.809194444444444,51.95313888888889
7236,126306033,1724436300.0,14.585944444444445,52.35175
7237,126325661,1724425800.0,15.815833333333334,52.16116666666667
7238,126306440,1724404080.0,15.507083333333334,51.937333333333335
7239,126302528,1724418862.0,15.831138888888889,52.841722222222224
7240,126302535,1724417953.0,15.54888888888889,52.33247222222222
7241,126302606,1724426640.0,15.533861111111111,52.25061111111111
7242,126299728,1724441940.0,15.294527777777779,52.33327777777778
7243,126300959,1724418790.0,15.533972222222221,52.250638888888886
7244,126302515,1724412360.0,14.72875,51.95908333333333
7245,126302332,1724400734.0,15.64725,51.778777777777776
7246,126303067,1724436755.0,16.054805555555557,51.883805555555554
7247,126734996,1724413800.0,15.241444444444445,52.72847222222222
7248,126300841,1724406877.0,15.260166666666667,52.71747222222222
7249,126301007,1724405628.0,14.565527777777778,52.38361111111111
7250,126302250,1724368801.0,15.250027777777778,52.72241666666667
7251,126302662,1724429451.0,15.673638888888888,51.79430555555555
7252,126805586,1724500800.0,14.744194444444444,52.62938888888889
7253,126299904,1724524062.0,15.561527777777778,51.94877777777778
7254,126303103,1724484600.0,15.310638888888889,51.98694444444445
7255,126304058,1724524800.0,15.493333333333334,51.93991666666667
7256,126309092,1724526000.0,15.426666666666666,52.5895
7257,126303141,1724489400.0,15.490472222222222,51.94408333333333
7258,126303293,1724506516.0,15.528583333333334,52.87627777777778
7259,126303001,1724516071.0,15.085444444444445,52.32194444444445
7260,126302923,1724496579.0,15.569277777777778,51.985416666666666
7261,126302823,1724463020.0,15.734555555555556,52.959472222222225
7262,126735005,1724499000.0,15.218333333333334,52.732
7263,126303296,1724501362.0,15.11975,51.635416666666664
7264,126304612,1724464200.0,15.722416666666666,52.95377777777778
7265,126729277,1724490000.0,15.574666666666667,52.443305555555554
7266,126303319,1724510558.0,14.580487,52.380917
7267,126724675,1724515200.0,15.6275,52.088388888888886
7268,126302874,1724472471.0,15.595972222222223,52.315583333333336
7269,126302909,1724492843.0,16.06238888888889,51.88194444444444
7270,126303101,1724481680.0,14.740416666666667,51.922555555555554
7271,126303301,1724509977.0,14.655166666666666,52.61038888888889
7272,126299807,1724493378.0,15.256361111111111,52.76063888888889
7273,126302848,1724474292.0,15.15163888888889,51.67744444444445
7274,126299757,1724451910.0,14.872472222222223,51.681305555555554
7275,126304027,1724526120.0,15.418944444444444,52.42675
7276,126299869,1724517525.0,15.15161111111111,52.71191666666667
7277,126336239,1724505600.0,15.51061111111111,51.935138888888886
7278,126299895,1724522281.0,15.312666666666667,51.61836111111111
7279,126302945,1724496983.0,15.260694444444445,52.75977777777778
7280,126304048,1724529191.0,14.60875,52.61994444444444
7281,126303073,1724452535.0,15.220444444444444,52.72763888888889
7282,126302924,1724488094.0,15.19513888888889,52.73725
7283,126303229,1724497090.0,15.571861111111112,52.441916666666664
7284,126302894,1724482045.0,15.230722222222223,52.69719444444444
7285,126302911,1724493436.0,14.62038888888889,52.322805555555554
7286,126303078,1724455603.0,15.650749,52.285903
7287,126735848,1724585400.0,15.210138888888888,52.72880555555555
7288,126304196,1724603969.0,14.722833333333334,51.96358333333333
7289,126303531,1724576512.0,15.763444444444444,51.63527777777778
7290,126303618,1724589578.0,14.561305555555556,52.34963888888889
7291,126303631,1724592939.0,16.067611111111113,51.879444444444445
7292,126304148,1724588421.0,15.693333333333333,51.80436111111111
7293,126305092,1724608628.0,14.97413888888889,52.33477777777778
7294,126303590,1724588614.0,15.799666666666667,51.690777777777775
7295,126303471,1724553725.0,14.797888888888888,52.33566666666667
7296,126303767,1724609962.0,15.247052,52.513924
7297,126303799,1724613752.0,14.9735,52.07366666666667
7298,126303672,1724599151.0,14.751833333333334,51.546305555555556
7299,126304106,1724580065.0,15.14425,51.65375
7300,126299965,1724577714.0,15.499361111111112,52.596833333333336
7301,126304151,1724593854.0,14.94261111111111,52.82102777777778
7302,126303630,1724592419.0,15.231777777777777,51.51744444444444
7303,126303823,1724646491.0,15.526972222222222,51.57541666666667
7304,126304412,1724671366.0,14.76688888888889,51.66825
7305,126306155,1724672481.0,15.322138888888889,51.61622222222222
7306,126306145,1724676360.0,15.372666666666667,52.25333333333333
7307,126306364,1724698800.0,15.501027777777777,51.921277777777775
7308,126306271,1724677688.0,14.723444444444445,51.96975
7309,126304280,1724642580.0,15.589027777777778,51.90522222222222
7310,126304457,1724680200.0,15.491694444444445,51.95286111111111
7311,126361879,1724671200.0,15.62813888888889,52.08163888888889
7312,126744117,1724673600.0,15.249638888888889,52.750277777777775
7313,126312435,1724677200.0,15.521083333333333,51.94983333333333
7314,126762412,1724706900.0,15.240416666666667,51.883722222222225
7315,126305292,1724671226.0,14.95925,52.791666666666664
7316,126305196,1724663813.0,15.260277777777778,52.761583333333334
7317,126305150,1724656483.0,16.057083333333335,51.840916666666665
7318,126306129,1724669830.0,15.250472222222221,52.718333333333334
7319,126304702,1724742300.0,15.073611111111111,52.32472222222222
7320,126306679,1724757809.0,15.729416666666667,51.73475
7321,126321149,1724709600.0,15.56563888888889,51.97119444444444
7322,126305458,1724741694.0,14.610722222222222,52.32211111111111
7323,126305515,1724756100.0,15.509416666666667,51.93877777777778
7324,126305490,1724743800.0,15.493694444444444,51.94155555555555
7325,126306559,1724709600.0,15.571388888888889,51.989666666666665
7326,126305409,1724728681.0,15.673833333333333,51.65544444444444
7327,126304821,1724777400.0,15.560305555555555,51.960972222222225
7328,126305607,1724773500.0,15.56225,51.93811111111111
7329,126306887,1724772600.0,15.284916666666668,51.815805555555556
7330,126305570,1724764402.0,14.639944444444444,52.525
7331,126308343,1724750100.0,15.52,51.942305555555556
7332,126306508,1724741567.0,14.573083333333333,52.35508333333333
7333,126333063,1724714100.0,15.509722222222223,52.434444444444445
7334,126305527,1724746670.0,14.763666666666667,51.66744444444444
7335,126306613,1724752159.0,15.140138888888888,51.634166666666665
7336,126305592,1724770232.0,15.826222222222222,51.7315
7337,126735852,1724769600.0,15.263527777777778,52.765166666666666
7338,126306737,1724763142.0,15.587194444444444,51.74263888888889
7339,126306725,1724760999.0,15.719416666666667,51.791805555555555
7340,126306983,1724784553.0,15.55711111111111,51.82544444444444
7341,126306803,1724761660.0,15.390777777777778,52.81813888888889
7342,126306564,1724749539.0,15.227638888888889,52.73013888888889
7343,126306680,1724759449.0,15.20075,52.73838888888889
7344,126307401,1724848053.0,15.51238888888889,52.25069444444444
7345,126305727,1724833491.0,15.58375,52.439527777777776
7346,126307352,1724844600.0,15.479833333333334,51.93702777777778
7347,126307454,1724853000.0,15.495472222222222,51.940305555555554
7348,126305684,1724818500.0,15.622083333333332,51.92713888888889
7349,126307578,1724863800.0,15.607861111111111,51.88625
7350,126307549,1724860994.0,15.804277777777777,51.62638888888889
7351,126307414,1724850407.0,15.711527777777778,51.802
7352,126308099,1724847759.0,15.691,51.841833333333334
7353,126307300,1724840196.0,15.726083333333333,51.67916666666667
7354,126308179,1724860608.0,15.920194444444444,51.938916666666664
7355,126308204,1724868098.0,15.709805555555555,51.80580555555556
7356,126308216,1724867506.0,15.695333333333334,51.807027777777776
7357,126308027,1724839500.0,15.521055555555556,51.945
7358,126305871,1724854500.0,15.520444444444445,51.9395
7359,126310346,1724880600.0,14.86586111111111,52.08369444444445
7360,126307365,1724843975.0,15.886583333333334,52.372638888888886
7361,126307049,1724805346.0,15.114888888888888,52.42491666666667
7362,126305756,1724831663.0,15.131444444444444,52.059194444444444
7363,126735868,1724824800.0,15.209777777777777,52.73775
7364,126305909,1724860994.0,15.176361111111111,51.722722222222224
7365,126307367,1724823600.0,15.563638888888889,51.925555555555555
7366,126305875,1724856000.0,14.825111111111111,52.33113888888889
7367,126305917,1724864535.0,15.646,52.30166666666667
7368,126308247,1724872795.0,15.507166666666667,51.93975
7369,126310108,1724852400.0,15.493611111111111,51.94186111111111
7370,126307050,1724801400.0,15.488583333333333,51.97658333333333
7371,126735858,1724873040.0,15.246472222222222,52.73319444444444
7372,126754214,1724853600.0,15.25375,52.740916666666664
7373,126754237,1724840100.0,15.217138888888888,52.73075
7374,126310982,1724868000.0,15.525055555555555,51.958222222222226
7375,126332102,1724870700.0,15.248555555555555,52.733694444444446
7376,126305769,1724841650.0,15.699833333333334,51.825722222222225
7377,126305703,1724819769.0,16.287148,51.741104
7378,126307246,1724835603.0,15.255305555555555,52.734138888888886
7379,126307599,1724870761.0,14.930250000000001,51.80733333333333
7380,126307604,1724862000.0,15.513777777777777,51.93622222222222
7381,126307465,1724852102.0,15.256388888888889,52.73880555555556
7382,126688124,1724875800.0,15.612833333333333,52.06172222222222
7383,126307158,1724828079.0,15.251972222222221,52.72863888888889
7384,126307398,1724844363.0,14.612055555555555,52.32238888888889
7385,126307608,1724870334.0,14.697944444444444,52.281444444444446
7386,126491142,1724860800.0,15.539777777777777,51.96080555555555
7387,126314205,1724832000.0,15.526,51.943305555555554
7388,126309401,1724937687.0,16.241009,51.868019
7389,126735880,1724939880.0,15.226888888888888,52.743027777777776
7390,126308252,1724898600.0,15.564166666666667,51.93761111111111
7391,126309034,1724919631.0,15.585166666666666,51.74816666666667
7392,126307860,1724925452.0,15.844694444444444,52.775055555555554
7393,126314641,1724932800.0,15.781027777777778,52.34458333333333
7394,126307974,1724940000.0,15.729277777777778,51.75241666666667
7395,126305966,1724902453.0,15.85075,51.72302777777778
7396,126309474,1724965678.0,15.655416666666667,51.873805555555556
7397,126308413,1724920104.0,15.534555555555556,52.87488888888889
7398,126309284,1724938829.0,15.505666666666666,51.562694444444446
7399,126309084,1724922600.0,15.521527777777777,51.93519444444444
7400,126308012,1724948861.0,14.55861111111111,52.353
7401,126308398,1724926621.0,15.569166666666666,52.4625
7402,126309260,1724938483.0,16.064027777777778,51.88491666666667
7403,126309426,1724954995.0,16.11497222222222,51.84883333333333
7404,126327814,1724940000.0,15.418222222222223,51.922555555555554
7405,126735980,1724909400.0,15.241583333333333,52.7285
7406,126735889,1724932200.0,15.210861111111111,52.72575
7407,126308782,1724918400.0,15.532388888888889,52.87475
7408,126307831,1724921460.0,15.86339,52.367379
7409,126307709,1724901875.0,15.700861111111111,51.81472222222222
7410,126309317,1724941500.0,15.567805555555555,51.861555555555555
7411,126309163,1724929200.0,15.524333333333333,51.93933333333333
7412,126309110,1724925300.0,15.489694444444444,51.92861111111111
7413,126309331,1724941800.0,15.49413888888889,51.94013888888889
7414,126309280,1724929831.0,15.221333333333334,52.733777777777775
7415,126308293,1724905428.0,15.250444444444444,52.71838888888889
7416,126309394,1724938735.0,15.254722222222222,52.73575
7417,126805604,1724924400.0,15.386138888888889,52.64544444444444
7418,126805591,1724927400.0,14.63861111111111,52.59861111111111
7419,126309800,1725025200.0,15.566805555555556,51.91313888888889
7420,126316157,1725033300.0,15.682055555555555,51.79680555555556
7421,126317254,1725003000.0,15.5415,51.565916666666666
7422,126310347,1725029828.0,16.326166666666666,51.81061111111111
7423,126308760,1725004745.0,15.679611111111111,51.79558333333333
7424,126310367,1725001848.0,15.862638888888888,52.07138888888889
7425,126735919,1725046800.0,15.153333333333332,52.745555555555555
7426,126309600,1724999955.0,15.750055555555555,51.70825
7427,126310389,1725035617.0,15.564111111111112,51.60311111111111
7428,126309574,1724998472.0,15.374328,51.877387
7429,126310395,1725040843.0,15.691472222222222,52.57811111111111
7430,126308969,1725022924.0,15.497694444444445,52.593111111111114
7431,126308636,1724993872.0,14.598333333333333,52.342
7432,126310189,1725007800.0,15.511027777777779,51.94488888888889
7433,126310055,1724970537.0,15.530027777777779,52.55891666666667
7434,126309512,1724994000.0,15.513777777777777,51.94408333333333
7435,126309814,1725025806.0,14.903833333333333,52.47838888888889
7436,126311033,1725031500.0,15.496805555555556,51.95975
7437,126309003,1725030000.0,15.468583333333333,51.93961111111111
7438,126309622,1725006300.0,15.519111111111112,51.936972222222224
7439,126311170,1725045839.0,15.915916666666666,51.93761111111111
7440,126310277,1725019858.0,15.643805555555556,51.880694444444444
7441,126311054,1725032700.0,15.493972222222222,51.93227777777778
7442,126308757,1725008504.0,15.580083333333333,52.44405555555556
7443,126309886,1725037358.0,15.709944444444444,51.79844444444444
7444,126309489,1724991556.0,15.644277777777777,52.75497222222222
7445,126314588,1725010200.0,15.492,51.96366666666667
7446,126308987,1725016319.0,15.650805555555555,52.28586111111111
7447,126309010,1725026635.0,15.530916666666666,52.25233333333333
7448,126310330,1725027065.0,15.117638888888889,51.63361111111111
7449,126311191,1725051527.0,15.255777777777778,52.73688888888889
7450,126309942,1725054298.0,15.23775,52.73269444444445
7451,126314578,1725001200.0,15.496055555555555,51.95922222222222
7452,126310283,1725015405.0,15.255416666666667,52.733555555555554
7453,126310377,1725030826.0,15.17575,52.786138888888885
7454,126311129,1725034592.0,15.229527777777777,52.74861111111111
7455,126309584,1725002776.0,15.255666666666666,52.73641666666666
7456,126309952,1725077808.0,14.95336111111111,52.15947222222222
7457,126309926,1725055200.0,14.788416666666667,51.61302777777778
7458,126310583,1725119481.0,15.541055555555555,51.56652777777778
7459,126311613,1725124681.0,16.093836,51.772991
7460,126311495,1725117064.0,16.321777,51.801693
7461,126310468,1725083348.0,15.74175,51.71944444444444
7462,126314231,1725093000.0,15.454611111111111,51.86547222222222
7463,126311479,1725118327.0,15.565861111111111,52.44313888888889
7464,126312035,1725094650.0,15.519805555555555,52.882555555555555
7465,126312065,1725103295.0,14.915666666666667,51.92680555555555
7466,126309984,1725092019.0,15.261805555555556,51.988305555555556
7467,126309954,1725077157.0,15.53275,52.2435
7468,126311450,1725115460.0,15.251444444444445,52.75661111111111
7469,126309981,1725086980.0,15.244944444444444,52.75802777777778
7470,126805634,1725200580.0,14.892777777777777,52.681111111111115
7471,126310739,1725200031.0,15.25675,52.75844444444444
7472,126311810,1725202740.0,16.278,51.84713888888889
7473,126310799,1725203280.0,15.566805555555556,51.97961111111111
7474,126310662,1725173372.0,15.833694444444445,52.32711111111111
7475,126310672,1725177283.0,14.775972222222222,51.78969444444444
7476,126311751,1725171900.0,15.503638888888888,51.9565
7477,126314352,1725179400.0,15.70138888888889,51.74897222222222
7478,126311860,1725213919.0,16.31486111111111,51.797444444444444
7479,126311848,1725213028.0,15.228587,52.475295
7480,126311922,1725220500.0,14.900638888888889,52.66430555555556
7481,126735962,1725177600.0,15.248333333333333,52.75138888888889
7482,126314589,1725223800.0,15.50313888888889,51.957
7483,126311709,1725180496.0,14.565083333333334,52.34888888888889
7484,126310684,1725188186.0,14.650527777777778,52.586333333333336
7485,126310670,1725177868.0,14.839472222222222,52.34236111111111
7486,126314605,1725267600.0,15.518611111111111,51.93713888888889
7487,126312606,1725286500.0,15.701222222222222,51.95019444444444
7488,126313186,1725267469.0,15.41788888888889,52.00127777777778
7489,126311994,1725255933.0,15.102916666666667,51.653527777777775
7490,126311007,1725278875.0,15.373555555555555,51.63475
7491,126314131,1725291273.0,16.066044,51.961231
7492,126313059,1725266100.0,15.49386111111111,51.93966666666667
7493,126314133,1725296940.0,15.617722222222222,52.08694444444444
7494,126313072,1725264600.0,15.52425,51.93933333333333
7495,126313285,1725282600.0,15.449583333333333,51.96908333333333
7496,126314111,1725286939.0,15.621611111111111,51.88902777777778
7497,126310852,1725262140.0,15.16613888888889,52.32538888888889
7498,126314060,1725283800.0,15.597472222222223,52.31480555555556
7499,126313488,1725303120.0,15.620972222222223,52.07994444444444
7500,126314136,1725300600.0,15.50425,51.94094444444445
7501,126313093,1725266179.0,15.600999999999999,51.68219444444444
7502,126312510,1725281820.0,15.554805555555555,52.32775
7503,126312476,1725274507.0,14.73625,51.95111111111111
7504,126313354,1725277798.0,15.099583333333333,52.056305555555554
7505,126313193,1725272239.0,15.119277777777778,51.634083333333336
7506,126313219,1725275858.0,15.725527777777778,51.69275
7507,126314059,1725282261.0,15.712916666666667,51.80572222222222
7508,126311936,1725249029.0,15.85211111111111,52.78955555555556
7509,126312658,1725304800.0,15.622277777777779,52.09152777777778
7510,126754229,1725267600.0,15.218944444444444,52.73188888888889
7511,126317790,1725290640.0,15.50388888888889,51.95713888888889
7512,126310956,1725270954.0,14.56636111111111,52.34872222222222
7513,126313343,1725288900.0,15.237972222222222,52.751777777777775
7514,126313298,1725284798.0,15.21975,52.782555555555554
7515,126313757,1725359466.0,15.14386111111111,51.65475
7516,126313938,1725375351.0,15.19913888888889,51.63875
7517,126313573,1725342736.0,15.514833333333334,51.94611111111111
7518,126312690,1725341150.0,15.49686111111111,51.95816666666666
7519,126313803,1725353022.0,15.746055555555555,52.08983333333333
7520,126315044,1725383055.0,15.5185,51.95933333333333
7521,126312757,1725348600.0,15.479944444444444,51.93677777777778
7522,126312890,1725364593.0,15.73263888888889,51.69294444444444
7523,126312819,1725356700.0,15.498,51.95477777777778
7524,126316027,1725389494.0,15.7285,52.12233333333333
7525,126313831,1725368700.0,15.4385,51.94588888888889
7526,126313871,1725359100.0,15.47875,51.934555555555555
7527,126313752,1725361234.0,15.710527777777777,52.34169444444444
7528,126313930,1725369600.0,15.51088888888889,51.90880555555555
7529,126313625,1725349200.0,15.516916666666667,51.94161111111111
7530,126313909,1725375923.0,15.78961111111111,52.56758333333333
7531,126314476,1725384224.0,15.4835,51.93266666666667
7532,126317793,1725318000.0,15.491222222222222,51.926833333333335
7533,126315773,1725349500.0,15.534416666666667,51.92836111111111
7534,126321235,1725390000.0,15.502305555555555,51.932916666666664
7535,126751406,1725358200.0,15.21861111111111,52.74297222222222
7536,126745045,1725376200.0,15.231555555555556,52.73397222222222
7537,126313717,1725348274.0,15.234222222222222,52.74538888888889
7538,126314206,1725343000.0,15.22936111111111,52.73736111111111
7539,126313491,1725314746.0,14.648527777777778,52.5905
7540,126313569,1725342122.0,14.629888888888889,52.350138888888885
7541,126315661,1725360300.0,14.731111111111112,51.540277777777774
7542,126315336,1725449274.0,15.255305555555555,52.731944444444444
7543,126314604,1725438662.0,14.941691,52.540753
7544,126315181,1725437520.0,15.72788888888889,51.68747222222222
7545,126315401,1725454799.0,16.274281,51.779484
7546,126314750,1725450660.0,15.62425,52.078916666666665
7547,126315259,1725442200.0,15.706055555555556,52.09730555555556
7548,126314810,1725454696.0,14.739666666666666,51.54161111111111
7549,126314807,1725454980.0,15.103722222222222,52.05425
7550,126321256,1725458400.0,15.862,52.071333333333335
7551,126315431,1725459123.0,15.701972222222222,51.80533333333333
7552,126314715,1725440982.0,15.180027777777777,51.733222222222224
7553,126314978,1725464241.0,15.675916666666666,51.81375
7554,126315704,1725468600.0,16.322416666666665,51.80875
7555,126314671,1725445036.0,15.585333333333333,52.43644444444445
7556,126314818,1725453900.0,15.482805555555556,51.93266666666667
7557,126315569,1725461400.0,15.51886111111111,51.95908333333333
7558,126314507,1725401349.0,15.749055555555556,51.799638888888886
7559,126314815,1725455616.0,15.643694444444444,52.46013888888889
7560,126314873,1725456540.0,15.531416666666667,52.26108333333333
7561,126314820,1725454792.0,15.00688888888889,52.58427777777778
7562,126315463,1725459969.0,15.49413888888889,51.96322222222222
7563,126315440,1725458400.0,15.48686111111111,51.97822222222222
7564,126315613,1725470721.0,15.13175,51.632333333333335
7565,126317802,1725438900.0,15.507138888888889,51.94241666666667
7566,126745047,1725444840.0,15.2605,52.72727777777778
7567,126314833,1725451785.0,15.255583333333334,52.76091666666667
7568,126315283,1725443877.0,15.007416666666666,51.855805555555555
7569,126314720,1725442860.0,15.249472222222222,52.74388888888889
7570,126314900,1725454249.0,15.172222222222222,52.74008333333333
7571,126747225,1725460800.0,15.256416666666667,51.78536111111111
7572,126315241,1725440299.0,14.561944444444444,52.348638888888885
7573,126315289,1725445182.0,14.96738888888889,52.659444444444446
7574,126315122,1725431034.0,15.079444444444444,52.76130555555555
7575,126314614,1725439332.0,15.237555555555556,52.76091666666667
7576,126314727,1725443119.0,14.56575,52.34866666666667
7577,126803020,1725535560.0,15.50825,51.94116666666667
7578,126317594,1725552616.0,16.309015,51.80352
7579,126321266,1725496800.0,15.6285,52.02769444444444
7580,126317546,1725545419.0,14.974972222222222,51.78786111111111
7581,126315799,1725523200.0,15.504,51.940777777777775
7582,126317134,1725497055.0,15.628469,52.027809
7583,126318072,1725544800.0,15.553888888888888,51.93855555555555
7584,126316307,1725526200.0,15.539694444444445,51.71958333333333
7585,126315891,1725535045.0,15.59736111111111,51.751083333333334
7586,126318149,1725552109.0,15.667833333333334,51.870444444444445
7587,126318073,1725548755.0,15.822666666666667,52.22558333333333
7588,126318178,1725551015.0,15.700861111111111,51.80041666666666
7589,126316017,1725545747.0,15.53661111111111,52.246
7590,126317506,1725551156.0,14.739527777777777,51.96358333333333
7591,126317496,1725542084.0,15.833472222222222,52.842166666666664
7592,126318184,1725562060.0,15.209985,52.554529
7593,126317143,1725519229.0,15.505555555555556,52.59422222222222
7594,126315745,1725521277.0,15.584055555555555,52.44363888888889
7595,126317661,1725564453.0,15.722888888888889,52.81288888888889
7596,126321749,1725563100.0,15.439083333333333,51.94722222222222
7597,126317466,1725538157.0,15.95813888888889,51.955666666666666
7598,126318218,1725571753.0,14.81475,51.63502777777778
7599,126318180,1725549300.0,15.51586111111111,51.92283333333334
7600,126315934,1725537900.0,15.520444444444445,51.94222222222222
7601,126318171,1725549420.0,15.715111111111112,51.80297222222222
7602,126322597,1725538800.0,15.543861111111111,51.56677777777778
7603,126318030,1725544137.0,15.551,51.576027777777774
7604,126315944,1725536351.0,15.25463888888889,52.747638888888886
7605,126317148,1725517067.0,15.003361111111111,52.33263888888889
7606,126315709,1725518929.0,15.302305555555556,52.69513888888889
7607,126315768,1725519370.0,15.311166666666667,52.79566666666667
7608,126315885,1725524337.0,14.733472222222222,52.38133333333333
7609,126317341,1725536207.0,15.22475,52.73766666666667
7610,126317382,1725539344.0,15.246916666666667,52.726166666666664
7611,126317604,1725551451.0,15.254666666666667,52.741277777777775
7612,126747164,1725541200.0,15.488555555555555,51.90575
7613,126318830,1725647267.0,14.56536111111111,52.34861111111111
7614,126319116,1725629404.0,14.736694444444444,51.94880555555555
7615,126318413,1725615755.0,15.492055555555556,51.943416666666664
7616,126319157,1725621681.0,14.779638888888888,51.55211111111111
7617,126318319,1725605752.0,15.143,51.64566666666666
7618,126317989,1725616663.0,15.48975,51.92872222222222
7619,126325749,1725601200.0,15.68225,51.797333333333334
7620,126317716,1725596471.0,15.02375,51.80247222222222
7621,126318631,1725627263.0,14.961829,52.565289
7622,126317702,1725586260.0,15.665083333333333,51.87136111111111
7623,126319048,1725621240.0,15.807583333333334,52.193416666666664
7624,126317903,1725606900.0,15.564666666666668,51.91277777777778
7625,126319384,1725651966.0,15.243222222222222,52.73297222222222
7626,126321795,1725647400.0,15.764833333333334,51.96472222222222
7627,126319115,1725628800.0,15.513777777777777,51.943694444444446
7628,126318519,1725620400.0,15.483472222222222,51.94872222222222
7629,126318742,1725636666.0,15.244291,52.512119
7630,126318475,1725620375.0,15.077972222222222,51.80452777777778
7631,126318822,1725642497.0,16.242514,51.711937
7632,126318558,1725626100.0,15.641916666666667,51.881166666666665
7633,126317845,1725612780.0,15.69061111111111,51.837722222222226
7634,126754200,1725611400.0,15.243944444444445,52.76486111111111
7635,126321753,1725638040.0,15.468277777777779,51.943
7636,126319151,1725625059.0,15.494055555555555,51.93763888888889
7637,126327821,1725622200.0,15.507722222222222,51.92711111111111
7638,126319366,1725648979.0,15.156694444444444,52.74536111111111
7639,126318498,1725621521.0,15.234861111111112,52.730555555555554
7640,126318641,1725631435.0,15.25286111111111,52.69052777777778
7641,126318833,1725644516.0,15.217083333333333,52.825833333333335
7642,126318018,1725620308.0,16.309472222222222,51.81169444444444
7643,126319129,1725624360.0,15.250194444444444,52.71819444444444
7644,126317931,1725615897.0,15.209888888888889,52.74080555555555
7645,126317791,1725605889.0,15.202166666666667,52.739777777777775
7646,126318337,1725609376.0,15.521916666666666,52.59491666666667
7647,126318796,1725638880.0,15.238611111111112,52.730472222222225
7648,126805622,1725622200.0,15.025277777777777,52.836555555555556
7649,126805618,1725704400.0,15.392027777777777,52.818555555555555
7650,126316408,1725718020.0,15.553777777777778,52.498444444444445
7651,126325685,1725702000.0,15.565694444444444,51.937583333333336
7652,126318930,1725680603.0,15.812833333333334,52.259055555555555
7653,126321831,1725704400.0,15.510833333333334,51.937
7654,126319711,1725734400.0,15.5015,51.93655555555556
7655,126319680,1725723057.0,15.448166666666667,51.96691666666667
7656,126331140,1725733200.0,14.845166666666668,52.34202777777778
7657,126320161,1725724800.0,15.488777777777777,51.92775
7658,126744159,1725708600.0,15.235416666666667,52.7325
7659,126318909,1725670268.0,15.346805555555555,51.8485
7660,126744847,1725707400.0,15.150194444444445,52.45319444444444
7661,126745044,1725703500.0,15.255805555555556,52.73511111111111
7662,126745043,1725721800.0,15.247361111111111,52.7555
7663,126319450,1725691931.0,15.253555555555556,52.717305555555555
7664,126318942,1725690608.0,15.810777777777778,52.321777777777775
7665,126319395,1725661800.0,14.644805555555555,52.60894444444445
7666,126320090,1725726535.0,15.535444444444444,51.55925
7667,126319685,1725735934.0,15.161527777777778,52.77141666666667
7668,126319657,1725730931.0,15.287416666666667,52.771277777777776
7669,126319416,1725669187.0,15.546388888888888,52.39330555555556
7670,126319698,1725738748.0,15.854083333333334,52.757333333333335
7671,126320377,1725792489.0,16.096055555555555,51.775083333333335
7672,126320405,1725808375.0,15.578833333333334,52.15638888888889
7673,126320292,1725783442.0,15.01436111111111,51.974444444444444
7674,126319840,1725779840.0,14.98975,51.61336111111111
7675,126320011,1725814612.0,16.061888888888888,51.88325
7676,126322940,1725789000.0,16.080416666666668,51.89863888888889
7677,126319955,1725808877.0,16.074944444444444,51.88061111111111
7678,126319912,1725768966.0,16.099924,51.779655
7679,126319785,1725775771.0,15.24875,52.435916666666664
7680,126320214,1725747591.0,15.238194444444444,52.67138888888889
7681,126320425,1725807396.0,15.126138888888889,51.62744444444444
7682,126320518,1725828600.0,15.499305555555555,51.93988888888889
7683,126320217,1725751800.0,15.493972222222222,51.940222222222225
7684,126320021,1725819238.0,15.607333333333333,51.69613888888889
7685,126319851,1725794165.0,14.652305555555555,52.58936111111111
7686,126319907,1725803263.0,15.21561111111111,52.70055555555555
7687,126320274,1725785596.0,15.200583333333334,52.73686111111111
7688,126320003,1725806567.0,15.229027777777778,52.769
7689,126321597,1725891000.0,15.519305555555556,51.9565
7690,126316530,1725877047.0,16.330545,51.812176
7691,126323864,1725835200.0,14.833833333333333,51.64641666666667
7692,126320749,1725872829.0,15.716555555555555,51.795027777777776
7693,126320694,1725872333.0,15.717805555555556,51.79994444444444
7694,126316663,1725890055.0,14.923861111111112,52.85025
7695,126332126,1725884100.0,15.479722222222222,51.93738888888889
7696,126316811,1725908712.0,15.656831,52.208889
7697,126347459,1725872400.0,15.503,51.93841666666667
7698,126316451,1725875658.0,15.235777777777777,52.731
7699,126321189,1725859537.0,16.273694444444445,51.77894444444444
7700,126325734,1725879000.0,15.515833333333333,51.956472222222224
7701,126321096,1725844779.0,15.408527777777778,51.901805555555555
7702,126316581,1725873758.0,15.636805555555556,52.08705555555556
7703,126320805,1725861543.0,14.738055555555556,51.53236111111111
7704,126323905,1725908400.0,15.503444444444444,51.932916666666664
7705,126322031,1725891633.0,14.764055555555556,51.95761111111111
7706,126321515,1725888480.0,15.68286111111111,51.79827777777778
7707,126320907,1725882785.0,15.707333333333333,51.80833333333333
7708,126325711,1725864300.0,15.515222222222222,51.945861111111114
7709,126322118,1725897149.0,15.569027777777778,51.89402777777778
7710,126316638,1725894004.0,15.730583333333334,52.29836111111111
7711,126320768,1725874440.0,15.209027777777777,52.74597222222222
7712,126320966,1725886227.0,14.655444444444445,52.32447222222222
7713,126320891,1725885406.0,15.159027777777778,52.74297222222222
7714,126320948,1725886298.0,15.254555555555555,52.73147222222222
7715,126321637,1725908196.0,15.255638888888889,52.73694444444445
7716,126321292,1725869912.0,15.673666666666666,52.449888888888886
7717,126322060,1725890938.0,15.258166666666666,52.73825
7718,126320665,1725868060.0,15.553222222222223,51.564194444444446
7719,126321739,1725948093.0,15.06761111111111,51.63
7720,126323613,1725988582.0,16.0685,51.87938888888889
7721,126323714,1726000481.0,15.235333333333333,51.57388888888889
7722,126323129,1725947562.0,14.72711111111111,51.95538888888889
7723,126323409,1725977417.0,15.6805,52.2975
7724,126324057,1725999015.0,15.720666666666666,51.80766666666667
7725,126323483,1725979054.0,14.73938888888889,51.94991666666667
7726,126316874,1725940470.0,14.761138888888889,51.57238888888889
7727,126324064,1725998729.0,15.680916666666667,52.853
7728,126323680,1725993308.0,14.806,52.56886111111111
7729,126316911,1725947810.0,14.984952,52.310789
7730,126317002,1725951824.0,15.066563,52.462582
7731,126322308,1725962160.0,16.327641,51.802834
7732,126316872,1725942137.0,14.972527777777778,51.81125
7733,126759055,1725950100.0,14.722166666666666,51.95308333333333
7734,126323243,1725953517.0,15.249527777777777,52.74444444444445
7735,126323109,1725957298.0,15.0425,52.8465
7736,126323496,1725978456.0,14.618722222222223,52.324222222222225
7737,126317011,1725953241.0,15.242916666666666,52.74583333333333
7738,126322399,1725966270.0,15.231222222222222,52.740722222222225
7739,126322417,1725977553.0,15.245138888888889,52.732416666666666
7740,126323206,1725965946.0,14.969694444444444,51.78469444444445
7741,126322414,1725976230.0,15.562222222222221,51.918
7742,126323659,1725995194.0,15.511083333333334,51.94441666666667
7743,126805643,1726057560.0,14.954333333333333,52.718583333333335
7744,126325443,1726063786.0,14.639333333333333,52.57966666666667
7745,126324289,1726050010.0,14.872583333333333,52.675777777777775
7746,126325105,1726056231.0,14.629555555555555,52.594833333333334
7747,126324310,1726060534.0,15.255472222222222,52.73619444444444
7748,126325494,1726080808.0,15.198305555555555,52.738194444444446
7749,126323997,1726046400.0,15.524166666666666,51.95886111111111
7750,126324067,1726007290.0,14.897361111111111,52.690444444444445
7751,126324283,1726052892.0,14.909305555555555,52.67338888888889
7752,126325063,1726050240.0,15.533277777777778,52.249
7753,126323939,1726044032.0,15.116222222222222,52.44533333333333
7754,126325545,1726085056.0,15.5535,52.323055555555555
7755,126324066,1726009511.0,15.245939,52.308361
7756,126325435,1726071300.0,15.494,51.93933333333333
7757,126323891,1726038000.0,15.549555555555555,51.95594444444444
7758,126325164,1726056300.0,15.496055555555555,51.96172222222222
7759,126332134,1726048800.0,15.508194444444445,51.94113888888889
7760,126325910,1726009200.0,15.511583333333334,51.69561111111111
7761,126325488,1726075200.0,15.499638888888889,51.94422222222222
7762,126325335,1726069200.0,15.51136111111111,51.94116666666667
7763,126324200,1726033500.0,15.493583333333333,51.941944444444445
7764,126323999,1726046952.0,15.870194444444444,52.07388888888889
7765,126332137,1726065000.0,15.514416666666667,51.957861111111114
7766,126334985,1726033200.0,15.490555555555556,51.940083333333334
7767,126771569,1726042800.0,15.497916666666667,51.93725
7768,126323907,1726039349.0,15.260555555555555,52.287166666666664
7769,126324347,1726069821.0,15.134722,52.366215
7770,126356518,1726034400.0,15.497361111111111,51.95341666666667
7771,126325035,1726048228.0,15.681777777777778,51.718833333333336
7772,126324240,1726048940.0,15.578944444444444,52.457027777777775
7773,126324355,1726069918.0,15.406555555555556,52.492333333333335
7774,126322553,1726040400.0,15.699972222222222,51.800916666666666
7775,126325045,1726047129.0,15.137638888888889,51.63838888888889
7776,126324425,1726094042.0,14.71925,51.97394444444444
7777,126329755,1726146000.0,15.504166666666666,51.940444444444445
7778,126326212,1726151488.0,15.74688888888889,51.73477777777778
7779,126324433,1726098600.0,15.491972222222222,51.966722222222224
7780,126334993,1726123800.0,15.644444444444444,52.11263888888889
7781,126324729,1726158680.0,15.11275,52.02413888888889
7782,126325750,1726115707.0,15.415666666666667,52.192972222222224
7783,126324478,1726121305.0,15.154194444444444,52.742305555555554
7784,126326173,1726148809.0,15.13011111111111,52.76744444444444
7785,126325645,1726120649.0,15.531444444444444,52.234722222222224
7786,126325843,1726132259.0,14.97236111111111,51.81036111111111
7787,126324507,1726127013.0,15.244222222222222,52.74619444444444
7788,126326037,1726143169.0,15.532111111111112,52.239583333333336
7789,126325827,1726131517.0,15.255666666666666,52.735194444444446
7790,126325741,1726126717.0,15.849666666666666,52.82663888888889
7791,126325735,1726126980.0,15.426277777777777,52.827666666666666
7792,126326386,1726160573.0,15.215944444444444,52.78358333333333
7793,126322708,1726168112.0,15.115555555555556,51.62647222222222
7794,126326390,1726150200.0,15.593555555555556,51.92466666666667
7795,126325851,1726123800.0,15.523944444444444,51.93855555555555
7796,126333670,1726138740.0,15.514888888888889,51.939527777777776
7797,126324777,1726155000.0,15.473638888888889,51.9435
7798,126325941,1726132800.0,15.613972222222221,52.00994444444444
7799,126325717,1726122000.0,15.662416666666667,51.93091666666667
7800,126325874,1726118700.0,15.374194444444445,51.87719444444444
7801,126688343,1726155000.0,15.470333333333333,51.94302777777778
7802,126322929,1726117500.0,15.498972222222223,52.85986111111111
7803,126322724,1726171200.0,15.559166666666666,51.92638888888889
7804,126325587,1726098984.0,14.670583333333333,51.74538888888889
7805,126327841,1726120800.0,15.520833333333334,51.93841666666667
7806,126325590,1726113998.0,15.003694444444445,51.962472222222225
7807,126326072,1726141641.0,14.909474,52.561527
7808,126322713,1726170422.0,14.615944444444445,52.32213888888889
7809,126325635,1726107377.0,14.76025,52.542833333333334
7810,126327140,1726246311.0,14.849,52.328472222222224
7811,126324853,1726207320.0,14.955361111111111,52.72738888888889
7812,126326626,1726211100.0,15.522666666666666,51.95627777777778
7813,126333677,1726222200.0,15.706888888888889,52.09725
7814,126329154,1726255423.0,15.14636111111111,51.64019444444445
7815,126328149,1726254266.0,15.47113888888889,51.92975
7816,126326992,1726240800.0,15.520055555555556,51.95897222222222
7817,126757186,1726212900.0,15.229194444444444,52.73286111111111
7818,126329142,1726258798.0,15.250444444444444,52.30647222222222
7819,126324833,1726202100.0,15.486916666666666,51.92916666666667
7820,126324859,1726200040.0,15.439166666666667,51.946888888888886
7821,126324808,1726198912.0,15.724027777777778,52.95469444444444
7822,126326760,1726221908.0,14.802888,52.561825
7823,126327168,1726230000.0,15.352527777777778,51.851305555555555
7824,126326758,1726222500.0,15.500861111111112,51.92297222222222
7825,126322728,1726183133.0,15.67686111111111,51.79275
7826,126324913,1726211129.0,15.714,51.80275
7827,126322954,1726224829.0,15.557583333333334,52.84397222222222
7828,126325014,1726226400.0,15.492444444444445,51.949
7829,126328024,1726232400.0,15.496472222222222,51.959805555555555
7830,126326512,1726198961.0,15.55675,51.59186111111111
7831,126326768,1726220803.0,15.159888888888888,52.74686111111111
7832,126327101,1726238196.0,14.880777777777778,51.98008333333333
7833,126327136,1726240982.0,15.274138888888888,51.73261111111111
7834,126326643,1726207742.0,15.113416666666666,52.754805555555556
7835,126322998,1726230427.0,15.813083333333333,52.38172222222222
7836,126327077,1726229400.0,15.710916666666666,51.837722222222226
7837,126325010,1726229219.0,15.19525,52.73352777777778
7838,126332141,1726220400.0,15.232666666666667,51.79361111111111
7839,126326951,1726237952.0,15.729972222222223,51.67738888888889
7840,126329111,1726249646.0,15.727972222222222,51.68602777777778
7841,126327041,1726232843.0,15.70411111111111,51.810833333333335
7842,126327188,1726248639.0,15.578,52.45572222222222
7843,126326713,1726220600.0,15.540583333333334,52.58533333333333
7844,126326508,1726190413.0,15.292055555555555,52.75452777777778
7845,126724635,1726216200.0,15.144194444444445,52.42491666666667
7846,126343471,1726239900.0,15.760027777777777,52.96827777777778
7847,126332151,1726227300.0,15.480083333333333,51.93922222222222
7848,126757165,1726243800.0,15.243583333333333,52.72533333333333
7849,126326873,1726229747.0,15.518805555555556,52.25197222222222
7850,126334929,1726224000.0,14.859416666666666,52.454027777777775
7851,126335012,1726239600.0,15.506444444444444,51.938583333333334
7852,126326870,1726235505.0,15.581305555555556,52.193083333333334
7853,126322822,1726207238.0,15.231166666666667,52.74686111111111
7854,126323001,1726230797.0,15.243722222222223,52.73297222222222
7855,126322906,1726212348.0,15.25375,52.717305555555555
7856,126326745,1726217855.0,15.225888888888889,52.60227777777778
7857,126324800,1726185073.0,15.275083333333333,52.75486111111111
7858,126326561,1726206784.0,15.255916666666666,52.734833333333334
7859,126328046,1726235682.0,15.254972222222221,52.73363888888889
7860,126324990,1726227219.0,15.581916666666666,52.4405
7861,126329075,1726251500.0,14.565888888888889,52.34858333333333
7862,126805661,1726347600.0,15.07611111111111,52.629083333333334
7863,126327582,1726337898.0,15.689055555555555,52.37738888888889
7864,126329173,1726280460.0,15.017183,52.332434
7865,126328516,1726338600.0,15.173666666666668,51.79877777777778
7866,126329273,1726302600.0,15.331611111111112,51.84258333333333
7867,126328329,1726302224.0,15.816611111111111,51.952
7868,126327234,1726267702.0,15.069333333333333,52.313694444444444
7869,126329232,1726299540.0,15.232472222222222,51.79702777777778
7870,126328423,1726326000.0,14.959694444444445,51.717527777777775
7871,126336374,1726329600.0,16.075666666666667,51.848055555555554
7872,126327380,1726313752.0,15.475333333333333,52.903666666666666
7873,126327242,1726276484.0,15.016675,52.332429
7874,126329166,1726270100.0,15.44988888888889,51.92358333333333
7875,126327540,1726329000.0,15.559222222222223,51.93855555555555
7876,126327341,1726307895.0,15.523805555555555,51.933166666666665
7877,126329180,1726285430.0,15.72236111111111,51.73425
7878,126328240,1726303720.0,15.699583333333333,51.79994444444444
7879,126327329,1726311217.0,15.57575,52.440333333333335
7880,126328541,1726346345.0,15.343609,52.288277
7881,126327283,1726299840.0,15.813666666666666,52.25577777777778
7882,126328332,1726313820.0,15.242777777777778,52.65647222222222
7883,126327561,1726332523.0,15.575777777777779,52.44011111111111
7884,126328285,1726309419.0,15.250527777777778,52.75633333333333
7885,126328497,1726336522.0,15.233583333333334,52.74483333333333
7886,126346284,1726300800.0,15.53325,52.879305555555554
7887,126332522,1726297200.0,15.713555555555555,51.80063888888889
7888,126735054,1726328220.0,15.507388888888888,51.93527777777778
7889,126333332,1726335000.0,15.514333333333333,51.94244444444445
7890,126328465,1726330005.0,14.564361111111111,52.34872222222222
7891,126327260,1726294639.0,14.832194444444445,52.3465
7892,126327555,1726328611.0,16.071555555555555,51.88316666666667
7893,126688140,1726399800.0,15.356972222222222,51.8585
7894,126328867,1726419600.0,15.514194444444444,51.93602777777778
7895,126327743,1726404212.0,15.552805555555555,52.10586111111111
7896,126333937,1726428600.0,15.49125,51.96325
7897,126327660,1726377540.0,15.034888888888888,51.806222222222225
7898,126329565,1726398900.0,15.572416666666667,51.991277777777775
7899,126329628,1726420866.0,15.01175,51.74316666666667
7900,126328596,1726358509.0,15.293666666666667,51.81863888888889
7901,126329639,1726419479.0,15.60613888888889,51.51627777777778
7902,126328810,1726413459.0,15.221111111111112,51.634055555555555
7903,126328709,1726396225.0,15.784305555555555,51.675
7904,126333684,1726419600.0,15.509083333333333,51.94272222222222
7905,126328886,1726421368.0,15.030111111111111,52.67461111111111
7906,126328837,1726417025.0,15.38186111111111,52.44011111111111
7907,126767727,1726359900.0,15.52286111111111,51.95744444444445
7908,126327745,1726416832.0,14.6615,51.76155555555555
7909,126328945,1726426814.0,15.067361111111111,51.69386111111111
7910,126333351,1726424400.0,15.490055555555555,51.970333333333336
7911,126327751,1726417877.0,14.578722222222222,52.38002777777778
7912,126347049,1726353300.0,15.910305555555556,52.84202777777778
7913,126329923,1726494740.0,14.7275,51.95175
7914,126330565,1726496977.0,15.981001,51.918964
7915,126693798,1726455000.0,15.578194444444444,52.44438888888889
7916,126330655,1726518869.0,15.692055555555555,51.629
7917,126329996,1726509960.0,15.525416666666667,51.5625
7918,126329799,1726475445.0,14.609416666666666,52.32775
7919,126330613,1726510445.0,15.706027777777777,52.45891666666667
7920,126330495,1726500032.0,15.254416666666666,52.74738888888889
7921,126330427,1726492114.0,15.824944444444444,51.73005555555555
7922,126330017,1726513883.0,15.421138888888889,51.61044444444445
7923,126330330,1726477420.0,15.1215,52.02930555555555
7924,126330089,1726454608.0,15.579805555555556,52.151555555555554
7925,126330169,1726463089.0,15.238055555555556,52.755805555555554
7926,126330140,1726469383.0,15.147805555555555,52.75475
7927,126327899,1726478875.0,15.199333333333334,51.75988888888889
7928,126327812,1726462977.0,15.46936111111111,52.70141666666667
7929,126327874,1726478901.0,15.231638888888888,52.73266666666667
7930,126331134,1726511400.0,14.61425,52.352583333333335
7931,126330332,1726485056.0,15.243444444444444,52.74605555555556
7932,126327818,1726462482.0,15.251861111111111,52.75677777777778
7933,126330099,1726463292.0,15.702777777777778,51.73211111111111
7934,126350346,1726457640.0,15.766166666666667,52.85652777777778
7935,126330529,1726495800.0,15.495722222222222,51.96052777777778
7936,126327992,1726498467.0,15.488666666666667,52.853972222222225
7937,126333340,1726462200.0,15.483027777777778,51.937444444444445
7938,126327843,1726465814.0,15.460305555555555,51.92691666666666
7939,126330186,1726470000.0,15.515444444444444,51.93083333333333
7940,126330549,1726502494.0,15.698333333333334,52.45758333333333
7941,126330554,1726495111.0,16.06363888888889,51.82263888888889
7942,126329675,1726448949.0,15.433828,52.140434
7943,126329886,1726486051.0,15.317055555555555,51.61747222222222
7944,126330402,1726488054.0,14.64936111111111,52.325
7945,126329866,1726485720.0,14.564194444444444,52.34880555555556
7946,126333686,1726510860.0,15.505333333333333,51.94175
7947,126332410,1726594445.0,15.209055555555555,52.82994444444444
7948,126332228,1726563639.0,15.48425,51.93080555555556
7949,126330975,1726573200.0,15.492472222222222,51.94947222222222
7950,126333141,1726566600.0,15.489638888888889,51.96497222222222
7951,126332130,1726558903.0,15.536222222222221,51.56433333333333
7952,126330988,1726573576.0,15.554944444444445,52.22505555555556
7953,126330854,1726565940.0,15.607583333333334,52.22175
7954,126330825,1726551922.0,15.607527777777777,52.22177777777778
7955,126333136,1726563068.0,15.14038888888889,51.634083333333336
7956,126332387,1726584600.0,15.51075,51.93483333333333
7957,126330873,1726565525.0,15.062722222222222,52.324777777777776
7958,126805684,1726567200.0,14.905444444444445,52.67166666666667
7959,126333244,1726595018.0,15.61436111111111,51.476194444444445
7960,126359175,1726585200.0,15.541416666666667,51.56597222222222
7961,126330874,1726565639.0,15.796083333333334,52.37838888888889
7962,126333180,1726581131.0,15.494555555555555,51.962472222222225
7963,126332825,1726575600.0,14.564083333333333,52.3485
7964,126334144,1726592341.0,15.729444444444445,51.732638888888886
7965,126332421,1726596802.0,15.709583333333333,51.83452777777778
7966,126334050,1726578912.0,15.700305555555556,51.80008333333333
7967,126332046,1726546464.0,15.050444444444445,51.56908333333333
7968,126334209,1726598067.0,15.245916666666666,51.98775
7969,126332056,1726547514.0,14.720638888888889,51.98075
7970,126332094,1726552854.0,15.706055555555556,51.809416666666664
7971,126332420,1726595307.0,15.657416666666666,51.87197222222222
7972,126330976,1726574695.0,14.592722222222223,52.336333333333336
7973,126333154,1726578426.0,15.231277777777779,52.74069444444444
7974,126332390,1726591260.0,15.540555555555555,52.23833333333334
7975,126333221,1726586935.0,15.543555555555555,51.76916666666666
7976,126334503,1726647209.0,15.237555555555556,52.73261111111111
7977,126334485,1726653391.0,15.461472222222222,52.252833333333335
7978,126334639,1726669169.0,14.973277777777778,51.800472222222226
7979,126334265,1726625700.0,15.316777777777778,51.61719444444444
7980,126334867,1726691757.0,15.253083333333333,51.63125
7981,126333490,1726662347.0,15.26961111111111,52.741277777777775
7982,126334386,1726645637.0,15.705944444444444,51.81025
7983,126704318,1726666200.0,15.489944444444445,51.928805555555556
7984,126334271,1726630969.0,14.79636111111111,51.620777777777775
7985,126334408,1726648219.0,15.69511111111111,51.629666666666665
7986,126340091,1726664400.0,15.4195,51.98169444444444
7987,126332648,1726659337.0,15.006166,52.583091
7988,126346295,1726641000.0,15.470666666666666,52.827666666666666
7989,126751944,1726648200.0,15.253805555555555,52.75611111111111
7990,126334626,1726668687.0,15.325694444444444,51.613194444444446
7991,126332651,1726655465.0,14.585111111111111,52.34063888888889
7992,126332670,1726659428.0,15.110277777777778,52.699333333333335
7993,126333946,1726647000.0,15.508861111111111,51.94108333333333
7994,126334336,1726638300.0,15.564722222222223,51.91683333333334
7995,126334710,1726660297.0,15.114027777777778,52.798833333333334
7996,126688147,1726655400.0,15.644166666666667,52.03958333333333
7997,126334439,1726649407.0,15.210805555555556,52.72586111111111
7998,126336259,1726650000.0,15.304222222222222,51.62577777777778
7999,126334340,1726640181.0,15.241555555555555,52.728138888888886
8000,126335437,1726773300.0,15.132,51.64083333333333
8001,126335053,1726727165.0,15.717666666666666,51.807138888888886
8002,126334978,1726725120.0,15.140444444444444,51.642722222222226
8003,126336116,1726761158.0,14.650416666666667,52.5895
8004,126333957,1726725600.0,15.501583333333333,51.94225
8005,126335294,1726758000.0,15.525055555555555,51.958444444444446
8006,126335086,1726742488.0,15.533888888888889,52.87911111111111
8007,126335227,1726753063.0,15.47461111111111,51.94702777777778
8008,126335481,1726782001.0,15.452055555555555,51.943888888888885
8009,126334934,1726725313.0,15.747388888888889,52.85616666666667
8010,126334915,1726720053.0,15.256194444444445,52.73711111111111
8011,126757191,1726743600.0,15.236055555555556,52.71958333333333
8012,126335432,1726764521.0,15.23836111111111,52.731027777777776
8013,126335334,1726761720.0,15.142472222222223,51.654833333333336
8014,126688170,1726754400.0,15.280861111111111,52.07458333333334
8015,126335382,1726767859.0,14.643222222222223,52.592333333333336
8016,126333843,1726758671.0,15.313055555555556,52.66672222222222
8017,126336187,1726772212.0,14.860277777777778,52.453472222222224
8018,126346620,1726756200.0,15.556555555555555,52.252944444444445
8019,126333022,1726747534.0,15.82775,52.81777777777778
8020,126335360,1726762154.0,15.092472222222222,52.03336111111111
8021,126333869,1726753800.0,15.308416666666666,52.06594444444445
8022,126336029,1726748030.0,15.25,52.743916666666664
8023,126332998,1726745751.0,15.22625,52.73041666666667
8024,126335357,1726755762.0,15.698222222222222,52.50844444444444
8025,126335462,1726776596.0,15.04036111111111,52.852
8026,126333018,1726749508.0,15.582277777777778,52.09811111111111
8027,126333889,1726773262.0,14.78036111111111,52.643277777777776
8028,126332854,1726729051.0,14.613972222222221,52.322472222222224
8029,126335330,1726752713.0,15.310222222222222,52.467527777777775
8030,126334947,1726725480.0,15.234083333333333,52.744638888888886
8031,126335487,1726776930.0,14.585111111111111,52.340805555555555
8032,126335228,1726755490.0,14.655833333333334,52.58855555555556
8033,126335141,1726746398.0,15.244805555555555,52.73286111111111
8034,126335113,1726740216.0,15.274138888888888,52.684805555555556
8035,126334979,1726727975.0,15.227361111111112,52.77875
8036,126333851,1726759472.0,15.2325,52.73877777777778
8037,126336272,1726817680.0,14.812527777777778,52.56413888888889
8038,126337239,1726824600.0,15.504888888888889,51.935694444444444
8039,126335961,1726841022.0,15.531694444444444,52.25094444444444
8040,126350227,1726833600.0,15.31311111111111,51.6135
8041,126341569,1726812600.0,15.52275,51.93336111111111
8042,126336495,1726828677.0,15.514472222222222,51.94411111111111
8043,126337272,1726854290.0,15.179333333333334,51.72988888888889
8044,126335946,1726822800.0,15.5015,51.929
8045,126339872,1726810800.0,15.472888888888889,51.956472222222224
8046,126338127,1726869000.0,15.430250000000001,51.94716666666667
8047,126335496,1726785867.0,15.053777777777778,51.763333333333335
8048,126335987,1726840800.0,15.496055555555555,51.96175
8049,126337226,1726846200.0,16.313341,51.79031
8050,126708571,1726833600.0,15.790944444444445,51.998666666666665
8051,126336399,1726836615.0,14.978861111111112,51.78147222222222
8052,126337311,1726858542.0,15.456027777777777,52.31655555555555
8053,126335901,1726832902.0,15.521416666666667,51.93788888888889
8054,126336366,1726819132.0,15.302083333333334,51.61738888888889
8055,126338040,1726853229.0,15.029158,52.581882
8056,126757184,1726835400.0,15.2525,52.75666666666667
8057,126336455,1726840800.0,15.709666666666667,51.80811111111111
8058,126336011,1726827796.0,15.179722222222223,51.63811111111111
8059,126335976,1726838572.0,15.22713888888889,52.73038888888889
8060,126337260,1726848901.0,15.265694444444444,52.736111111111114
8061,126350098,1726825200.0,15.755027777777778,52.97391666666667
8062,126336008,1726834500.0,15.604916666666666,51.754777777777775
8063,126335919,1726843441.0,15.570166666666667,52.46138888888889
8064,126336222,1726808640.0,15.568388888888888,51.56586111111111
8065,126335848,1726834324.0,15.595666666666666,51.74433333333333
8066,126336565,1726866199.0,15.433666666666667,51.53888888888889
8067,126498314,1726841220.0,15.49761111111111,51.93588888888889
8068,126335734,1726827197.0,15.229055555555556,52.722833333333334
8069,126336276,1726818811.0,15.597055555555556,51.74063888888889
8070,126336218,1726808043.0,14.997494,52.521744
8071,126335703,1726819486.0,15.909833333333333,51.935944444444445
8072,126336280,1726820792.0,15.082546,52.313971
8073,126335603,1726814847.0,15.236333333333333,52.75786111111111
8074,126335544,1726810856.0,15.229138888888889,52.73019444444444
8075,126335639,1726813020.0,15.5285,51.93038888888889
8076,126336380,1726829746.0,15.224277777777777,52.74563888888889
8077,126338119,1726858800.0,15.343694444444445,52.02875
8078,126344032,1726908000.0,15.594138888888889,51.93425
8079,126336740,1726912884.0,15.238833333333334,52.75813888888889
8080,126337870,1726942800.0,15.280416666666667,51.89427777777778
8081,126337645,1726927823.0,15.62036111111111,52.095166666666664
8082,126336715,1726923490.0,15.509833333333333,51.93852777777778
8083,126338299,1726938000.0,15.487166666666667,51.963944444444444
8084,126337852,1726949760.0,15.717472222222222,51.80133333333333
8085,126340459,1726938900.0,15.308111111111112,52.037527777777775
8086,126336746,1726928400.0,15.60438888888889,52.00702777777778
8087,126337656,1726928820.0,15.24463888888889,52.758944444444445
8088,126337510,1726913691.0,16.067944444444443,51.88583333333333
8089,126338229,1726919298.0,15.425,52.602222222222224
8090,126338266,1726928317.0,15.584777777777777,52.44383333333333
8091,126338211,1726917498.0,15.433722222222222,52.522777777777776
8092,126336734,1726926804.0,15.233722222222223,52.74461111111111
8093,126337565,1726917056.0,15.246333333333334,52.72530555555556
8094,126347024,1726938000.0,15.5075,51.95688888888889
8095,126338124,1726869690.0,15.751777777777777,51.76683333333333
8096,126338324,1726929714.0,15.361527777777777,52.2775
8097,126336810,1726939849.0,15.101583333333334,51.66888888888889
8098,126337416,1726897594.0,14.870527777777777,51.63711111111111
8099,126340465,1726930800.0,15.526777777777777,51.94166666666667
8100,126336842,1726952788.0,15.571333333333333,51.57055555555556
8101,126337786,1726940400.0,15.654694444444445,52.06388888888889
8102,126787705,1726902000.0,15.864,52.07091666666667
8103,126807015,1726940700.0,15.255083333333333,52.75780555555556
8104,126336953,1726998780.0,14.582361111111112,52.62302777777778
8105,126338356,1726989407.0,15.247111111111112,52.75786111111111
8106,126337940,1726998600.0,15.511722222222222,51.939277777777775
8107,126338373,1726999217.0,15.0285,51.75047222222222
8108,126338004,1727010000.0,15.539,51.957027777777775
8109,126693820,1726968600.0,15.715416666666666,52.29697222222222
8110,126354208,1727028840.0,15.121444444444444,51.63880555555556
8111,126337914,1726996951.0,15.567638888888888,52.44261111111111
8112,126340048,1727035199.0,15.697138888888889,51.856944444444444
8113,126337865,1726968201.0,14.814663,52.563988
8114,126337954,1727006237.0,15.103583333333333,52.05063888888889
8115,126336871,1726986868.0,15.492444444444445,52.59302777777778
8116,126342152,1726999800.0,16.060333333333332,51.84919444444444
8117,126338006,1727009102.0,14.597027777777777,52.31827777777778
8118,126339058,1727008764.0,15.548916666666667,51.569472222222224
8119,126336928,1727007940.0,15.122694444444445,51.63169444444444
8120,126340035,1727028860.0,15.107277777777778,51.65508333333333
8121,126338452,1727017935.0,15.743,52.301138888888886
8122,126688181,1727023380.0,15.621555555555556,52.08927777777778
8123,126339575,1727094112.0,14.79825,52.65002777777778
8124,126340390,1727122482.0,15.211472222222222,52.72602777777778
8125,126341123,1727078446.0,15.27511111111111,52.73594444444444
8126,126339391,1727085104.0,15.24413888888889,52.74908333333333
8127,126340315,1727092233.0,15.24325,52.74588888888889
8128,126339402,1727081897.0,15.579222222222223,52.57608333333334
8129,126339531,1727095449.0,14.649916666666666,52.58575
8130,126339455,1727077500.0,15.627444444444444,52.03058333333333
8131,126339703,1727104201.0,15.814722222222223,52.2485
8132,126340354,1727113418.0,14.722083333333334,51.963055555555556
8133,126339969,1727093700.0,16.307583333333334,51.81455555555556
8134,126339589,1727100341.0,15.608083333333333,52.44536111111111
8135,126340249,1727094330.0,15.098944444444445,52.055194444444446
8136,126341369,1727119171.0,16.309916666666666,51.81386111111111
8137,126344024,1727098200.0,15.708527777777778,51.808194444444446
8138,126341344,1727112629.0,15.54475,51.77772222222222
8139,126341347,1727099100.0,15.496527777777779,51.93577777777778
8140,126340102,1727067191.0,15.689722222222223,52.57808333333333
8141,126340305,1727091900.0,15.52513888888889,51.95886111111111
8142,126339723,1727114438.0,15.511111111111111,51.937222222222225
8143,126347068,1727110800.0,15.517083333333334,51.94163888888889
8144,126341268,1727085000.0,15.501972222222221,51.935472222222224
8145,126757161,1727079600.0,15.205805555555555,52.73502777777778
8146,126341331,1727097998.0,15.604222222222223,52.72388888888889
8147,126359303,1727079300.0,15.501222222222221,51.936416666666666
8148,126343249,1727090400.0,15.510638888888888,51.941833333333335
8149,126767715,1727096100.0,15.113611111111112,52.05283333333333
8150,126347066,1727098800.0,15.508611111111112,51.90638888888889
8151,126343208,1727070600.0,15.499722222222223,51.91488888888889
8152,126339526,1727095073.0,14.619416666666666,52.32313888888889
8153,126343229,1727077800.0,15.502333333333333,51.935833333333335
8154,126345199,1727107200.0,14.767694444444444,51.6675
8155,126347025,1727090640.0,15.497722222222222,51.936083333333336
8156,126339582,1727102100.0,14.797527777777777,52.34475
8157,126347027,1727102460.0,15.433472222222223,51.92252777777778
8158,126339724,1727111072.0,15.7065,51.804944444444445
8159,126341146,1727061476.0,14.642444444444445,52.56886111111111
8160,126339855,1727155954.0,15.251861111111111,52.755722222222225
8161,126342084,1727186340.0,15.071222222222222,52.689305555555556
8162,126806765,1727163780.0,14.789722222222222,52.646388888888886
8163,126343091,1727204288.0,14.642166666666666,52.608666666666664
8164,126340430,1727153582.0,15.712333333333333,51.85238888888889
8165,126340645,1727183669.0,14.665277777777778,52.589
8166,126339780,1727145561.0,15.525463,52.32304
8167,126751943,1727195400.0,15.232388888888888,52.743805555555554
8168,126341763,1727161655.0,15.51975,51.95152777777778
8169,126343099,1727184600.0,15.388055555555555,51.76727777777778
8170,126341723,1727170912.0,14.607055555555556,52.329027777777775
8171,126347070,1727200800.0,15.46438888888889,51.9595
8172,126340547,1727171769.0,15.835833333333333,52.85336111111111
8173,126728247,1727162400.0,15.233472222222222,52.75011111111111
8174,126347028,1727157900.0,15.497472222222223,51.95341666666667
8175,126340399,1727134614.0,14.562333333333333,52.35391666666666
8176,126340700,1727185500.0,15.514611111111112,51.935916666666664
8177,126341660,1727177886.0,15.236222222222223,52.73041666666667
8178,126343052,1727184343.0,15.481222222222222,51.93633333333333
8179,126342008,1727183700.0,15.487055555555555,51.93388888888889
8180,126341384,1727138077.0,15.59361111111111,52.31561111111111
8181,126728834,1727186340.0,15.151083333333334,52.43302777777778
8182,126343414,1727197200.0,16.310083333333335,51.80741666666667
8183,126806771,1727170020.0,14.681944444444444,52.60527777777778
8184,126339956,1727166420.0,15.540583333333334,52.27
8185,126343063,1727195350.0,15.218083333333333,52.732055555555554
8186,126343955,1727291841.0,15.450027777777779,52.254555555555555
8187,126805700,1727262000.0,15.114055555555556,52.79430555555555
8188,126343387,1727253742.0,14.642194444444444,52.608666666666664
8189,126343227,1727243453.0,15.496722222222223,51.95897222222222
8190,126343984,1727290020.0,14.726638888888889,51.757583333333336
8191,126340859,1727259389.0,14.735166666666666,51.53991666666667
8192,126343204,1727243447.0,15.701472222222222,51.803666666666665
8193,126343565,1727266149.0,15.564,51.60305555555556
8194,126340714,1727240372.0,15.618527777777778,52.06113888888889
8195,126343724,1727264930.0,15.249555555555556,52.7185
8196,126343587,1727265059.0,15.596277777777777,51.745194444444444
8197,126340724,1727241000.0,15.500333333333334,51.93091666666667
8198,126728219,1727276400.0,15.209,52.73477777777778
8199,126343434,1727256626.0,15.531,52.60477777777778
8200,126340943,1727273293.0,15.617333333333333,52.446083333333334
8201,126343899,1727271894.0,15.357583333333332,51.76855555555556
8202,126343683,1727270326.0,15.600111111111111,52.485166666666665
8203,126343653,1727269924.0,15.647472222222222,52.44413888888889
8204,126343705,1727272800.0,15.518944444444445,51.94997222222222
8205,126340856,1727258400.0,15.53711111111111,51.938694444444444
8206,126340918,1727261366.0,14.61213888888889,52.34222222222222
8207,126343386,1727252044.0,14.638944444444444,52.52919444444444
8208,126343645,1727266332.0,14.619777777777777,52.345666666666666
8209,126343603,1727254479.0,15.539722222222222,52.249027777777776
8210,126345031,1727298689.0,15.803472222222222,51.7255
8211,126346178,1727290800.0,15.521833333333333,51.94316666666667
8212,126695058,1727321220.0,15.650833333333333,52.06702777777778
8213,126346532,1727375818.0,15.248833333333334,51.542944444444444
8214,126346244,1727339400.0,15.565527777777778,51.93725
8215,126347131,1727350200.0,15.582944444444445,51.74469444444444
8216,126346302,1727340300.0,15.534611111111111,51.92808333333333
8217,126345048,1727327452.0,15.565972222222221,52.20472222222222
8218,126350816,1727330400.0,15.47575,51.93644444444445
8219,126345457,1727367197.0,15.782694444444445,52.312
8220,126346455,1727348686.0,14.992027777777778,51.54419444444444
8221,126345295,1727351790.0,15.310944444444445,51.62025
8222,126361889,1727337720.0,15.506277777777777,51.93527777777778
8223,126346546,1727375707.0,15.342416666666667,51.63644444444444
8224,126346200,1727326800.0,15.638833333333334,52.09158333333333
8225,126350240,1727377800.0,15.248805555555556,51.54333333333334
8226,126345430,1727364412.0,15.545111111111112,52.51519444444445
8227,126345406,1727350970.0,15.27663888888889,52.76338888888889
8228,126345376,1727361600.0,15.588777777777779,52.44416666666667
8229,126345407,1727362860.0,14.648083333333334,52.585972222222225
8230,126346256,1727344430.0,15.709388888888888,51.81725
8231,126345525,1727358441.0,15.243,52.76411111111111
8232,126345185,1727340450.0,15.098222222222223,52.047694444444446
8233,126728807,1727330400.0,15.269027777777778,52.75669444444444
8234,126345172,1727336682.0,14.607194444444444,52.341277777777776
8235,126345531,1727375476.0,15.542833333333334,52.54227777777778
8236,126346456,1727354800.0,15.507,51.562444444444445
8237,126346576,1727379593.0,14.973194444444445,51.78941666666667
8238,126347103,1727339400.0,15.695777777777778,51.805055555555555
8239,126346094,1727323326.0,15.556666666666667,52.252722222222225
8240,126346037,1727322660.0,15.143046,52.444629
8241,126346471,1727354674.0,15.53336111111111,52.245555555555555
8242,126345319,1727355477.0,15.574805555555555,52.44544444444445
8243,126345550,1727380526.0,14.736305555555555,52.38338888888889
8244,126345489,1727371054.0,15.109027777777778,52.02572222222222
8245,126346202,1727332785.0,15.11225,52.754888888888885
8246,126806768,1727370000.0,14.644444444444444,52.59136111111111
8247,126356125,1727349300.0,15.011472222222222,51.64633333333333
8248,126348206,1727454479.0,15.320833333333333,51.61505555555556
8249,126372032,1727445900.0,15.53963888888889,51.568694444444446
8250,126348324,1727472729.0,15.255583333333334,52.7345
8251,126345940,1727433330.0,15.604055555555556,51.688833333333335
8252,126346761,1727425932.0,15.275638888888889,52.74283333333333
8253,126346823,1727431981.0,15.242805555555556,52.73411111111111
8254,126348220,1727452584.0,15.252472222222222,52.76013888888889
8255,126349179,1727461452.0,15.671416666666667,51.73213888888889
8256,126348234,1727458872.0,15.567083333333333,52.25275
8257,126346796,1727416255.0,14.846527777777778,51.632777777777775
8258,126346934,1727442181.0,15.107083333333334,52.05627777777778
8259,126345979,1727434990.0,15.720222222222223,51.80244444444445
8260,126349104,1727453692.0,15.227611111111111,52.73766666666667
8261,126349172,1727461206.0,14.667638888888888,52.59638888888889
8262,126345694,1727420680.0,14.903638888888889,51.784555555555556
8263,126347013,1727436866.0,15.25511111111111,52.71516666666667
8264,126348244,1727452643.0,14.997388888888889,51.796166666666664
8265,126348110,1727444400.0,15.507472222222223,51.931555555555555
8266,126345781,1727426400.0,15.494416666666666,51.96169444444445
8267,126348181,1727451210.0,14.83325,52.35075
8268,126349198,1727463210.0,15.836805555555555,52.79044444444445
8269,126491150,1727427600.0,15.244333333333334,51.81011111111111
8270,126349150,1727459601.0,14.669527777777779,52.636361111111114
8271,126346004,1727434124.0,16.071083333333334,51.880694444444444
8272,126349036,1727447594.0,15.502444444444444,52.59722222222222
8273,126348249,1727461379.0,15.695583333333333,51.62975
8274,126806792,1727443200.0,15.30075,52.72911111111111
8275,126806761,1727460000.0,15.293055555555556,52.686
8276,126806797,1727518800.0,15.324305555555556,52.795027777777776
8277,126347176,1727535600.0,15.449527777777778,51.969027777777775
8278,126359316,1727506800.0,15.478083333333334,51.94252777777778
8279,126347187,1727540142.0,15.064694444444445,52.696777777777775
8280,126347260,1727551076.0,14.65075,52.306805555555556
8281,126348641,1727515763.0,15.444166666666666,52.30261111111111
8282,126349327,1727501037.0,15.7655,51.73466666666667
8283,126349353,1727510726.0,15.757527777777778,51.73447222222222
8284,126348670,1727543596.0,15.602166666666667,51.685722222222225
8285,126348557,1727523925.0,15.679555555555556,52.297555555555554
8286,126347161,1727506260.0,15.156361111111112,52.74777777777778
8287,126348685,1727537364.0,15.22486111111111,52.73961111111111
8288,126349281,1727490602.0,14.79175,52.41838888888889
8289,126348706,1727547719.0,15.417222222222222,52.31852777777778
8290,126751934,1727511300.0,15.253444444444444,52.75391666666667
8291,126348694,1727531282.0,15.258222222222223,52.73452777777778
8292,126349537,1727526600.0,15.524305555555555,51.939277777777775
8293,126347197,1727545433.0,15.296444444444445,51.700583333333334
8294,126349397,1727516400.0,15.507833333333334,51.93875
8295,126348526,1727525141.0,15.32825,51.61980555555556
8296,126349408,1727519503.0,15.073166666666667,51.51519444444445
8297,126347159,1727525158.0,14.580055555555555,52.34736111111111
8298,126347171,1727536200.0,15.619361111111111,52.096
8299,126348521,1727518800.0,15.550444444444445,51.955333333333336
8300,126347154,1727522052.0,15.499027777777778,52.59888888888889
8301,126348723,1727553505.0,16.233921,51.704536
8302,126348448,1727514494.0,15.235027777777777,52.730111111111114
8303,126347298,1727602028.0,15.845611111111111,51.65116666666667
8304,126347327,1727611320.0,14.907164,52.326078
8305,126348987,1727630930.0,14.61125,52.61844444444444
8306,126348951,1727623363.0,14.560833333333333,52.35011111111111
8307,126350221,1727628000.0,15.596388888888889,51.74572222222222
8308,126349659,1727608472.0,14.584555555555555,52.344388888888886
8309,126347320,1727606914.0,15.427166666666666,52.19911111111111
8310,126348902,1727618416.0,15.15975,51.53169444444445
8311,126347394,1727634397.0,15.0395,51.80758333333333
8312,126347290,1727595245.0,14.663444444444444,51.87222222222222
8313,126347405,1727632708.0,15.825445,52.834257
8314,126356609,1727695800.0,15.497333333333334,51.95513888888889
8315,126350263,1727688575.0,15.250305555555556,52.718222222222224
8316,126347430,1727666628.0,14.578888888888889,52.357638888888886
8317,126347501,1727677016.0,14.824657,52.563721
8318,126349787,1727667017.0,15.598333333333333,51.748916666666666
8319,126350417,1727699590.0,15.683916666666667,51.80736111111111
8320,126353148,1727709227.0,15.6065,51.70283333333333
8321,126498315,1727676000.0,15.506416666666667,51.92525
8322,126357111,1727708400.0,15.546472222222222,52.824527777777774
8323,126350051,1727653526.0,15.46263888888889,52.25391666666667
8324,126729001,1727704800.0,15.075111111111111,52.45247222222222
8325,126349800,1727679953.0,15.46261111111111,52.839305555555555
8326,126751933,1727708400.0,15.257222222222222,52.75519444444444
8327,126353212,1727723044.0,14.5725,52.35413888888889
8328,126729009,1727685000.0,15.13575,52.45455555555556
8329,126350471,1727697052.0,16.327916666666667,51.795833333333334
8330,126350619,1727713075.0,15.313305555555555,51.61677777777778
8331,126353041,1727696060.0,15.667166666666667,52.57563888888889
8332,126350070,1727667228.0,14.611416666666667,52.32227777777778
8333,126350700,1727701200.0,15.51,51.906666666666666
8334,126350184,1727677500.0,15.45486111111111,51.96508333333333
8335,126349795,1727674800.0,15.576972222222222,51.92586111111111
8336,126353156,1727687400.0,15.359638888888888,51.96552777777778
8337,126350725,1727709540.0,15.576666666666666,52.35813888888889
8338,126350612,1727707859.0,15.228027777777777,52.7315
8339,126349972,1727703339.0,15.2075,52.72719444444444
8340,126350632,1727710124.0,15.568944444444444,52.44280555555556
8341,126356571,1727685000.0,15.505944444444445,51.935694444444444
8342,126347595,1727687054.0,15.573083333333333,52.44352777777778
8343,126350388,1727697219.0,14.639027777777777,52.60069444444444
8344,126347493,1727674308.0,15.47525,52.57405555555555
8345,126350007,1727698800.0,15.627222222222223,52.03091666666667
8346,126356623,1727697600.0,15.560194444444445,51.94763888888889
8347,126350689,1727693400.0,15.524416666666667,51.93922222222222
8348,126347584,1727682300.0,15.505944444444445,51.935583333333334
8349,126357526,1727675400.0,15.504027777777777,51.94038888888889
8350,126424512,1727731800.0,15.698444444444444,52.943083333333334
8351,126350012,1727710242.0,14.664277777777778,52.58980555555556
8352,126356079,1727771887.0,15.835777777777778,52.83797222222222
8353,126751917,1727761920.0,15.25225,52.73983333333334
8354,126357392,1727814181.0,15.5985,51.66636111111111
8355,126357276,1727796759.0,15.611027777777778,51.54402777777778
8356,126763984,1727761920.0,15.25225,52.73983333333334
8357,126751941,1727793900.0,15.23038888888889,52.73630555555555
8358,126493027,1727791200.0,15.499555555555556,51.928222222222225
8359,126356283,1727781600.0,15.464416666666667,51.95933333333333
8360,126357272,1727799895.0,15.710444444444445,51.846333333333334
8361,126724634,1727794800.0,15.114611111111111,52.43588888888889
8362,126357226,1727777195.0,15.523083333333334,51.95633333333333
8363,126361883,1727765400.0,15.531277777777778,51.93897222222222
8364,126359435,1727815800.0,15.500944444444444,51.93969444444444
8365,126359422,1727791800.0,15.570583333333333,51.919666666666664
8366,126359409,1727781000.0,15.249055555555556,51.797333333333334
8367,126350996,1727760600.0,15.492,51.954861111111114
8368,126350811,1727762031.0,15.831166666666666,52.841027777777775
8369,126354099,1727733767.0,14.65313888888889,52.324
8370,126350889,1727753400.0,15.483,51.93275
8371,126357163,1727785683.0,15.827861111111112,52.82680555555555
8372,126362355,1727787120.0,15.392833333333334,51.53644444444444
8373,126357344,1727800800.0,15.546277777777778,51.938472222222224
8374,126354179,1727761200.0,15.531027777777778,51.939083333333336
8375,126354303,1727782239.0,15.268027777777778,51.76738888888889
8376,126356369,1727807598.0,15.110083333333334,51.665333333333336
8377,126728195,1727796000.0,15.230194444444445,52.73555555555556
8378,126355040,1727761397.0,14.58911111111111,52.336777777777776
8379,126356175,1727790172.0,14.727,51.95419444444445
8380,126354212,1727770256.0,15.369361111111111,52.43980555555556
8381,126354280,1727777937.0,14.5725,52.35413888888889
8382,126751920,1727775000.0,15.244,52.73952777777778
8383,126356190,1727790947.0,14.645388888888888,52.583416666666665
8384,126354238,1727773731.0,15.21175,52.73308333333333
8385,126357099,1727769120.0,14.667333333333334,52.59536111111111
8386,126357174,1727786554.0,15.044611111111111,51.56030555555556
8387,126354213,1727772351.0,15.62486111111111,52.08519444444445
8388,126357279,1727798388.0,15.572416666666667,52.44830555555556
8389,126354235,1727775857.0,15.672444444444444,51.79419444444444
8390,126356156,1727777085.0,14.778916666666667,52.54694444444444
8391,126356308,1727802120.0,14.655805555555556,52.5885
8392,126350849,1727759999.0,16.31229,51.783375
8393,126354245,1727774978.0,15.125833333333333,51.640166666666666
8394,126357869,1727872200.0,15.698027777777778,51.80675
8395,126356846,1727870345.0,15.2865,51.59338888888889
8396,126359099,1727890506.0,15.068628,52.314148
8397,126361806,1727869200.0,16.0785,51.89208333333333
8398,126359449,1727862600.0,15.592027777777778,51.47575
8399,126356770,1727859134.0,15.716916666666666,51.77066666666666
8400,126357842,1727869173.0,15.278,51.58555555555556
8401,126356995,1727877919.0,15.709083333333334,51.808166666666665
8402,126357870,1727859071.0,15.460666666666667,51.84913888888889
8403,126751914,1727842800.0,15.212777777777777,52.73636111111111
8404,126370075,1727859600.0,15.49713888888889,51.96019444444445
8405,126359048,1727884713.0,15.8465,52.137861111111114
8406,126359083,1727879330.0,14.84961111111111,51.633361111111114
8407,126357831,1727877600.0,15.53288888888889,52.87427777777778
8408,126357912,1727876769.0,14.738722222222222,51.954861111111114
8409,126356953,1727881577.0,15.24413888888889,52.740027777777776
8410,126356579,1727851706.0,15.74836111111111,52.85788888888889
8411,126357938,1727885400.0,15.437888888888889,51.977
8412,126356878,1727874596.0,16.071416666666668,51.880916666666664
8413,126356859,1727874766.0,15.247027777777777,52.726166666666664
8414,126357967,1727891443.0,15.262944444444445,52.71663888888889
8415,126357606,1727862000.0,15.492805555555556,51.94280555555556
8416,126357859,1727878200.0,15.500972222222222,51.961083333333335
8417,126357424,1727844199.0,15.10388888888889,52.05605555555555
8418,126357637,1727861012.0,15.263472222222223,52.71636111111111
8419,126357434,1727846500.0,14.727,51.95422222222222
8420,126357404,1727843834.0,14.72711111111111,51.94872222222222
8421,126357403,1727842108.0,15.278777777777778,52.075916666666664
8422,126356898,1727875193.0,15.68325,51.79866666666667
8423,126359790,1727976831.0,15.54625,52.397444444444446
8424,126359663,1727961128.0,16.343399,51.792662
8425,126359694,1727954154.0,15.603861111111112,52.09386111111111
8426,126359428,1727948775.0,15.582611111111111,51.552638888888886
8427,126362041,1727973510.0,15.748694444444444,52.46975
8428,126361076,1727927562.0,15.881027777777778,52.37275
8429,126362101,1727992032.0,15.539472222222223,52.54216666666667
8430,126359404,1727941769.0,15.433111111111112,52.25577777777778
8431,126362073,1727975940.0,15.503388888888889,51.933083333333336
8432,126359688,1727963400.0,15.522305555555555,51.95591666666667
8433,126359167,1727920500.0,14.64786111111111,52.32533333333333
8434,126361208,1727935200.0,15.51925,51.94711111111111
8435,126359169,1727921689.0,14.641833333333333,52.31261111111111
8436,126359349,1727938800.0,15.488472222222223,51.93436111111111
8437,126361036,1727907120.0,14.688777777777778,52.32661111111111
8438,126361523,1727959800.0,15.523888888888889,51.95730555555556
8439,126361678,1727964000.0,15.499833333333333,51.93333333333333
8440,126361864,1727951400.0,15.479333333333333,51.95411111111111
8441,126361578,1727964269.0,15.509277777777777,52.18841666666667
8442,126728983,1727931000.0,15.141638888888888,52.44530555555556
8443,126362058,1727969005.0,15.256,52.73763888888889
8444,126361244,1727926346.0,14.693111111111111,52.36536111111111
8445,126361726,1727985080.0,15.378055555555555,52.813944444444445
8446,126359477,1727950229.0,16.322495,51.729164
8447,126361501,1727949901.0,16.049416666666666,51.87233333333333
8448,126361494,1727958787.0,15.115305555555556,51.641888888888886
8449,126361210,1727932960.0,15.232833333333334,52.70002777777778
8450,126359238,1727929040.0,15.543527777777777,52.29702777777778
8451,126359845,1727990040.0,16.162416666666665,51.850722222222224
8452,126359250,1727932845.0,15.238861111111111,52.73297222222222
8453,126359658,1727958654.0,14.896222222222223,51.636694444444444
8454,126359493,1727951037.0,15.011333333333333,51.75127777777778
8455,126370083,1727957700.0,15.504666666666667,51.935694444444444
8456,126359473,1727946896.0,15.207305555555555,52.74025
8457,126359639,1727963249.0,15.045277777777779,51.63052777777778
8458,126359623,1727962921.0,14.721166666666667,51.95880555555556
8459,126362367,1727954100.0,15.199583333333333,51.49997222222222
8460,126359706,1727968118.0,15.25463888888889,52.73566666666667
8461,126728894,1727967600.0,15.255666666666666,52.73919444444444
8462,126806775,1727957700.0,14.88936111111111,52.675444444444445
8463,126718120,1728036000.0,15.521583333333334,51.94161111111111
8464,126751909,1728028800.0,15.234861111111112,52.73372222222222
8465,126363334,1728054259.0,16.296541,51.827015
8466,126363528,1728074906.0,15.784476,52.312916
8467,126814693,1728064200.0,15.247972222222222,52.75752777777778
8468,126359870,1728014460.0,15.553944444444445,51.92194444444444
8469,126370086,1728019800.0,15.331666666666667,51.507
8470,126363338,1728030292.0,15.764527777777777,52.077888888888886
8471,126362341,1728035340.0,15.589833333333333,51.90533333333333
8472,126362976,1728057600.0,15.52275,51.94336111111111
8473,126370158,1728061200.0,15.504861111111111,51.931916666666666
8474,126359974,1728027622.0,15.562777777777779,52.45205555555555
8475,126363240,1728044683.0,15.017833333333334,51.73480555555555
8476,126362547,1728037200.0,15.504916666666666,51.93561111111111
8477,126370151,1728051600.0,15.499222222222222,51.93961111111111
8478,126724632,1728014400.0,15.124944444444445,52.441361111111114
8479,126370111,1728025800.0,15.519388888888889,51.93252777777778
8480,126362559,1728047332.0,15.331305555555556,52.66747222222222
8481,126363206,1728042468.0,14.570027777777778,52.347833333333334
8482,126362750,1728067980.0,15.703166666666666,51.811416666666666
8483,126364024,1728073973.0,14.762638888888889,51.55755555555555
8484,126363402,1728056631.0,15.784805555555556,52.313027777777776
8485,126363440,1728061690.0,15.244222222222222,52.740138888888886
8486,126362393,1728041036.0,15.023083333333334,51.63463888888889
8487,126362183,1728026489.0,14.80825,51.639833333333335
8488,126359940,1728021963.0,15.5195,51.69841666666667
8489,126359909,1728018122.0,16.306522,51.705959
8490,126361760,1728010476.0,14.766805555555555,51.665638888888886
8491,126688187,1728039600.0,15.491166666666667,51.963166666666666
8492,126649021,1728030000.0,15.117638888888889,52.35208333333333
8493,126806782,1728043800.0,14.642111111111111,52.57833333333333
8494,126806798,1728034200.0,15.241472222222223,52.65725
8495,126363179,1728043968.0,15.084027777777777,52.02663888888889
8496,126363214,1728045265.0,15.10061111111111,52.05394444444445
8497,126364396,1728139489.0,15.413305555555556,52.825
8498,126695159,1728133200.0,15.729777777777779,51.729
8499,126364514,1728147600.0,15.477527777777778,51.93922222222222
8500,126365047,1728131400.0,15.490277777777777,51.91591666666667
8501,126370183,1728143400.0,15.514777777777777,51.95755555555556
8502,126364147,1728117540.0,15.46425,52.57922222222222
8503,126369038,1728127800.0,15.718583333333333,51.76261111111111
8504,126364650,1728152271.0,15.523111111111112,51.562777777777775
8505,126364383,1728130800.0,15.570416666666667,51.9105
8506,126365120,1728147662.0,15.501472222222223,52.17988888888889
8507,126365070,1728133290.0,15.076,51.583444444444446
8508,126492452,1728115200.0,15.130805555555556,51.639361111111114
8509,126364455,1728145200.0,15.615361111111111,52.04372222222222
8510,126424511,1728122400.0,15.48375,51.928222222222225
8511,126364800,1728142200.0,15.69988888888889,51.80144444444444
8512,126362860,1728108840.0,15.76975,52.30744444444444
8513,126368046,1728119280.0,14.839583333333334,51.67330555555556
8514,126362980,1728125554.0,15.486833333333333,52.58994444444444
8515,126364816,1728208700.0,15.864416666666667,52.07461111111111
8516,126366082,1728239400.0,15.481055555555555,51.93688888888889
8517,126366091,1728235844.0,15.60838888888889,51.510666666666665
8518,126370719,1728170400.0,15.487333333333334,51.56102777777778
8519,126364916,1728220420.0,14.618027777777778,52.324
8520,126724631,1728230400.0,15.115694444444445,52.432805555555554
8521,126366044,1728235800.0,15.714944444444445,52.03138888888889
8522,126364946,1728219689.0,14.618611111111111,52.32416666666666
8523,126364841,1728213732.0,15.244972222222222,52.61661111111111
8524,126364878,1728217291.0,15.752638888888889,52.304
8525,126365249,1728226445.0,15.522555555555556,51.95630555555555
8526,126366026,1728236409.0,15.090833333333334,52.03230555555555
8527,126806787,1728213300.0,15.244444444444444,52.61611111111111
8528,126806801,1728205200.0,15.117055555555556,52.75447222222222
8529,126368230,1728302995.0,15.129916666666666,52.751694444444446
8530,126365368,1728270000.0,15.819833333333333,52.066694444444444
8531,126368326,1728317700.0,15.493416666666667,51.92677777777778
8532,126366267,1728284400.0,15.526583333333333,51.94869444444444
8533,126366179,1728275949.0,15.730222222222222,52.957166666666666
8534,126365548,1728294216.0,15.64861111111111,51.71852777777778
8535,126365797,1728303025.0,15.1535,52.73813888888889
8536,126365813,1728309241.0,15.24461111111111,52.74975
8537,126365600,1728304200.0,15.521694444444444,51.93366666666667
8538,126365462,1728288000.0,15.391861111111112,51.953944444444446
8539,126368131,1728305100.0,15.519222222222222,51.9325
8540,126368094,1728305722.0,15.351194444444445,51.602555555555554
8541,126365724,1728306600.0,15.494472222222223,51.961527777777775
8542,126368233,1728311989.0,15.362944444444445,52.75491666666667
8543,126368291,1728319920.0,14.585444444444445,52.31622222222222
8544,126368285,1728315072.0,14.983694444444444,51.51002777777778
8545,126368287,1728308013.0,14.71711111111111,51.96047222222222
8546,126365349,1728279177.0,15.668222222222223,52.38997222222222
8547,126365594,1728300793.0,15.534,52.26225
8548,126365648,1728305960.0,15.157027777777778,52.06466666666667
8549,126491139,1728294900.0,15.198027777777778,51.63891666666667
8550,126366382,1728291194.0,15.020277777777778,52.60927777777778
8551,126366274,1728284420.0,14.945638888888888,52.76508333333334
8552,126365510,1728297042.0,15.054268,52.314999
8553,126370347,1728296100.0,15.531666666666666,52.87752777777778
8554,126425101,1728309600.0,15.494416666666666,51.92808333333333
8555,126365533,1728297541.0,14.930166666666667,51.785944444444446
8556,126365454,1728289100.0,14.682611111111111,51.74733333333333
8557,126366430,1728288645.0,15.20331,52.315163
8558,126370345,1728289200.0,15.254055555555556,52.73725
8559,126498189,1728327600.0,15.530277777777778,51.94047222222222
8560,126368142,1728295200.0,15.500111111111112,51.93094444444444
8561,126744860,1728381600.0,15.15113888888889,52.440333333333335
8562,126399310,1728409071.0,15.1345,51.53113888888889
8563,126361998,1728359177.0,14.777027777777779,51.96063888888889
8564,126399038,1728388140.0,15.266166666666667,52.75544444444444
8565,126361991,1728342772.0,14.600472222222223,52.33208333333334
8566,126370416,1728392114.0,15.253305555555556,52.74630555555556
8567,126399232,1728403208.0,14.598916666666666,52.332972222222224
8568,126399315,1728393686.0,15.55888888888889,51.93680555555556
8569,126399276,1728389243.0,14.974222222222222,51.50216666666667
8570,126724629,1728381600.0,15.11588888888889,52.44027777777778
8571,126744855,1728394800.0,15.244333333333334,52.74552777777778
8572,126398036,1728380529.0,15.420333333333334,51.90847222222222
8573,126425104,1728368400.0,15.77725,52.137388888888886
8574,126399227,1728398005.0,15.243055555555555,52.76411111111111
8575,126370584,1728398343.0,15.509888888888888,51.938583333333334
8576,126400112,1728413549.0,15.115333333333334,51.64425
8577,126400052,1728398606.0,15.305277777777778,52.72961111111111
8578,126370123,1728364500.0,15.43925,51.83822222222222
8579,126370098,1728366000.0,15.521638888888889,51.93372222222222
8580,126399100,1728394800.0,15.625861111111112,52.0345
8581,126399284,1728396000.0,15.555,51.93863888888889
8582,126430029,1728373200.0,15.535805555555555,51.89672222222222
8583,126385039,1728374400.0,15.502222222222223,51.935833333333335
8584,126400104,1728421115.0,15.449722222222222,51.968666666666664
8585,126399035,1728388104.0,15.618194444444445,52.01097222222222
8586,126400026,1728397494.0,15.34763888888889,52.72855555555556
8587,126370550,1728406440.0,15.532666666666668,52.260527777777774
8588,126399336,1728409350.0,15.6055,51.513444444444445
8589,126370102,1728370080.0,15.857833333333334,52.74711111111111
8590,126370545,1728391456.0,15.562555555555555,51.93794444444445
8591,126399198,1728388718.0,14.566666666666666,52.34869444444445
8592,126806803,1728408600.0,15.303055555555556,52.6835
8593,126370245,1728380937.0,15.24011111111111,52.72958333333333
8594,126493040,1728471600.0,15.471638888888888,51.94027777777778
8595,126423122,1728487244.0,15.597138888888889,52.44311111111111
8596,126402045,1728454192.0,16.314493,51.796059
8597,126402082,1728455561.0,14.949757,52.549034
8598,126410037,1728468727.0,15.218777777777778,51.99111111111111
8599,126402128,1728458568.0,15.511527777777777,52.19102777777778
8600,126423176,1728483152.0,14.731111111111112,52.38063888888889
8601,126370649,1728452001.0,15.705805555555555,52.356944444444444
8602,126370922,1728482691.0,15.591833333333334,52.44313888888889
8603,126370611,1728447829.0,15.603833333333334,52.44475
8604,126420130,1728477600.0,15.506361111111111,51.96052777777778
8605,126370953,1728483000.0,15.493555555555556,51.95616666666667
8606,126406026,1728468000.0,15.489833333333333,51.96588888888889
8607,126493037,1728454800.0,15.519305555555556,51.950833333333335
8608,126423175,1728498000.0,15.0135,51.973083333333335
8609,126402074,1728448800.0,15.776,52.07669444444444
8610,126493058,1728493200.0,15.509666666666666,51.916444444444444
8611,126744843,1728488700.0,15.217833333333333,52.743722222222225
8612,126769992,1728478800.0,14.921472222222222,52.695083333333336
8613,126425037,1728499980.0,14.658138888888889,52.61694444444444
8614,126424107,1728488123.0,15.089972222222222,52.69211111111111
8615,126370667,1728453372.0,14.908722222222222,52.769416666666665
8616,126402100,1728453769.0,14.949555555555555,52.82069444444444
8617,126370816,1728468187.0,15.546333333333333,52.24905555555556
8618,126424090,1728493668.0,15.305972222222222,51.632333333333335
8619,126402161,1728455214.0,15.706833333333334,51.801027777777776
8620,126370890,1728479184.0,15.69961111111111,51.806916666666666
8621,126404038,1728456700.0,15.247305555555556,52.72475
8622,126493043,1728473400.0,15.511916666666666,51.93413888888889
8623,126424099,1728498572.0,15.676166666666667,51.83522222222222
8624,126493044,1728485100.0,15.525916666666667,51.94152777777778
8625,126498311,1728489000.0,14.853111111111112,51.667611111111114
8626,126402102,1728458768.0,15.238305555555556,52.73125
8627,126424124,1728497700.0,15.437083333333334,51.918416666666666
8628,126424450,1728535592.0,15.501305555555556,51.92944444444444
8629,126472245,1728580765.0,15.412472222222222,52.61047222222222
8630,126736816,1728555300.0,15.197555555555555,52.738305555555556
8631,126498201,1728565200.0,15.50825,51.93833333333333
8632,126498199,1728560400.0,15.49975,51.936305555555556
8633,126472287,1728597093.0,15.449861111111112,52.58680555555556
8634,126472109,1728559600.0,15.874944444444445,52.36644444444445
8635,126424501,1728559774.0,14.560666666666666,52.35213888888889
8636,126472113,1728562882.0,14.737694444444445,51.95477777777778
8637,126442025,1728540641.0,14.749916666666667,51.95502777777778
8638,126424477,1728555774.0,15.602611111111111,52.26866666666667
8639,126472256,1728583396.0,15.528527777777779,52.247166666666665
8640,126424685,1728564600.0,15.616805555555555,52.07669444444444
8641,126728827,1728556800.0,15.226861111111111,52.72808333333333
8642,126472161,1728566726.0,15.68725,52.29741666666666
8643,126424584,1728566070.0,15.236194444444445,52.74758333333333
8644,126424436,1728552384.0,15.558694444444445,52.20847222222222
8645,126424219,1728535291.0,14.759666666666666,51.58175
8646,126472280,1728587783.0,14.643833333333333,52.590694444444445
8647,126472174,1728569804.0,15.201833333333333,52.73902777777778
8648,126472219,1728575917.0,15.58375,52.43963888888889
8649,126426026,1728535417.0,15.244333333333334,52.74655555555555
8650,126424731,1728568200.0,15.571972222222222,51.909166666666664
8651,126429032,1728534600.0,15.40611111111111,51.90069444444445
8652,126453024,1728539100.0,15.504055555555556,51.926138888888886
8653,126425103,1728532208.0,15.718194444444444,51.77144444444444
8654,126472593,1728652500.0,15.495944444444444,51.961666666666666
8655,126497995,1728655200.0,15.700833333333334,51.80438888888889
8656,126492377,1728630600.0,15.165916666666666,51.800666666666665
8657,126529481,1728657900.0,15.500305555555556,51.84827777777778
8658,126492677,1728668350.0,15.1435,51.946416666666664
8659,126496105,1728658985.0,15.559055555555556,51.92369444444444
8660,126492529,1728652446.0,15.303138888888888,51.62038888888889
8661,126492457,1728647100.0,15.518055555555556,51.944916666666664
8662,126530026,1728644400.0,15.535972222222222,51.92766666666667
8663,126425015,1728615744.0,16.096583333333335,51.77547222222222
8664,126648215,1728662400.0,15.475111111111111,51.935833333333335
8665,126492713,1728666184.0,15.583472222222222,51.550805555555556
8666,126492621,1728663075.0,15.523472222222223,51.574555555555555
8667,126498905,1728658800.0,15.555361111111111,52.88722222222222
8668,126691756,1728660000.0,15.831083333333334,52.837944444444446
8669,126699520,1728661200.0,15.5025,52.59719444444445
8670,126492038,1728621426.0,15.585166666666666,52.257222222222225
8671,126492384,1728639546.0,14.807972222222222,51.868833333333335
8672,126492205,1728621461.0,15.548833333333333,51.564166666666665
8673,126472493,1728645178.0,14.566472222222222,52.35316666666667
8674,126492522,1728654174.0,15.253472222222221,52.7565
8675,126492122,1728623617.0,15.153722222222223,52.712555555555554
8676,126472554,1728653753.0,15.255583333333334,52.73683333333334
8677,126472703,1728679795.0,15.051527777777778,51.63030555555556
8678,126492688,1728667779.0,15.90936111111111,51.935694444444444
8679,126724534,1728664200.0,15.262972222222222,52.757444444444445
8680,126492061,1728623903.0,15.562083333333334,51.76852777777778
8681,126472429,1728647312.0,14.722833333333334,51.96358333333333
8682,126769888,1728621300.0,15.241805555555555,52.79336111111111
8683,126472637,1728660876.0,15.146611111111111,51.64
8684,126688192,1728642000.0,15.614083333333333,52.07994444444444
8685,126472483,1728650975.0,15.583027777777778,52.443777777777775
8686,126496116,1728645416.0,15.582083333333333,52.147
8687,126806625,1728654000.0,15.197916666666666,52.78525
8688,126472701,1728667564.0,16.27141,51.712833
8689,126492207,1728627000.0,15.507277777777778,51.95911111111111
8690,126492102,1728622200.0,15.558722222222222,51.92377777777778
8691,126612131,1728729960.0,16.307305555555555,51.814277777777775
8692,126497273,1728767400.0,15.537888888888888,51.90258333333333
8693,126497084,1728719053.0,15.492472222222222,51.943194444444444
8694,126496284,1728730800.0,15.516472222222223,51.93963888888889
8695,126472915,1728738875.0,15.419722222222223,51.98125
8696,126492884,1728711059.0,15.359472222222223,51.96572222222222
8697,126497128,1728745665.0,14.844111111111111,51.63211111111111
8698,126492873,1728720828.0,15.483222222222222,51.87433333333333
8699,126492940,1728727518.0,15.339888888888888,51.84608333333333
8700,126497237,1728754279.0,15.438611111111111,52.3095
8701,126736793,1728745200.0,15.252638888888889,52.73919444444444
8702,126736801,1728696600.0,15.236611111111111,52.74825
8703,126493015,1728737387.0,15.295305555555556,51.63052777777778
8704,126496170,1728689029.0,14.871519,52.558977
8705,126492876,1728724417.0,15.716388888888888,52.33058333333334
8706,126472805,1728725089.0,15.722472222222223,52.33291666666667
8707,126472731,1728692775.0,15.432444444444444,51.59272222222222
8708,126492967,1728729030.0,15.2335,52.753416666666666
8709,126493022,1728738977.0,14.640916666666667,52.5805
8710,126497251,1728751779.0,15.239027777777778,52.74922222222222
8711,126496175,1728696805.0,15.247055555555555,52.726444444444446
8712,126496217,1728722508.0,15.243527777777778,52.73316666666667
8713,126493010,1728731146.0,15.203305555555556,52.72541666666667
8714,126496288,1728733307.0,15.256611111111111,52.757416666666664
8715,126496338,1728743735.0,15.235166666666666,52.76083333333333
8716,126472882,1728742832.0,14.64938888888889,52.58725
8717,126492760,1728685621.0,15.18361111111111,52.74113888888889
8718,126724626,1728738000.0,15.253805555555555,52.75611111111111
8719,126492921,1728726338.0,15.696805555555555,51.803666666666665
8720,126497042,1728738721.0,15.237777777777778,52.75644444444445
8721,126497120,1728741971.0,15.030666666666667,52.67477777777778
8722,126492829,1728719560.0,15.091277777777778,51.94825
8723,126472937,1728754443.0,15.718583333333333,51.67294444444445
8724,126492814,1728716094.0,15.16875,51.978138888888886
8725,126492871,1728721320.0,14.652694444444444,52.325361111111114
8726,126496166,1728688620.0,15.148555555555555,51.65563888888889
8727,126472901,1728742623.0,16.024605,51.8941
8728,126497102,1728739102.0,15.120922,52.557236
8729,126497201,1728752354.0,15.420735,52.393681
8730,126492895,1728723604.0,15.106206,52.586991
8731,126496421,1728794476.0,15.165111111111111,52.32611111111111
8732,126496588,1728825142.0,15.630027777777778,52.07533333333333
8733,126497352,1728806033.0,15.538166666666667,52.275527777777775
8734,126497370,1728811529.0,15.578111111111111,52.44561111111111
8735,126497401,1728813204.0,15.172305555555555,51.70869444444445
8736,126497610,1728831000.0,15.526777777777777,51.95838888888889
8737,126497448,1728820800.0,15.666027777777778,51.92536111111111
8738,126497405,1728818027.0,15.670972222222222,52.916111111111114
8739,126496499,1728818060.0,15.563222222222223,52.44261111111111
8740,126497622,1728841005.0,15.85213888888889,51.7225
8741,126754249,1728799200.0,15.228694444444445,52.75522222222222
8742,126498064,1728817166.0,14.895,52.45136111111111
8743,126497615,1728841841.0,15.707527777777777,52.45988888888889
8744,126497453,1728822720.0,15.548638888888888,52.317277777777775
8745,126496461,1728815591.0,14.611138888888888,52.33433333333333
8746,126736818,1728803700.0,15.218,52.74369444444444
8747,126497419,1728813266.0,16.175968,51.850021
8748,126497431,1728820359.0,15.255416666666667,52.73422222222222
8749,126496531,1728828114.0,15.008833333333333,51.81502777777778
8750,126497466,1728810765.0,14.795333333333334,52.504333333333335
8751,126497355,1728807566.0,14.743472222222222,52.346916666666665
8752,126497509,1728817571.0,15.902055555555556,51.928472222222226
8753,126473021,1728801900.0,14.904418,52.334846
8754,126496495,1728828393.0,15.392027777777777,52.818555555555555
8755,126496488,1728827098.0,14.903308,52.334656
8756,126498106,1728833036.0,15.029083333333332,51.879555555555555
8757,126496597,1728849468.0,15.562083333333334,52.20261111111111
8758,126497335,1728802283.0,15.0535,51.83258333333333
8759,126496400,1728775744.0,14.822,51.858555555555554
8760,126497664,1728839294.0,15.229972222222223,52.77375
8761,126496514,1728823321.0,15.7165,51.805305555555556
8762,126497332,1728799901.0,15.161833333333334,51.693527777777774
8763,126498144,1728838862.0,15.318194444444444,52.70005555555556
8764,126496548,1728839092.0,15.565277777777778,52.242694444444446
8765,126496454,1728817469.0,15.2115,52.74025
8766,126473008,1728791976.0,15.241083333333334,52.709472222222225
8767,126688199,1728848400.0,15.690055555555556,51.94722222222222
8768,126497723,1728882000.0,15.528722222222223,51.95805555555555
8769,126497709,1728879476.0,15.164388888888888,51.96722222222222
8770,126497769,1728887537.0,14.63675,52.54094444444444
8771,126529150,1728909618.0,15.674611111111112,51.781888888888886
8772,126497998,1728900240.0,14.73611111111111,51.54125
8773,126526029,1728902522.0,15.75763888888889,51.715
8774,126529060,1728905558.0,15.475222222222222,51.92988888888889
8775,126516031,1728881147.0,15.021194444444445,51.58455555555555
8776,126529040,1728910200.0,15.518166666666666,51.94916666666667
8777,126516028,1728880800.0,15.45075,51.95469444444444
8778,126529168,1728916611.0,15.701083333333333,52.97211111111111
8779,126497807,1728878400.0,15.512083333333333,51.94036111111111
8780,126498854,1728900000.0,15.501388888888888,51.935944444444445
8781,126498011,1728910800.0,14.653361111111112,52.32463888888889
8782,126529101,1728914820.0,14.587972222222222,52.31711111111111
8783,126691436,1728889200.0,15.523916666666667,51.94683333333333
8784,126529116,1728913073.0,15.526527777777778,52.882555555555555
8785,126498010,1728896040.0,15.079304,52.591175
8786,126497705,1728880485.0,15.607388888888888,51.6965
8787,126528164,1728905421.0,15.228555555555555,52.73325
8788,126728745,1728923700.0,15.247194444444444,52.74022222222222
8789,126496612,1728858303.0,15.348666666666666,52.80236111111111
8790,126497695,1728876025.0,15.756027777777778,52.568527777777774
8791,126497744,1728878562.0,15.24311111111111,52.63758333333333
8792,126498231,1728886951.0,15.22825,52.75975
8793,126528084,1728905232.0,14.945638888888888,52.67611111111111
8794,126528184,1728914214.0,15.203861111111111,52.792138888888886
8795,126529308,1728941209.0,15.420861111111112,52.425444444444445
8796,126831680,1728906000.0,15.496916666666667,51.92916666666667
8797,126498354,1728912000.0,15.433333333333334,51.83383333333333
8798,126528030,1728904572.0,15.147916666666667,51.639
8799,126528046,1728905215.0,16.21025,51.77158333333333
8800,126498858,1728930600.0,15.559888888888889,51.93852777777778
8801,126498657,1728997734.0,15.101722222222222,52.05352777777778
8802,126699353,1728943200.0,15.41388888888889,52.01719444444444
8803,126529628,1728993662.0,14.615083333333333,52.32319444444445
8804,126529886,1729020523.0,15.771166666666666,51.73458333333333
8805,126529832,1729015881.0,15.272969,52.4366
8806,126587051,1728999841.0,15.531194444444445,52.255361111111114
8807,126498679,1728998200.0,15.208314,52.557735
8808,126585028,1728995379.0,15.617444444444445,52.07575
8809,126498703,1729005000.0,15.485555555555555,51.95469444444444
8810,126558024,1728985800.0,15.48761111111111,51.935833333333335
8811,126536025,1728976800.0,15.259972222222222,51.78202777777778
8812,126587044,1729002412.0,14.636666666666667,52.32622222222222
8813,126585040,1728997200.0,15.51925,51.950805555555554
8814,126498562,1728980437.0,14.56611111111111,52.34872222222222
8815,126529635,1728996540.0,15.819777777777778,51.73341666666666
8816,126529822,1729011841.0,15.256611111111111,51.55175
8817,126498766,1729022700.0,15.127416666666667,51.64022222222222
8818,126582037,1728986218.0,15.24938888888889,51.957027777777775
8819,126529580,1728988399.0,14.779083333333332,51.961055555555554
8820,126537031,1728974049.0,15.58911111111111,52.12927777777778
8821,126528222,1728968565.0,15.113222222222221,52.05572222222222
8822,126498684,1728979200.0,15.521055555555556,51.94144444444444
8823,126529373,1728971776.0,15.11834,52.407124
8824,126529319,1728949320.0,15.587416666666666,52.25813888888889
8825,126529573,1728985483.0,15.5375,52.24794444444444
8826,126751199,1728980820.0,15.248611111111112,52.725
8827,126688279,1728991800.0,15.588444444444445,51.74572222222222
8828,126700172,1728969000.0,15.154555555555556,52.306694444444446
8829,126563025,1728982865.0,15.502055555555556,52.599694444444445
8830,126585049,1728982260.0,14.647166666666667,52.58819444444445
8831,126529648,1728989955.0,15.238055555555556,52.73086111111111
8832,126587098,1729024312.0,15.607166666666666,52.105472222222225
8833,126806664,1728970800.0,15.828833333333334,51.950472222222224
8834,126648104,1729092352.0,15.143333333333333,51.62875
8835,126677027,1729062000.0,15.501166666666666,51.93413888888889
8836,126612056,1729068348.0,15.711055555555555,51.85158333333333
8837,126648133,1729079639.0,14.65263888888889,52.49458333333333
8838,126589026,1729057908.0,15.251702,52.435844
8839,126648088,1729085782.0,15.113388888888888,52.0545
8840,126498915,1729067776.0,15.144416666666666,51.63713888888889
8841,126587119,1729055040.0,15.661222222222221,51.872416666666666
8842,126612404,1729096200.0,15.720444444444444,51.78941666666667
8843,126647148,1729100243.0,15.066527777777777,52.011944444444445
8844,126612175,1729069552.0,14.725388888888888,51.943888888888885
8845,126647135,1729096643.0,15.248888888888889,51.987972222222226
8846,126600025,1729063020.0,16.3075,51.8145
8847,126736782,1729080600.0,15.135416666666666,52.44016666666667
8848,126681030,1729083600.0,15.502888888888888,51.94213888888889
8849,126691438,1729090800.0,15.506222222222222,51.93238888888889
8850,126647161,1729077394.0,15.255055555555556,52.75752777777778
8851,126612166,1729068000.0,15.52286111111111,51.956583333333334
8852,126648155,1729081800.0,15.235916666666666,51.80016666666667
8853,126647163,1729090800.0,15.513583333333333,51.936305555555556
8854,126612210,1729078862.0,15.188416666666667,52.74027777777778
8855,126647042,1729070400.0,15.501944444444444,51.928666666666665
8856,126591026,1729057395.0,15.252888888888888,52.74080555555555
8857,126648083,1729086385.0,14.898277777777778,52.66152777777778
8858,126498888,1729066132.0,15.532916666666667,51.882416666666664
8859,126680024,1729083600.0,15.518944444444445,51.93447222222222
8860,126612309,1729079275.0,15.20261111111111,52.7405
8861,126795580,1729083600.0,15.502888888888888,51.94213888888889
8862,126612720,1729158535.0,15.825972222222223,52.159333333333336
8863,126612591,1729146000.0,15.526222222222222,51.96
8864,126648438,1729161789.0,15.601916666666666,51.896972222222225
8865,126612565,1729145520.0,15.547583333333334,52.26061111111111
8866,126675206,1729182882.0,16.119244,51.837437
8867,126648371,1729158823.0,15.537277777777778,51.56633333333333
8868,126612999,1729169790.0,15.553888888888888,51.92191666666667
8869,126691673,1729155600.0,15.551722222222223,52.50961111111111
8870,126663032,1729155450.0,15.134916666666667,51.64227777777778
8871,126612740,1729156724.0,16.376129,51.817642
8872,126691659,1729194480.0,15.704666666666666,51.81008333333333
8873,126612644,1729151904.0,15.179958,52.581013
8874,126612777,1729160688.0,15.6175,51.89083333333333
8875,126688324,1729149600.0,15.511222222222223,51.928416666666664
8876,126675151,1729174193.0,15.120722222222222,52.43913888888889
8877,126658041,1729147186.0,15.49238888888889,51.96352777777778
8878,126648217,1729138182.0,15.547472222222222,52.26069444444445
8879,126648709,1729186518.0,15.54275,52.269
8880,126648323,1729140600.0,15.259,51.83888888888889
8881,126724624,1729172400.0,15.131666666666666,52.44272222222222
8882,126648752,1729184946.0,15.034361111111112,51.80605555555555
8883,126612616,1729147591.0,15.324055555555555,51.614444444444445
8884,126612785,1729164747.0,14.740055555555555,51.947361111111114
8885,126675167,1729177518.0,15.241722222222222,52.72827777777778
8886,126612871,1729173311.0,14.638916666666667,52.580083333333334
8887,126648751,1729193442.0,15.248,52.745194444444444
8888,126648510,1729170849.0,15.243916666666667,52.72538888888889
8889,126648525,1729170963.0,15.066361111111112,52.01188888888889
8890,126676095,1729175400.0,15.168166666666666,51.60327777777778
8891,126648655,1729184793.0,15.895583333333333,51.93844444444444
8892,126648640,1729170989.0,15.081904,52.312523
8893,126675178,1729175658.0,15.006222222222222,52.05255555555556
8894,126612907,1729172519.0,15.141305555555556,51.647555555555556
8895,126676333,1729267594.0,15.257805555555555,52.75975
8896,126648770,1729214614.0,15.750444444444444,52.3415
8897,126689595,1729275275.0,15.124055555555556,51.65375
8898,126695357,1729244220.0,15.118305555555555,51.803444444444445
8899,126689564,1729278000.0,14.626527777777778,52.38794444444444
8900,126689397,1729266318.0,15.322944444444444,51.61366666666667
8901,126689588,1729281278.0,15.86125,52.81438888888889
8902,126676034,1729229345.0,15.780777777777779,52.85486111111111
8903,126676204,1729247984.0,15.498083333333334,51.94247222222222
8904,126648918,1729230600.0,15.49761111111111,51.955416666666665
8905,126688078,1729235916.0,15.342194444444445,51.44705555555556
8906,126676263,1729261745.0,15.698638888888889,51.58555555555556
8907,126689525,1729270200.0,15.493055555555555,51.92655555555555
8908,126689151,1729255935.0,15.795222222222222,52.85413888888889
8909,126648960,1729241451.0,15.830361111111111,52.837944444444446
8910,126689319,1729260650.0,15.497805555555555,51.93725
8911,126689334,1729256299.0,15.846444444444444,52.05383333333333
8912,126681032,1729231200.0,15.484055555555555,51.930055555555555
8913,126689431,1729273080.0,15.717611111111111,51.685138888888886
8914,126806631,1729207800.0,15.038027777777778,52.58072222222222
8915,126689622,1729285674.0,15.6325,52.57263888888889
8916,126676299,1729270344.0,15.162888888888888,51.642805555555555
8917,126648949,1729233062.0,15.7045,51.65661111111111
8918,126691440,1729232100.0,15.499444444444444,51.91766666666667
8919,126702133,1729207800.0,15.038305555555555,52.58072222222222
8920,126689380,1729261440.0,15.485833333333334,52.24336111111111
8921,126689543,1729266459.0,15.599222222222222,52.08275
8922,126729272,1729249200.0,15.251388888888888,52.760666666666665
8923,126756959,1729263600.0,15.234972222222222,52.74475
8924,126689047,1729251160.0,16.24388888888889,51.71411111111111
8925,126684024,1729228235.0,14.584805555555555,52.340944444444446
8926,126613021,1729220146.0,14.63936111111111,52.580194444444444
8927,126689304,1729259793.0,15.340722222222222,52.79991666666667
8928,126689611,1729282401.0,14.871416666666667,52.67583333333333
8929,126689412,1729261962.0,15.228916666666667,52.699555555555555
8930,126689626,1729282444.0,14.914972222222222,52.768861111111114
8931,126689497,1729261996.0,15.235333333333333,52.74480555555556
8932,126648963,1729242290.0,15.71588888888889,51.80086111111111
8933,126613023,1729227046.0,15.105777777777778,52.028444444444446
8934,126688241,1729257986.0,15.151527777777778,52.74686111111111
8935,126648816,1729229155.0,15.716916666666666,51.770694444444445
8936,126689081,1729252885.0,15.268833333333333,52.75680555555556
8937,126688135,1729245142.0,15.126,51.639694444444444
8938,126806637,1729272900.0,15.290194444444445,52.77311111111111
8939,126691441,1729240800.0,15.513694444444445,51.936277777777775
8940,126676047,1729227060.0,14.797055555555556,52.421638888888886
8941,126704325,1729274400.0,15.492555555555555,51.93186111111111
8942,126676389,1729319173.0,14.70675,51.751555555555555
8943,126676434,1729335611.0,15.553472222222222,52.47891666666666
8944,126689796,1729324607.0,15.867611111111112,52.07330555555556
8945,126689875,1729328700.0,15.484666666666667,51.931916666666666
8946,126689965,1729337926.0,14.862527777777778,52.459
8947,126690018,1729335600.0,15.462388888888889,51.93258333333333
8948,126690225,1729347600.0,15.481,51.944583333333334
8949,126689951,1729336217.0,15.31161111111111,51.616527777777776
8950,126676437,1729326600.0,15.510361111111111,51.937
8951,126689004,1729324500.0,15.537944444444445,51.56661111111111
8952,126689851,1729332473.0,15.696361111111111,51.80736111111111
8953,126689903,1729330904.0,15.688777777777778,51.79841666666667
8954,126690258,1729358734.0,15.757055555555556,51.68586111111111
8955,126676649,1729374535.0,15.469027777777777,52.62288888888889
8956,126690026,1729340422.0,14.73686111111111,51.534333333333336
8957,126676515,1729349968.0,15.539861111111112,52.248777777777775
8958,126676502,1729347681.0,15.521888888888888,52.25669444444444
8959,126690105,1729348275.0,15.493972222222222,52.97522222222222
8960,126728822,1729368900.0,15.249888888888888,52.74438888888889
8961,126689856,1729332570.0,15.15911111111111,52.712
8962,126690039,1729342455.0,15.259166666666667,52.76013888888889
8963,126690101,1729344567.0,14.639555555555555,52.57966666666667
8964,126690288,1729347787.0,14.661111111111111,52.62105555555556
8965,126690278,1729356573.0,15.243472222222222,52.73363888888889
8966,126676400,1729329482.0,14.779305555555556,52.644222222222226
8967,126799171,1729351800.0,15.597583333333333,52.444583333333334
8968,126691443,1729333800.0,15.494694444444445,51.950472222222224
8969,126691061,1729457730.0,15.250277777777777,52.71827777777778
8970,126677007,1729448058.0,15.624972222222222,52.08275
8971,126691748,1729426500.0,15.476083333333333,51.930055555555555
8972,126676989,1729438200.0,15.527861111111111,51.94108333333333
8973,126691604,1729411200.0,15.535,51.928111111111114
8974,126693425,1729400100.0,15.315055555555556,51.626777777777775
8975,126676897,1729423988.0,14.580416666666666,52.381
8976,126690456,1729429089.0,14.643888888888888,52.57383333333333
8977,126676848,1729426620.0,15.47636111111111,51.93022222222222
8978,126676802,1729422600.0,15.343361111111111,51.84752777777778
8979,126676825,1729429782.0,15.494194444444444,51.93705555555555
8980,126676645,1729375680.0,15.807,52.27925
8981,126677002,1729446595.0,15.182611111111111,52.44847222222222
8982,126691767,1729429200.0,15.692527777777778,52.857083333333335
8983,126676910,1729432022.0,15.519527777777778,52.26125
8984,126690415,1729418613.0,15.10388888888889,52.05475
8985,126691046,1729445400.0,15.536055555555556,51.92761111111111
8986,126690561,1729461122.0,16.345264,51.791635
8987,126724550,1729447200.0,15.221277777777777,52.73941666666666
8988,126690443,1729425518.0,15.173083333333333,51.60583333333334
8989,126676807,1729428840.0,15.216472222222222,52.794555555555554
8990,126712569,1729501860.0,15.538305555555556,51.77761111111111
8991,126690967,1729516736.0,15.09525,51.438583333333334
8992,126690655,1729490100.0,15.716083333333334,51.79983333333333
8993,126692083,1729522342.0,14.590333333333334,52.33927777777778
8994,126691694,1729514700.0,15.71575,51.80125
8995,126688653,1729529523.0,15.123611111111112,51.65413888888889
8996,126692203,1729535092.0,14.612222222222222,52.32244444444444
8997,126688346,1729511866.0,15.051555555555556,51.72566666666667
8998,126688514,1729512900.0,15.563,51.925666666666665
8999,126691016,1729512900.0,15.512472222222222,51.936083333333336
9000,126688654,1729531800.0,15.56611111111111,51.97288888888889
9001,126690594,1729480080.0,14.611888888888888,52.32238888888889
9002,126691307,1729499175.0,15.0425,52.00044444444445
9003,126691402,1729494000.0,15.5015,51.91872222222222
9004,126688526,1729515600.0,15.419916666666667,51.90855555555556
9005,126690663,1729489800.0,15.412944444444445,51.983805555555556
9006,126690614,1729490177.0,14.726333333333333,51.955083333333334
9007,126693470,1729530600.0,14.602916666666667,52.34913888888889
9008,126688607,1729526400.0,15.502916666666668,51.93811111111111
9009,126690643,1729487400.0,15.504527777777778,51.85358333333333
9010,126688600,1729526018.0,15.503055555555555,51.938
9011,126692181,1729524871.0,15.6525,52.853833333333334
9012,126691292,1729502890.0,15.648944444444444,51.73352777777778
9013,126691321,1729481700.0,15.811944444444444,52.26258333333333
9014,126690761,1729497979.0,15.783222222222221,52.313722222222225
9015,126691407,1729507073.0,14.657388888888889,52.324194444444444
9016,126690674,1729495698.0,14.647222222222222,52.32525
9017,126691385,1729507915.0,14.951083333333333,52.65752777777778
9018,126691387,1729506485.0,15.213111111111111,52.73638888888889
9019,126692051,1729522741.0,15.243666666666666,52.742222222222225
9020,126690606,1729491867.0,14.646611111111111,52.589305555555555
9021,126692283,1729576255.0,15.616833333333334,52.07988888888889
9022,126691518,1729612800.0,15.524055555555556,51.958527777777775
9023,126691975,1729600500.0,15.50225,51.93980555555556
9024,126692671,1729611892.0,15.511055555555556,51.9445
9025,126692592,1729605600.0,15.527277777777778,51.93097222222222
9026,126692531,1729603036.0,15.540944444444445,52.88088888888889
9027,126692439,1729590355.0,14.608222222222222,52.34125
9028,126689019,1729589943.0,14.600055555555555,52.344388888888886
9029,126688797,1729568565.0,15.650722222222223,52.285916666666665
9030,126692251,1729577022.0,15.578916666666666,52.44563888888889
9031,126702047,1729576800.0,15.79138888888889,51.72655555555556
9032,126693252,1729610480.0,15.71438888888889,51.80280555555556
9033,126692542,1729599959.0,15.51613888888889,52.24205555555555
9034,126692515,1729602160.0,15.504083333333334,52.86286111111111
9035,126688903,1729588311.0,14.587472222222223,52.34005555555556
9036,126695464,1729598400.0,15.534611111111111,51.93747222222222
9037,126691501,1729609390.0,15.137611111111111,51.53805555555556
9038,126692422,1729590678.0,15.782027777777778,52.567861111111114
9039,126702144,1729602000.0,15.7105,52.26891666666667
9040,126692702,1729620480.0,15.623305555555556,52.09352777777778
9041,126724548,1729605600.0,15.209833333333334,52.74086111111111
9042,126692603,1729603884.0,15.201472222222222,52.73844444444445
9043,126716671,1729626600.0,15.549805555555556,51.936277777777775
9044,126692213,1729552755.0,15.250583333333333,52.71888888888889
9045,126692257,1729577084.0,15.244,52.74625
9046,126692371,1729588496.0,15.2325,52.74075
9047,126688866,1729585140.0,15.247194444444444,52.75816666666667
9048,126693158,1729602495.0,15.168611111111112,52.74297222222222
9049,126691823,1729670210.0,15.566277777777778,51.97391666666667
9050,126693697,1729707351.0,14.76325,51.95744444444445
9051,126691853,1729687336.0,14.76325,51.558166666666665
9052,126694045,1729682262.0,15.12861111111111,51.632333333333335
9053,126693660,1729697476.0,15.666527777777778,52.575833333333335
9054,126691792,1729686956.0,15.850222222222222,52.22152777777778
9055,126724553,1729689600.0,15.252638888888889,52.719027777777775
9056,126693593,1729690997.0,15.577833333333333,52.449194444444444
9057,126692954,1729675044.0,15.578027777777777,52.458222222222226
9058,126706744,1729669500.0,15.513805555555555,51.948388888888886
9059,126693530,1729682981.0,15.497277777777779,52.592333333333336
9060,126693463,1729663672.0,14.947444444444445,51.493722222222225
9061,126692941,1729679050.0,15.828777777777777,52.835861111111114
9062,126692803,1729664742.0,15.386916666666666,52.26902777777778
9063,126693316,1729657798.0,16.312821,51.787563
9064,126693421,1729671512.0,14.761388888888888,52.405944444444444
9065,126692750,1729639732.0,14.88675,51.63627777777778
9066,126693444,1729673645.0,14.568888888888889,52.34883333333333
9067,126699079,1729682100.0,15.501472222222223,51.936166666666665
9068,126693586,1729691018.0,15.514,51.94577777777778
9069,126692796,1729658700.0,15.500638888888888,51.95019444444444
9070,126692835,1729661713.0,15.61411111111111,51.474555555555554
9071,126743491,1729683600.0,15.098083333333333,52.039833333333334
9072,126691813,1729691160.0,15.123611111111112,52.44152777777778
9073,126691919,1729715788.0,15.37417,52.387856
9074,126691622,1729663844.0,15.502138888888888,51.939305555555556
9075,126695454,1729681260.0,15.506444444444444,51.936305555555556
9076,126694303,1729720200.0,15.495083333333334,51.93597222222222
9077,126704331,1729689600.0,15.512277777777777,51.93688888888889
9078,126693374,1729659900.0,15.320638888888888,52.14313888888889
9079,126694268,1729701196.0,15.23563888888889,52.737138888888886
9080,126691559,1729652296.0,14.777583333333334,52.65083333333333
9081,126693636,1729696369.0,15.783277777777778,51.99186111111111
9082,126693783,1729692000.0,15.125055555555555,51.639583333333334
9083,126693583,1729686684.0,15.653777777777778,52.74322222222222
9084,126691897,1729707464.0,15.370694444444444,51.59780555555555
9085,126695252,1729776470.0,16.219591,51.752365
9086,126693752,1729750723.0,15.688944444444445,51.86108333333333
9087,126691942,1729743135.0,15.580444444444444,52.837361111111115
9088,126695240,1729778441.0,15.709666666666667,51.80338888888889
9089,126700203,1729758000.0,15.321166666666667,51.983805555555556
9090,126699379,1729720800.0,15.455861111111112,51.845055555555554
9091,126694785,1729787126.0,15.7225,51.80688888888889
9092,126695205,1729766160.0,15.473583333333334,51.9435
9093,126694473,1729759640.0,15.497694444444445,51.95536111111111
9094,126694502,1729764714.0,15.2025,51.638666666666666
9095,126693988,1729772700.0,15.47936111111111,51.93097222222222
9096,126694316,1729728060.0,15.53575,51.56238888888889
9097,126695201,1729767641.0,15.528694444444444,52.877805555555554
9098,126694554,1729768746.0,15.541527777777778,52.89044444444444
9099,126694880,1729783163.0,15.819194444444445,51.95547222222222
9100,126694323,1729742340.0,15.009305555555555,51.75175
9101,126695215,1729776487.0,14.727666666666666,51.94683333333333
9102,126693922,1729765200.0,15.499305555555555,51.93994444444444
9103,126694688,1729779800.0,15.539388888888888,52.248555555555555
9104,126694742,1729781100.0,15.2495,51.801611111111114
9105,126695308,1729778100.0,15.513944444444444,51.93575
9106,126694736,1729784885.0,15.166284,52.447525
9107,126834098,1729760100.0,15.265444444444444,51.62880555555556
9108,126691958,1729743436.0,15.287555555555556,52.77113888888889
9109,126694339,1729744342.0,14.681055555555556,52.605472222222225
9110,126694685,1729780938.0,15.232972222222223,52.74475
9111,126694867,1729802178.0,15.280416666666667,52.766083333333334
9112,126691933,1729738860.0,14.816166666666666,52.65819444444445
9113,126693747,1729748994.0,15.287444444444445,52.771277777777776
9114,126693789,1729750292.0,15.2375,52.76275
9115,126697371,1729863812.0,14.983339,52.569939
9116,126694928,1729834416.0,15.63036111111111,52.21511111111111
9117,126696424,1729858127.0,15.296861111111111,52.33383333333333
9118,126697425,1729876584.0,15.534166666666668,52.260444444444445
9119,126695494,1729840850.0,16.014305555555556,51.902
9120,126697124,1729852770.0,15.71925,51.80222222222222
9121,126696448,1729887030.0,15.531694444444444,52.26038888888889
9122,126727157,1729839600.0,15.58788888888889,51.9345
9123,126695642,1729860391.0,14.738888888888889,52.25911111111111
9124,126697331,1729867407.0,15.139555555555555,51.644083333333334
9125,126695554,1729844440.0,15.123722222222222,51.65413888888889
9126,126695007,1729843816.0,15.077166666666667,52.01266666666667
9127,126697024,1729836778.0,15.831138888888889,52.835972222222225
9128,126696278,1729858519.0,15.092666666666666,52.062305555555554
9129,126696384,1729867487.0,15.469166666666666,52.25641666666667
9130,126698275,1729870200.0,15.48638888888889,51.935833333333335
9131,126696182,1729847057.0,15.846694444444445,52.77075
9132,126694986,1729838291.0,15.097777777777777,52.03841666666667
9133,126728763,1729864800.0,15.278222222222222,52.76247222222222
9134,126728241,1729876500.0,15.238416666666666,52.72911111111111
9135,126699357,1729882800.0,15.491833333333334,51.94719444444444
9136,126697294,1729863600.0,15.515722222222223,51.936638888888886
9137,126697092,1729850400.0,15.525666666666666,51.95858333333334
9138,126696126,1729841273.0,15.244916666666667,52.724
9139,126696270,1729853400.0,15.480083333333333,51.93913888888889
9140,126697268,1729849200.0,15.12186111111111,52.7005
9141,126697164,1729852200.0,15.49463888888889,51.9615
9142,126696208,1729849800.0,15.50313888888889,51.93355555555556
9143,126695572,1729852420.0,15.002777777777778,51.75116666666667
9144,126697173,1729853839.0,15.243388888888889,52.73330555555555
9145,126697344,1729865728.0,14.634611111111111,52.59936111111111
9146,126696289,1729861206.0,15.211277777777777,52.73594444444444
9147,126697162,1729856625.0,14.639583333333333,52.57977777777778
9148,126695689,1729869409.0,15.238388888888888,52.73302777777778
9149,126697446,1729881476.0,14.83788888888889,52.343472222222225
9150,126696313,1729863051.0,15.19725,52.73755555555555
9151,126806645,1729845600.0,15.076666666666666,52.82055555555556
9152,126696656,1729961642.0,14.775527777777778,52.64172222222222
9153,126697718,1729941461.0,15.157916666666667,51.634027777777774
9154,126695849,1729921575.0,15.478638888888888,52.25333333333333
9155,126697624,1729935538.0,14.561555555555556,52.352333333333334
9156,126695928,1729944416.0,15.851555555555555,51.87558333333333
9157,126696489,1729907021.0,15.675805555555556,51.836194444444445
9158,126697636,1729937347.0,15.922166666666667,51.88227777777778
9159,126697757,1729948770.0,15.613944444444444,52.032472222222225
9160,126696642,1729962393.0,16.32025,51.80169444444444
9161,126696558,1729945980.0,15.6595,51.79108333333333
9162,126697760,1729947797.0,15.705527777777778,51.79825
9163,126698032,1729975344.0,15.748888888888889,51.68519444444444
9164,126757240,1729941420.0,15.099916666666667,52.05502777777778
9165,126695926,1729940121.0,16.250607,51.721924
9166,126749167,1729966800.0,15.238888888888889,52.74477777777778
9167,126695895,1729938755.0,15.169694444444444,51.64797222222222
9168,126696532,1729937350.0,15.637,52.30419444444444
9169,126697589,1729929761.0,15.673666666666666,52.297777777777775
9170,126771570,1729935000.0,15.309555555555555,51.98652777777778
9171,126699478,1729951200.0,15.13025,51.63436111111111
9172,126771361,1729917000.0,15.545166666666667,52.87961111111111
9173,126697940,1729969756.0,15.234222222222222,52.71808333333333
9174,126696481,1729897361.0,15.36575,51.48283333333333
9175,126697754,1729938452.0,15.563333333333333,52.44277777777778
9176,126696008,1729953600.0,15.511944444444444,51.934916666666666
9177,126695882,1729934152.0,15.577777777777778,52.44386111111111
9178,126697600,1729935883.0,14.889833333333334,52.67075
9179,126697643,1729937503.0,15.220083333333333,51.52319444444444
9180,126696637,1729945800.0,15.492444444444445,51.94302777777778
9181,126697546,1729916100.0,15.673,51.946777777777775
9182,126696526,1729938070.0,15.270583333333333,52.76277777777778
9183,126699231,1729954800.0,15.494833333333334,51.92836111111111
9184,126806685,1729929600.0,15.77063888888889,51.99283333333333
9185,126698454,1730046355.0,15.1585,52.74788888888889
9186,126698260,1730031227.0,15.688222222222223,51.80166666666667
9187,126699149,1730027100.0,15.707583333333334,51.825805555555554
9188,126698677,1730054297.0,15.288444444444444,51.986472222222226
9189,126698476,1730046355.0,15.703583333333333,51.80425
9190,126728231,1730027400.0,15.25536111111111,52.734138888888886
9191,126698092,1730008966.0,15.684833333333334,52.57405555555555
9192,126698645,1730052766.0,15.307305555555555,52.674527777777776
9193,126698563,1730052487.0,15.81863888888889,52.35213888888889
9194,126698358,1730034300.0,15.433722222222222,51.94116666666667
9195,126698154,1730020500.0,15.524833333333333,51.9575
9196,126698262,1730025704.0,15.379666666666667,52.649055555555556
9197,126803656,1730103540.0,15.486361111111112,51.95758333333333
9198,126701096,1730126761.0,16.317,51.80408333333333
9199,126706748,1730124000.0,15.478583333333333,51.93677777777778
9200,126700510,1730128022.0,14.615444444444444,52.32505555555556
9201,126700216,1730105828.0,15.695222222222222,51.80688888888889
9202,126701209,1730127300.0,15.518916666666666,51.95005555555556
9203,126700682,1730128053.0,15.493555555555556,51.940194444444444
9204,126700693,1730143800.0,15.568277777777778,51.983444444444444
9205,126700597,1730127600.0,15.490388888888889,51.96911111111111
9206,126700310,1730112900.0,15.492277777777778,51.929611111111114
9207,126698882,1730109600.0,15.495472222222222,51.95086111111111
9208,126699209,1730127600.0,15.703777777777777,51.809916666666666
9209,126701063,1730126981.0,15.486472222222222,51.70713888888889
9210,126701833,1730133000.0,15.734,51.79558333333333
9211,126701237,1730143800.0,15.568277777777778,51.983444444444444
9212,126698857,1730107500.0,15.247111111111112,51.80244444444445
9213,126698785,1730105332.0,15.53513888888889,51.928111111111114
9214,126701042,1730119716.0,15.136472222222222,51.63677777777778
9215,126701058,1730124994.0,15.540027777777778,52.54277777777778
9216,126718182,1730094780.0,15.226083333333333,51.57341666666667
9217,126728248,1730120400.0,15.20475,52.736555555555555
9218,126700541,1730130840.0,15.638666666666667,52.09177777777778
9219,126699210,1730128200.0,15.5375,52.24788888888889
9220,126700636,1730132475.0,15.134972222222222,51.63772222222222
9221,126698991,1730120729.0,14.73225,51.54161111111111
9222,126700569,1730130766.0,15.134083333333333,51.636944444444445
9223,126700570,1730132906.0,15.548638888888888,52.25566666666667
9224,126698752,1730102937.0,15.258055555555556,52.76025
9225,126698709,1730095970.0,15.231194444444444,52.757694444444446
9226,126700559,1730131440.0,15.53111111111111,52.87786111111111
9227,126701098,1730131010.0,15.23,52.77372222222222
9228,126698758,1730100587.0,14.77775,52.650527777777775
9229,126700701,1730126760.0,15.10361111111111,52.05397222222222
9230,126701052,1730127219.0,14.563805555555556,52.34858333333333
9231,126700518,1730126092.0,14.55936111111111,52.35886111111111
9232,126700447,1730124243.0,15.424805555555556,51.594166666666666
9233,126700906,1730195099.0,15.248027777777779,52.75794444444445
9234,126701529,1730202000.0,15.544333333333334,51.8735
9235,126702524,1730227165.0,15.550027777777778,52.106
9236,126814717,1730214600.0,15.254472222222223,52.757222222222225
9237,126704358,1730200800.0,15.28438888888889,51.815666666666665
9238,126702083,1730209020.0,15.533333333333333,52.245583333333336
9239,126706757,1730201400.0,15.527666666666667,51.94413888888889
9240,126701541,1730204334.0,15.113583333333333,52.05686111111111
9241,126702415,1730224714.0,15.250166666666667,52.718666666666664
9242,126702128,1730202809.0,15.625388888888889,52.82066666666667
9243,126700953,1730198134.0,15.578222222222223,52.441944444444445
9244,126702408,1730212200.0,16.313666666666666,51.80911111111111
9245,126700737,1730179468.0,15.113,52.024055555555556
9246,126702108,1730207969.0,15.124333333333333,51.639805555555554
9247,126701265,1730171880.0,15.133138888888888,51.63861111111111
9248,126704341,1730200500.0,15.506361111111111,51.935722222222225
9249,126702274,1730218220.0,15.263555555555556,52.70005555555556
9250,126702534,1730238923.0,15.699333333333334,51.827888888888886
9251,126708280,1730210400.0,15.605361111111112,51.74497222222222
9252,126701732,1730239839.0,14.827861111111112,51.64861111111111
9253,126702380,1730190600.0,15.501861111111111,51.956805555555555
9254,126702392,1730218860.0,14.79775,51.62175
9255,126704345,1730200800.0,15.488138888888889,51.963388888888886
9256,126702098,1730208459.0,15.19675,51.57383333333333
9257,126706031,1730208000.0,15.597416666666666,51.73927777777778
9258,126702739,1730184600.0,16.319805555555554,51.80694444444445
9259,126701583,1730207403.0,15.13675,51.63730555555556
9260,126702543,1730237253.0,15.593694444444445,51.74552777777778
9261,126701386,1730186400.0,15.496166666666667,51.951277777777776
9262,126706765,1730214000.0,15.514333333333333,51.94705555555556
9263,126728752,1730189460.0,15.23611111111111,52.74738888888889
9264,126701522,1730203383.0,15.243083333333333,52.73375
9265,126701289,1730178079.0,16.203268,51.772156
9266,126700964,1730197399.0,15.24475,52.74572222222222
9267,126701266,1730177139.0,15.24163888888889,52.72841666666667
9268,126702053,1730204559.0,15.170998,52.447788
9269,126701486,1730200196.0,15.118,52.43302777777778
9270,126704198,1730323368.0,15.069897,52.588865
9271,126702660,1730271600.0,15.508611111111112,51.90852777777778
9272,126701736,1730249079.0,15.033765,52.330033
9273,126701965,1730297590.0,15.134527777777778,51.654555555555554
9274,126703215,1730306100.0,15.606472222222223,51.70280555555556
9275,126704201,1730321937.0,14.839,51.79761111111111
9276,126702619,1730266453.0,15.357666666666667,51.62647222222222
9277,126703259,1730308667.0,14.639666666666667,52.579861111111114
9278,126702999,1730291700.0,15.516916666666667,51.93527777777778
9279,126706769,1730269800.0,15.514416666666667,51.957861111111114
9280,126703187,1730301305.0,15.501444444444445,51.935944444444445
9281,126704160,1730304000.0,15.527416666666667,51.94413888888889
9282,126701979,1730299379.0,16.31652777777778,51.81005555555556
9283,126703330,1730320739.0,14.776083333333334,52.66305555555556
9284,126702631,1730267064.0,15.16011111111111,52.74630555555556
9285,126701868,1730285366.0,15.256027777777778,52.73780555555555
9286,126701970,1730297954.0,15.240583333333333,52.72886111111111
9287,126704150,1730308740.0,15.2335,52.73361111111111
9288,126702566,1730259420.0,15.6785,51.795722222222224
9289,126703132,1730298600.0,15.512944444444445,51.93380555555556
9290,126703271,1730312626.0,15.228916666666667,52.766
9291,126702578,1730263065.0,15.15625,51.621722222222225
9292,126703167,1730300630.0,15.557166666666667,51.938694444444444
9293,126702756,1730278800.0,15.502055555555556,51.851416666666665
9294,126702011,1730301564.0,14.562222222222221,52.349111111111114
9295,126703131,1730294934.0,14.65188888888889,52.489805555555556
9296,126702729,1730276968.0,15.009287,52.628933
9297,126703681,1730291100.0,15.61675,52.96575
9298,126743579,1730273040.0,15.112916666666667,52.05572222222222
9299,126703155,1730298489.0,15.27186111111111,51.75061111111111
9300,126702671,1730270579.0,15.891416666666666,52.82172222222222
9301,126728238,1730296800.0,15.256555555555556,52.73775
9302,126724544,1730313600.0,15.134444444444444,52.46613888888889
9303,126729264,1730289000.0,15.259555555555556,52.76080555555556
9304,126702761,1730280400.0,15.553027777777778,51.564083333333336
9305,126699650,1730389153.0,15.7815,51.73430555555556
9306,126708552,1730370900.0,16.069777777777777,51.872
9307,126708499,1730385600.0,15.5165,51.93538888888889
9308,126699721,1730408100.0,15.48386111111111,51.93947222222222
9309,126699571,1730371500.0,15.695611111111111,51.80822222222222
9310,126704242,1730337188.0,14.727083333333333,51.946583333333336
9311,126703422,1730355249.0,15.505055555555556,52.32055555555556
9312,126704640,1730380923.0,15.552444444444445,51.93116666666667
9313,126703757,1730378400.0,15.465972222222222,51.95927777777778
9314,126703672,1730373370.0,15.231972222222222,52.69730555555556
9315,126703544,1730364171.0,15.268611111111111,52.74111111111111
9316,126703836,1730387114.0,14.569,52.358472222222225
9317,126703904,1730397423.0,14.765972222222222,52.34463888888889
9318,126703815,1730383308.0,15.015444444444444,51.74805555555555
9319,126707925,1730371500.0,15.520083333333334,51.946777777777775
9320,126704460,1730373258.0,15.69075,51.68288888888889
9321,126704585,1730382070.0,14.853833333333334,52.397333333333336
9322,126704247,1730348640.0,16.081416666666666,51.872166666666665
9323,126699644,1730389379.0,15.047416666666667,51.56402777777778
9324,126703486,1730364600.0,15.508277777777778,51.94258333333333
9325,126699519,1730363760.0,15.417861111111112,51.98236111111111
9326,126704378,1730366384.0,15.700972222222223,51.80663888888889
9327,126703361,1730333520.0,15.671305555555556,51.60127777777778
9328,126699641,1730396610.0,15.708527777777778,51.816694444444444
9329,126703955,1730396578.0,14.979138888888889,51.82180555555556
9330,126704629,1730387566.0,15.569222222222223,52.43877777777778
9331,126708004,1730365200.0,15.138055555555555,51.63805555555555
9332,126704526,1730378354.0,14.821305555555556,52.34752777777778
9333,126704621,1730380271.0,15.154472222222223,51.68358333333333
9334,126728225,1730356200.0,15.198555555555556,52.735194444444446
9335,126704687,1730385838.0,15.817166666666667,51.72580555555555
9336,126716672,1730401200.0,15.530916666666666,51.934305555555554
9337,126806667,1730361900.0,14.933222222222222,52.65777777777778
9338,126724546,1730392200.0,15.23386111111111,52.73711111111111
9339,126704590,1730377200.0,15.616277777777778,52.06366666666667
9340,126699794,1730444015.0,15.213527777777777,52.73247222222222
9341,126706086,1730496772.0,15.218277777777777,52.736666666666665
9342,126703991,1730437226.0,15.204027777777778,52.77602777777778
9343,126705144,1730480461.0,15.61961111111111,52.90525
9344,126705183,1730485229.0,15.69363888888889,52.758722222222225
9345,126705222,1730493282.0,15.116277777777778,52.09319444444444
9346,126699780,1730429100.0,14.774916666666666,52.288666666666664
9347,126706059,1730485658.0,15.42313888888889,52.51763888888889
9348,126705080,1730460600.0,15.466222222222223,51.94102777777778
9349,126699894,1730457721.0,15.298305555555556,52.33638888888889
9350,126706090,1730494665.0,15.717555555555556,51.80127777777778
9351,126704937,1730461688.0,14.898138888888889,51.60333333333333
9352,126709309,1730462400.0,15.534555555555556,52.879333333333335
9353,126705288,1730487600.0,15.503388888888889,51.96061111111111
9354,126705245,1730497680.0,15.261709,52.285461
9355,126705185,1730481271.0,15.084741,52.318128
9356,126717739,1730458800.0,15.611583333333334,51.75505555555556
9357,126704865,1730421476.0,15.229444444444445,52.737027777777776
9358,126706120,1730484000.0,15.503388888888889,51.96052777777778
9359,126705203,1730477400.0,15.560138888888888,51.944722222222225
9360,126699983,1730475154.0,15.237722222222223,52.751083333333334
9361,126704035,1730460000.0,15.827428,52.271637
9362,126706048,1730472577.0,15.244388888888889,52.75661111111111
9363,126705342,1730543228.0,15.197416666666667,52.73902777777778
9364,126705628,1730566200.0,15.531444444444444,51.95794444444444
9365,126705383,1730545764.0,14.565416666666668,52.34886111111111
9366,126705453,1730544561.0,15.533,52.260666666666665
9367,126706401,1730564180.0,15.156277777777778,51.68258333333333
9368,126705387,1730544251.0,15.175,51.71277777777778
9369,126706105,1730525510.0,15.207833333333333,51.92194444444444
9370,126705561,1730561774.0,14.56636111111111,52.351277777777774
9371,126705546,1730561118.0,15.372166666666667,51.5975
9372,126705512,1730552079.0,15.816888888888888,52.24294444444445
9373,126705530,1730555625.0,15.15038888888889,51.638777777777776
9374,126705476,1730552040.0,15.269666666666666,51.56963888888889
9375,126705376,1730542691.0,16.318805555555556,51.80608333333333
9376,126706178,1730541710.0,15.720305555555555,51.807722222222225
9377,126706298,1730553862.0,14.724527777777778,51.94175
9378,126708437,1730559060.0,15.3525,51.611
9379,126706461,1730575448.0,15.172416666666667,52.742305555555554
9380,126705290,1730531896.0,16.250486,51.721851
9381,126718115,1730581200.0,15.444944444444445,51.553555555555555
9382,126705590,1730563200.0,15.479472222222222,51.939277777777775
9383,126829581,1730555700.0,,
9384,126706440,1730565194.0,15.241138888888889,52.72852777777778
9385,126706161,1730540206.0,14.967888888888888,52.65863888888889
9386,126707363,1730644800.0,14.63861111111111,52.32608333333334
9387,126708084,1730652000.0,15.535083333333333,52.248194444444444
9388,126707095,1730671483.0,15.765,51.79611111111111
9389,126705948,1730659641.0,15.637694444444444,51.88297222222222
9390,126706696,1730658240.0,16.100105,51.94725
9391,126707392,1730651400.0,14.958388888888889,52.58925
9392,126706704,1730656504.0,14.607,52.32897222222222
9393,126707415,1730646900.0,14.558527777777778,52.35627777777778
9394,126705807,1730632051.0,14.864277777777778,52.33808333333333
9395,126707947,1730642400.0,15.721444444444444,51.80261111111111
9396,126705960,1730663139.0,15.531416666666667,52.44016666666667
9397,126707055,1730656330.0,15.015638888888889,51.75486111111111
9398,126708262,1730654400.0,15.310333333333332,51.61625
9399,126724622,1730647800.0,15.214472222222222,52.75380555555556
9400,126773600,1730640300.0,15.10586111111111,51.94855555555556
9401,126806717,1730656800.0,14.900472222222222,52.673722222222224
9402,126706811,1730705226.0,15.69575,51.80638888888889
9403,126724464,1730674800.0,15.41825,51.922472222222225
9404,126707838,1730747558.0,14.95264,52.341579
9405,126707013,1730731574.0,15.298194444444444,52.6975
9406,126707705,1730727933.0,15.881694444444445,51.906555555555556
9407,126707365,1730714980.0,14.565166666666666,52.34880555555556
9408,126707811,1730750744.0,15.406222222222222,51.81563888888889
9409,126707569,1730723781.0,15.564722222222223,51.72752777777778
9410,126707190,1730705158.0,15.682444444444444,51.79741666666666
9411,126706792,1730703407.0,14.60361111111111,52.32011111111111
9412,126707115,1730695856.0,15.201694444444444,52.73875
9413,126706830,1730704813.0,15.563166666666667,52.442861111111114
9414,126706898,1730718445.0,15.24461111111111,52.74988888888889
9415,126707495,1730721626.0,15.228694444444445,52.73738888888889
9416,126706894,1730718000.0,15.619777777777777,52.08244444444444
9417,126707602,1730727600.0,15.524555555555555,51.93266666666667
9418,126707454,1730718900.0,15.48113888888889,51.936305555555556
9419,126709145,1730748380.0,15.542666666666667,52.25866666666667
9420,126707017,1730727000.0,15.4935,51.93994444444444
9421,126707109,1730690414.0,15.559944444444444,51.68066666666667
9422,126709184,1730748568.0,15.537833333333333,51.90047222222222
9423,126709124,1730734200.0,15.480083333333333,51.93897222222222
9424,126707357,1730712479.0,15.563944444444445,51.79113888888889
9425,126707737,1730728800.0,15.498138888888889,51.92477777777778
9426,126707589,1730723889.0,15.168611111111112,52.74316666666667
9427,126707419,1730716478.0,15.134194444444445,51.636916666666664
9428,126706709,1730677281.0,15.060451,52.314347
9429,126707036,1730729118.0,15.496611111111111,51.95802777777778
9430,126707598,1730723400.0,15.493472222222222,51.94005555555555
9431,126708594,1730711220.0,15.16638888888889,51.641194444444444
9432,126707729,1730737235.0,15.244916666666667,52.7515
9433,126707763,1730737269.0,15.2515,52.76072222222222
9434,126709153,1730738251.0,15.236722222222221,52.748083333333334
9435,126708137,1730716177.0,15.589277777777777,52.44427777777778
9436,126708502,1730707200.0,15.489055555555556,51.954388888888886
9437,126707687,1730730180.0,14.952305555555556,51.78786111111111
9438,126742049,1730730600.0,15.116,52.090583333333335
9439,126707835,1730751384.0,14.630722222222222,52.32636111111111
9440,126709178,1730750454.0,15.46486111111111,51.9335
9441,126783233,1730709720.0,15.619083333333334,51.926833333333335
9442,126708216,1730725860.0,15.243222222222222,52.73411111111111
9443,126707316,1730704749.0,15.752638888888889,52.96991666666667
9444,126718112,1730723400.0,15.831944444444444,52.17652777777778
9445,126707499,1730706600.0,15.50763888888889,51.94175
9446,126707575,1730728350.0,14.897361111111111,52.673
9447,126769937,1730728200.0,14.897361111111111,52.673
9448,126707478,1730719049.0,16.316194444444445,51.80152777777778
9449,126707775,1730745303.0,15.049888888888889,51.56861111111111
9450,126709132,1730743264.0,15.24086111111111,52.72858333333333
9451,126707029,1730733022.0,15.16793,52.31366
9452,126707657,1730727297.0,15.235722222222222,52.73294444444444
9453,126707690,1730732450.0,15.235944444444444,52.704
9454,126707973,1730791568.0,16.137264,51.848965
9455,126748076,1730790000.0,15.246277777777777,52.73908333333333
9456,126709529,1730815493.0,15.497166666666667,51.95319444444444
9457,126709584,1730814360.0,15.75275,51.91925
9458,126709708,1730839234.0,15.363611111111112,52.19155555555555
9459,126709418,1730803006.0,15.256833333333333,52.738166666666665
9460,126708507,1730778600.0,14.891555555555556,51.62352777777778
9461,126709364,1730799055.0,16.329573,51.801933
9462,126707914,1730790960.0,14.665944444444445,52.594388888888886
9463,126708001,1730797252.0,14.991222222222222,51.71761111111111
9464,126707911,1730791625.0,15.230777777777778,52.73175
9465,126710169,1730804553.0,16.284489,51.739487
9466,126709228,1730788920.0,14.653305555555555,52.32505555555556
9467,126709495,1730804026.0,15.54875,51.94552777777778
9468,126710199,1730799000.0,15.631694444444445,51.885444444444445
9469,126709338,1730798254.0,15.238333333333333,52.73308333333333
9470,126709544,1730814360.0,14.790166666666666,51.98561111111111
9471,126712607,1730784600.0,15.753805555555555,52.92936111111111
9472,126709703,1730842905.0,15.673777777777778,51.67611111111111
9473,126710354,1730822021.0,15.25075,52.75791666666667
9474,126710311,1730821293.0,15.197666666666667,52.73869444444445
9475,126709334,1730798770.0,14.65275,52.32530555555556
9476,126710336,1730822574.0,15.810888888888888,52.563472222222224
9477,126709375,1730803573.0,15.581833333333334,52.44063888888889
9478,126710333,1730821484.0,15.275305555555555,52.74438888888889
9479,126709647,1730824639.0,15.25836111111111,52.76025
9480,126709484,1730813109.0,15.685722222222223,52.26455555555555
9481,126709665,1730832869.0,15.863416666666666,52.36738888888889
9482,126709594,1730821667.0,15.001472222222223,51.67041666666667
9483,126709926,1730802600.0,15.521138888888888,51.950361111111114
9484,126709710,1730845303.0,14.941805555555556,52.788833333333336
9485,126806657,1730787900.0,14.935277777777777,52.78586111111111
9486,126806850,1730824200.0,15.201194444444445,52.73675
9487,126710026,1730904720.0,14.561,52.35241666666667
9488,126710891,1730906580.0,16.178669,51.847446
9489,126710858,1730908358.0,15.23611111111111,52.734027777777776
9490,126710778,1730894112.0,14.55861111111111,52.35647222222222
9491,126709828,1730878071.0,15.832055555555556,51.95005555555556
9492,126710500,1730872310.0,15.37813888888889,51.55938888888889
9493,126710785,1730898433.0,15.572527777777777,52.440222222222225
9494,126710586,1730880804.0,15.527333333333333,52.87855555555556
9495,126709976,1730899649.0,15.061055555555555,51.55308333333333
9496,126709844,1730886297.0,15.324222222222222,51.61427777777778
9497,126711158,1730913875.0,15.2275,52.74333333333333
9498,126710014,1730898699.0,15.7175,51.80138888888889
9499,126710671,1730883300.0,15.86186111111111,52.0675
9500,126711200,1730920932.0,15.5425,52.54183333333334
9501,126710474,1730847965.0,14.876194444444444,51.785916666666665
9502,126709818,1730883254.0,15.255555555555556,52.734
9503,126739097,1730874000.0,15.5085,51.94130555555556
9504,126710756,1730899994.0,15.798833333333333,52.014944444444446
9505,126710626,1730885620.0,15.159972222222223,52.71458333333333
9506,126708676,1730876400.0,15.49388888888889,51.93577777777778
9507,126712209,1730869200.0,16.234833333333334,51.70491666666667
9508,126711066,1730906400.0,15.52288888888889,51.95869444444445
9509,126710854,1730907600.0,15.5085,51.93863888888889
9510,126710784,1730900746.0,15.313916666666668,51.61708333333333
9511,126718190,1730905200.0,15.597861111111111,51.66352777777778
9512,126709888,1730885050.0,14.671916666666666,52.561638888888886
9513,126711254,1730954915.0,14.933527777777778,52.53216666666667
9514,126711026,1730962200.0,15.47936111111111,51.94061111111111
9515,126711542,1730986800.0,14.595222222222223,52.31758333333333
9516,126765360,1730988000.0,15.213333333333333,52.736111111111114
9517,126711337,1730970360.0,14.734861111111112,51.54188888888889
9518,126711705,1731003683.0,16.117149,51.818108
9519,126712195,1730974839.0,15.520333333333333,51.939527777777776
9520,126711300,1730963009.0,15.618972222222222,51.96980555555555
9521,126712317,1730991600.0,14.583861111111112,52.34602777777778
9522,126711429,1730980560.0,14.901833333333332,52.335166666666666
9523,126711531,1730988580.0,15.131972222222222,51.633694444444444
9524,126712048,1730965922.0,15.23825,52.7455
9525,126711538,1730989980.0,15.539916666666667,52.248777777777775
9526,126712440,1731005917.0,15.729527777777777,51.75752777777778
9527,126711364,1730971994.0,15.179527777777778,51.554805555555554
9528,126711348,1730962980.0,15.251388888888888,52.74513888888889
9529,126712092,1730970499.0,14.649805555555556,52.58572222222222
9530,126712183,1730978269.0,14.723027777777778,51.948972222222224
9531,126711397,1730975659.0,15.49461111111111,52.857305555555556
9532,126710968,1730936828.0,14.96475,51.61086111111111
9533,126711697,1731006437.0,15.250388888888889,52.71861111111111
9534,126711573,1730989296.0,15.413777777777778,52.82544444444444
9535,126711510,1730988129.0,15.2435,52.74619444444444
9536,126712284,1730991600.0,15.623888888888889,52.08361111111111
9537,126724531,1730998800.0,15.24125,52.728
9538,126708637,1730950500.0,14.645583333333333,52.573027777777774
9539,126816753,1730994840.0,15.118,52.44277777777778
9540,126806708,1730934000.0,15.857333333333333,52.07102777777778
9541,126713091,1731079440.0,16.297897,51.748066
9542,126711764,1731041100.0,15.493,51.889944444444446
9543,126712836,1731057909.0,15.478527777777778,51.55722222222222
9544,126713098,1731083100.0,15.514111111111111,51.936277777777775
9545,126712949,1731085906.0,14.772055555555555,52.19119444444444
9546,126714162,1731106665.0,14.652916666666666,52.32413888888889
9547,126713214,1731091703.0,15.891277777777777,52.81397222222222
9548,126713005,1731091329.0,15.237722222222223,52.730777777777774
9549,126764021,1731042000.0,15.242833333333333,52.749027777777776
9550,126712600,1731054900.0,15.502833333333333,51.94005555555555
9551,126714119,1731093300.0,15.505583333333334,51.88616666666667
9552,126712926,1731083220.0,16.315333333333335,51.80905555555555
9553,126713193,1731094822.0,15.585611111111112,52.89786111111111
9554,126711991,1731071376.0,15.782583333333333,52.567861111111114
9555,126712676,1731062119.0,14.640583333333334,52.580333333333336
9556,126712823,1731071320.0,15.13413888888889,51.6545
9557,126712848,1731081127.0,15.83788888888889,52.83261111111111
9558,126714055,1731083300.0,14.994722222222222,51.992555555555555
9559,126711863,1731057036.0,15.534333333333333,52.23491666666666
9560,126712796,1731072651.0,15.14636111111111,51.64008333333334
9561,126712505,1731041745.0,15.83525,52.848
9562,126748165,1731049200.0,15.250416666666666,52.762
9563,126806713,1731092400.0,15.612916666666667,52.07861111111111
9564,126714151,1731102453.0,15.08287,52.312416
9565,126715993,1731158100.0,15.5205,51.933166666666665
9566,126714676,1731168016.0,14.583944444444445,52.346444444444444
9567,126748160,1731182400.0,15.23713888888889,52.7575
9568,126714307,1731138505.0,15.047694444444444,52.00047222222222
9569,126714169,1731110822.0,15.099972222222222,52.05038888888889
9570,126714479,1731157200.0,15.518,51.90591666666667
9571,126714597,1731168229.0,14.55561111111111,52.348083333333335
9572,126714400,1731151100.0,15.22675,52.74308333333333
9573,126715983,1731157200.0,15.51625,51.9365
9574,126714466,1731149265.0,14.572416666666667,52.34880555555556
9575,126714211,1731135993.0,15.673861111111112,51.61105555555555
9576,126714528,1731162957.0,14.81675,52.568694444444446
9577,126715976,1731147300.0,15.495916666666666,51.951
9578,126714737,1731172871.0,15.866194444444444,52.36127777777778
9579,126714494,1731157214.0,15.830222222222222,52.16652777777778
9580,126714426,1731151800.0,15.661027777777777,52.05938888888889
9581,126714669,1731171645.0,15.134277777777777,51.636916666666664
9582,126714371,1731152152.0,15.166055555555555,51.641222222222225
9583,126714743,1731175933.0,15.537305555555555,52.24486111111111
9584,126714658,1731170309.0,15.051222222222222,51.696888888888886
9585,126728205,1731178800.0,15.230611111111111,52.69669444444445
9586,126715223,1731267919.0,14.725305555555556,52.25597222222222
9587,126714980,1731235800.0,15.486638888888889,51.95813888888889
9588,126715025,1731243704.0,14.597777777777777,52.3185
9589,126748154,1731272400.0,15.243083333333333,52.73141666666667
9590,126715228,1731274256.0,15.651583333333333,51.876222222222225
9591,126714909,1731221688.0,15.220722222222221,52.08113888888889
9592,126715088,1731250613.0,14.877805555555556,52.676722222222224
9593,126715225,1731273597.0,15.236194444444445,52.72369444444445
9594,126715227,1731279206.0,15.347083333333334,51.60636111111111
9595,126716052,1731252159.0,15.675055555555556,51.82458333333334
9596,126728209,1731246000.0,15.241583333333333,52.73822222222222
9597,126715219,1731265200.0,15.48675,51.93244444444444
9598,126715369,1731328227.0,16.108083333333333,51.79313888888889
9599,126715561,1731358260.0,15.533305555555556,51.565
9600,126715538,1731338850.0,15.221305555555556,52.70655555555555
9601,126716108,1731323437.0,14.56575,52.34866666666667
9602,126715496,1731346188.0,16.053916666666666,51.882222222222225
9603,126715553,1731351447.0,15.25025,52.75033333333333
9604,126716098,1731313411.0,14.613666666666667,52.32575
9605,126715286,1731304469.0,14.644583333333333,52.50483333333333
9606,126716153,1731341900.0,15.217222222222222,52.73238888888889
9607,126715340,1731318295.0,14.893333333333333,52.45625
9608,126715415,1731332297.0,15.772277777777777,52.395583333333335
9609,126715311,1731316701.0,15.59911111111111,51.732166666666664
9610,126715303,1731316250.0,15.708722222222223,51.812416666666664
9611,126715343,1731325379.0,15.5755,52.44463888888889
9612,126715549,1731354605.0,15.664833333333334,51.87166666666667
9613,126716181,1731334593.0,15.018611111111111,51.586444444444446
9614,126715314,1731314952.0,14.838444444444445,51.653416666666665
9615,126716132,1731334977.0,15.22786111111111,52.699666666666666
9616,126717404,1731432227.0,15.536833333333334,52.87544444444445
9617,126718094,1731429600.0,15.440555555555555,51.94638888888889
9618,126717206,1731423600.0,15.499361111111112,51.93991666666667
9619,126708939,1731421500.0,15.509277777777777,51.94327777777778
9620,126748157,1731420000.0,15.233722222222223,52.74461111111111
9621,126715949,1731405529.0,15.24388888888889,52.747527777777776
9622,126716660,1731389880.0,15.503,51.93705555555555
9623,126715858,1731401100.0,15.548444444444444,51.94425
9624,126708922,1731421500.0,15.528972222222222,51.93925
9625,126715707,1731385885.0,16.286257,51.707928
9626,126724201,1731393000.0,15.515305555555555,51.938805555555554
9627,126723724,1731430800.0,15.527111111111111,51.933305555555556
9628,126718051,1731439280.0,14.584666666666667,52.31627777777778
9629,126715971,1731404635.0,14.687472222222222,52.556305555555554
9630,126717062,1731409654.0,15.603277777777778,52.72391666666667
9631,126717209,1731424469.0,15.259,52.75844444444444
9632,126717343,1731431445.0,15.628,52.084694444444445
9633,126717534,1731447273.0,15.939,51.76269444444444
9634,126715918,1731406169.0,14.65238888888889,52.32413888888889
9635,126717483,1731444331.0,14.721722222222223,51.96322222222222
9636,126717058,1731411480.0,15.123222222222223,52.020472222222224
9637,126717110,1731412031.0,15.199666666666667,52.73727777777778
9638,126717213,1731404035.0,15.232527777777777,52.74063888888889
9639,126724490,1731426900.0,15.717361111111112,51.80388888888889
9640,126717121,1731416443.0,14.611555555555556,52.32222222222222
9641,126769975,1731411000.0,14.391694444444445,52.352
9642,126717243,1731428275.0,15.573222222222222,52.44241666666667
9643,126717460,1731441262.0,15.23413888888889,52.757
9644,126717220,1731425400.0,15.522361111111111,51.93933333333333
9645,126718087,1731393900.0,15.62738888888889,52.01733333333333
9646,126806673,1731421800.0,15.302333333333333,52.672444444444444
9647,126717265,1731426650.0,15.466555555555555,51.58716666666667
9648,126719067,1731497844.0,15.684333333333333,51.807138888888886
9649,126719539,1731515765.0,14.567166666666667,52.34869444444445
9650,126717957,1731493800.0,15.493583333333333,51.941916666666664
9651,126719700,1731521039.0,14.649861111111111,52.589555555555556
9652,126719101,1731495079.0,14.649194444444444,52.30775
9653,126717985,1731490506.0,14.823555555555556,52.43152777777778
9654,126717865,1731491215.0,15.098083333333333,52.03986111111111
9655,126717649,1731479033.0,15.282916666666667,52.73502777777778
9656,126719238,1731499085.0,15.13563888888889,51.65452777777778
9657,126717765,1731485040.0,15.878833333333333,52.36697222222222
9658,126719391,1731512339.0,14.759916666666667,52.52741666666667
9659,126719232,1731504764.0,15.158416666666668,51.68738888888889
9660,126717896,1731490920.0,14.974083333333333,51.79255555555555
9661,126719437,1731510000.0,15.49875,51.961416666666665
9662,126719263,1731509918.0,14.945,52.65741666666667
9663,126717988,1731495220.0,15.272972222222222,52.76058333333334
9664,126717814,1731480637.0,15.074361111111111,52.036833333333334
9665,126719271,1731507529.0,14.656555555555556,52.58825
9666,126717767,1731484531.0,15.158611111111112,52.747972222222224
9667,126719066,1731496076.0,15.263305555555556,52.73972222222222
9668,126717927,1731489765.0,14.560777777777778,52.35305555555556
9669,126719261,1731501799.0,14.633555555555557,52.32630555555556
9670,126719623,1731523140.0,14.718666666666667,51.971694444444445
9671,126719222,1731505874.0,15.177083333333334,52.00313888888889
9672,126719407,1731513663.0,15.217638888888889,52.743805555555554
9673,126719095,1731500700.0,15.500861111111112,51.92311111111111
9674,126719481,1731515218.0,15.829055555555556,52.839666666666666
9675,126717586,1731477543.0,15.506972222222222,51.96041666666667
9676,126719350,1731508200.0,15.51811111111111,51.94902777777778
9677,126717989,1731493200.0,15.520666666666667,51.9375
9678,126719346,1731512735.0,15.694805555555556,51.732055555555554
9679,126719418,1731514847.0,15.717666666666666,51.80072222222222
9680,126748068,1731517200.0,15.256222222222222,52.73416666666667
9681,126748150,1731481440.0,15.270555555555555,52.74138888888889
9682,126815609,1731485700.0,15.511805555555556,51.934444444444445
9683,126719065,1731498851.0,15.799027777777777,52.28652777777778
9684,126720478,1731601410.0,15.257277777777778,52.70725
9685,126719855,1731571710.0,15.340694444444445,52.79969444444444
9686,126789312,1731567000.0,15.236166666666668,51.744
9687,126720896,1731621728.0,15.584916666666667,52.138083333333334
9688,126720828,1731607926.0,15.541722222222223,52.53830555555555
9689,126720060,1731584280.0,15.302444444444445,51.60975
9690,126719801,1731564144.0,15.380944444444445,52.14377777777778
9691,126719969,1731576809.0,15.545027777777777,51.564416666666666
9692,126720078,1731573169.0,15.469416666666667,51.878277777777775
9693,126720147,1731570712.0,14.573833333333333,52.35
9694,126720652,1731594600.0,15.407472222222221,52.01797222222222
9695,126720219,1731588699.0,15.173666666666668,51.60830555555555
9696,126720703,1731602400.0,15.498222222222223,51.95322222222222
9697,126720132,1731586920.0,15.134361111111112,51.637055555555555
9698,126720298,1731589968.0,14.56,52.349555555555554
9699,126723756,1731608100.0,15.345916666666668,51.848194444444445
9700,126720031,1731579000.0,15.5115,51.92805555555555
9701,126720186,1731581366.0,15.236545,52.530293
9702,126753481,1731598500.0,15.231305555555556,52.73144444444444
9703,126744837,1731618600.0,15.247972222222222,52.73858333333333
9704,126719720,1731557906.0,15.155527777777777,52.74583333333333
9705,126720717,1731595576.0,15.710194444444443,51.83283333333333
9706,126720597,1731605126.0,15.70138888888889,51.80361111111111
9707,126719947,1731572732.0,15.2475,52.74908333333333
9708,126719734,1731561758.0,15.829777777777778,52.83533333333333
9709,126720365,1731597576.0,15.208388888888889,52.72544444444444
9710,126720777,1731607800.0,15.280722222222222,52.692388888888885
9711,126720129,1731586932.0,15.599972222222222,51.73136111111111
9712,126720594,1731602844.0,15.740805555555555,52.794222222222224
9713,126719897,1731571018.0,15.244333333333334,52.74605555555556
9714,126720807,1731611241.0,15.682583333333334,51.80052777777778
9715,126720113,1731586140.0,15.687805555555556,51.79838888888889
9716,126724203,1731600000.0,15.487583333333333,51.937916666666666
9717,126721541,1731678900.0,15.546222222222223,51.92388888888889
9718,126725051,1731662400.0,15.597305555555556,51.748333333333335
9719,126747335,1731653400.0,15.135555555555555,52.45216666666666
9720,126721423,1731670349.0,15.708277777777777,52.09736111111111
9721,126721091,1731652034.0,15.133937,52.365562
9722,126721281,1731664800.0,15.499722222222223,51.93597222222222
9723,126721945,1731708297.0,15.085416666666667,52.320194444444446
9724,126716702,1731626640.0,15.615194444444445,51.74227777777778
9725,126721899,1731701047.0,15.5195,51.94702777777778
9726,126721591,1731684767.0,15.548777777777778,51.56697222222222
9727,126721700,1731681724.0,15.287944444444445,51.59447222222222
9728,126721865,1731693257.0,15.279777777777777,52.29452777777778
9729,126721355,1731666000.0,15.520472222222223,51.93961111111111
9730,126721223,1731655200.0,15.491194444444444,51.93505555555556
9731,126721422,1731673218.0,14.82488888888889,52.56436111111111
9732,126721667,1731685438.0,14.582972222222223,52.31594444444445
9733,126721020,1731648555.0,14.659888888888888,52.35722222222222
9734,126720978,1731650345.0,15.838583333333334,52.852694444444445
9735,126721498,1731675977.0,15.238194444444444,52.75966666666667
9736,126718208,1731661922.0,15.136666666666667,51.637027777777774
9737,126721401,1731669618.0,15.83838888888889,52.85227777777778
9738,126721600,1731682783.0,15.238083333333334,52.676972222222226
9739,126721896,1731700906.0,15.558083333333332,52.45077777777778
9740,126721344,1731670209.0,15.253388888888889,52.73025
9741,126718437,1731673687.0,15.282805555555555,51.815416666666664
9742,126718381,1731688200.0,15.242694444444444,52.74608333333333
9743,126718369,1731681584.0,15.391,52.43711111111111
9744,126721335,1731669360.0,15.534833333333333,52.25036111111111
9745,126730316,1731690900.0,15.417305555555556,51.922
9746,126721840,1731694991.0,14.726416666666667,51.958416666666665
9747,126721807,1731689482.0,14.573611111111111,52.35422222222222
9748,126721603,1731682133.0,15.261888888888889,52.763222222222225
9749,126721732,1731685600.0,15.000916666666667,51.531777777777776
9750,126747340,1731652800.0,15.231972222222222,52.75077777777778
9751,126720905,1731626771.0,15.174194444444444,52.00394444444444
9752,126718216,1731662004.0,15.248722222222222,52.61988888888889
9753,126718364,1731685350.0,15.55738888888889,52.4395
9754,126774732,1731692400.0,15.213444444444445,52.74497222222222
9755,126722670,1731775200.0,15.486722222222221,51.952527777777775
9756,126724223,1731772800.0,15.560833333333333,51.91225
9757,126748064,1731774300.0,15.143972222222223,52.44441666666667
9758,126722482,1731771600.0,15.61875,52.05708333333333
9759,126764625,1731780000.0,15.249777777777778,52.73755555555555
9760,126722084,1731744900.0,15.498111111111111,51.945194444444446
9761,126722633,1731778200.0,15.486972222222223,51.964527777777775
9762,126722286,1731757204.0,15.589083333333333,51.641416666666665
9763,126722335,1731760200.0,15.4955,51.94
9764,126722772,1731791948.0,15.584027777777777,52.43947222222222
9765,126722570,1731774840.0,15.515611111111111,52.238277777777775
9766,126722033,1731734482.0,15.405694444444444,52.1145
9767,126722812,1731787697.0,15.248583333333332,52.75055555555556
9768,126722533,1731774688.0,14.561777777777777,52.34869444444445
9769,126722029,1731723865.0,15.21786111111111,51.52327777777778
9770,126722642,1731777335.0,15.709805555555555,51.851333333333336
9771,126724216,1731741000.0,15.536138888888889,51.95916666666667
9772,126722487,1731770984.0,14.784055555555556,51.98083333333334
9773,126722732,1731779751.0,15.239333333333333,52.75855555555555
9774,126722542,1731775805.0,15.566138888888888,52.429138888888886
9775,126722337,1731762159.0,15.52588888888889,52.87927777777778
9776,126814659,1731757500.0,15.24125,52.72855555555556
9777,126727164,1731763200.0,15.560277777777777,51.93980555555556
9778,126735047,1731776400.0,15.488777777777777,51.929916666666664
9779,126722022,1731727173.0,15.143333333333333,52.51983333333333
9780,126722354,1731757837.0,14.729777777777779,51.94836111111111
9781,126723248,1731848700.0,15.507694444444445,51.95627777777778
9782,126723546,1731867420.0,14.960904,52.562465
9783,126723466,1731862800.0,15.48638888888889,51.9395
9784,126723131,1731840900.0,15.487916666666667,51.976444444444446
9785,126723067,1731832071.0,15.522527777777778,51.95591666666667
9786,126723555,1731875704.0,15.70325,51.842666666666666
9787,126723215,1731849487.0,15.790194444444445,52.376583333333336
9788,126723327,1731850321.0,15.858777777777778,52.74180555555556
9789,126723274,1731856333.0,15.210416666666667,52.72588888888889
9790,126723263,1731853701.0,16.344584,51.817078
9791,126723086,1731835612.0,14.956694444444445,52.657944444444446
9792,126722810,1731799171.0,15.82825,51.72827777777778
9793,126723151,1731843625.0,15.177912,52.447964
9794,126723242,1731846600.0,15.241444444444445,52.72816666666667
9795,126723419,1731867963.0,14.64611111111111,52.58363888888889
9796,126723231,1731846731.0,15.24088888888889,52.72816666666667
9797,126725125,1731931132.0,15.226027777777778,52.73727777777778
9798,126725445,1731947481.0,15.567027777777778,52.430277777777775
9799,126725513,1731947396.0,16.085199,51.870178
9800,126729242,1731943800.0,15.633277777777778,52.57205555555556
9801,126766073,1731945300.0,15.325694444444444,52.754805555555556
9802,126725543,1731949114.0,14.9095,52.504666666666665
9803,126718523,1731932122.0,15.196944444444444,52.73891666666667
9804,126725397,1731946909.0,15.543444444444445,52.44086111111111
9805,126725718,1731958000.0,15.587388888888889,52.44372222222222
9806,126725043,1731924000.0,15.503166666666667,51.94005555555555
9807,126725663,1731953501.0,15.69138888888889,51.62877777777778
9808,126723976,1731922800.0,15.513638888888888,51.944
9809,126725361,1731944154.0,15.255944444444445,52.73930555555555
9810,126725534,1731945600.0,15.471527777777778,52.008805555555554
9811,126725057,1731929700.0,15.492694444444444,51.943
9812,126723781,1731911389.0,15.521666666666667,52.253972222222224
9813,126723927,1731921900.0,15.50088888888889,51.949888888888886
9814,126723656,1731911192.0,15.08975,52.03488888888889
9815,126723606,1731900217.0,14.961479,52.562119
9816,126725422,1731947708.0,14.758333333333333,51.58722222222222
9817,126723622,1731908400.0,15.555555555555555,51.92036111111111
9818,126723831,1731918013.0,15.583972222222222,52.43947222222222
9819,126723723,1731911063.0,14.833222222222222,51.808194444444446
9820,126723599,1731901800.0,14.609388888888889,52.38897222222222
9821,126743572,1731942000.0,15.701805555555556,51.61230555555556
9822,126733648,1731912300.0,15.625527777777778,52.087583333333335
9823,126748083,1731933000.0,15.225916666666667,52.73155555555556
9824,126725556,1731948228.0,15.617972222222223,52.09686111111111
9825,126723894,1731918346.0,15.53525,51.95730555555556
9826,126723711,1731910200.0,15.478472222222223,51.89380555555555
9827,126723695,1731912262.0,15.473805555555556,51.93902777777778
9828,126725616,1731957733.0,15.124361111111112,51.62569444444444
9829,126726828,1732031700.0,15.486666666666666,51.95238888888889
9830,126718701,1732031546.0,15.47011111111111,51.939527777777776
9831,126726239,1732011551.0,15.250166666666667,52.718666666666664
9832,126751392,1732026600.0,15.264111111111111,52.74486111111111
9833,126725804,1731994877.0,15.166166666666667,51.641222222222225
9834,126726132,1732009850.0,15.327277777777777,51.61694444444444
9835,126726652,1732034636.0,15.69975,51.79730555555555
9836,126726898,1732038300.0,15.500861111111112,51.923027777777776
9837,126725831,1731996009.0,15.247166666666667,52.75752777777778
9838,126726248,1732012200.0,15.528638888888889,51.94105555555556
9839,126726281,1732017538.0,15.178166666666666,52.703944444444446
9840,126724404,1732021200.0,15.719583333333333,51.80238888888889
9841,126726885,1732039761.0,15.196694444444445,51.99713888888889
9842,126726410,1732022692.0,15.122055555555555,51.64175
9843,126726823,1732036561.0,15.193666666666667,52.73883333333333
9844,126718719,1732016581.0,14.636416666666667,52.60927777777778
9845,126726057,1732009495.0,15.5305,52.24733333333333
9846,126726046,1731999746.0,15.558472222222223,52.99038888888889
9847,126718720,1732036897.0,15.881611111111111,52.37286111111111
9848,126726750,1732039920.0,15.881611111111111,52.37286111111111
9849,126726661,1732027083.0,15.521472222222222,51.95419444444445
9850,126726184,1732014367.0,15.588527777777777,52.44411111111111
9851,126725757,1731989859.0,15.226694444444444,52.73038888888889
9852,126726470,1732026691.0,15.113222222222221,52.05572222222222
9853,126726225,1732016478.0,14.747055555555555,51.95441666666667
9854,126725930,1732003152.0,14.781138888888888,51.9615
9855,126726297,1732020617.0,14.951527777777777,52.657555555555554
9856,126726892,1732043259.0,14.587527777777778,52.33994444444444
9857,126726052,1732003200.0,15.508333333333333,51.91919444444444
9858,126726732,1732025700.0,15.521305555555555,51.958777777777776
9859,126743565,1732031460.0,15.682916666666667,51.64805555555556
9860,126726731,1732039320.0,15.881611111111111,52.37286111111111
9861,126726372,1732015496.0,15.951277777777777,51.99322222222222
9862,126726784,1732032420.0,15.161638,52.32695
9863,126728375,1732032000.0,15.710083333333333,51.8305
9864,126726831,1732034400.0,16.192739,51.774998
9865,126748175,1732026600.0,15.217555555555556,52.736222222222224
9866,126724442,1731996000.0,15.522777777777778,51.932027777777776
9867,126769929,1732017600.0,14.640916666666667,52.57802777777778
9868,126787709,1732030800.0,15.612944444444445,52.07861111111111
9869,126726273,1732020200.0,14.73875,51.951055555555556
9870,126726140,1732010700.0,15.55636111111111,52.253
9871,126726042,1732006419.0,16.238289,51.869572
9872,126727703,1732120418.0,15.250777777777778,52.761583333333334
9873,126727365,1732102869.0,15.269166666666667,51.98630555555555
9874,126728136,1732141690.0,15.22337,52.585885
9875,126727041,1732077401.0,15.533277777777778,52.262027777777774
9876,126727256,1732095790.0,15.16638888888889,51.641222222222225
9877,126718915,1732097598.0,15.422583333333334,52.25655555555556
9878,126727823,1732121129.0,15.564694444444445,52.24347222222222
9879,126729428,1732094400.0,15.602777777777778,51.74483333333333
9880,126718811,1732077883.0,15.788833333333333,52.975138888888885
9881,126727133,1732089481.0,15.256361111111111,52.71252777777778
9882,126727025,1732082357.0,15.54275,51.600972222222225
9883,126727196,1732082166.0,15.443027777777777,51.97372222222222
9884,126719024,1732115890.0,15.612638888888888,52.08591666666667
9885,126727373,1732100400.0,15.449583333333333,51.968583333333335
9886,126727175,1732087800.0,15.52661111111111,51.939305555555556
9887,126727254,1732097760.0,16.315583333333333,51.79736111111111
9888,126727161,1732088700.0,15.547694444444444,51.92330555555556
9889,126727115,1732083386.0,14.799972222222221,52.56713888888889
9890,126727810,1732131532.0,15.118083333333333,52.44408333333333
9891,126727048,1732080408.0,15.483333333333333,51.93302777777778
9892,126726961,1732066076.0,15.268319,52.588713
9893,126727658,1732119141.0,15.308083333333334,51.615722222222225
9894,126728064,1732115700.0,15.44275,51.974111111111114
9895,126727775,1732118400.0,15.528666666666666,51.93852777777778
9896,126727537,1732111200.0,15.499277777777777,51.936
9897,126727522,1732110646.0,15.48975,51.95211111111111
9898,126727626,1732116326.0,15.238166666666666,52.754305555555554
9899,126724565,1732115400.0,14.7155,52.37441666666667
9900,126727820,1732122420.0,15.55575,51.920972222222225
9901,126730420,1732103400.0,15.507694444444445,51.927166666666665
9902,126729062,1732173703.0,15.15175,51.63894444444445
9903,126727995,1732174253.0,15.123583333333332,51.65413888888889
9904,126751391,1732167000.0,15.212361111111111,52.74158333333333
9905,126751402,1732179600.0,15.199166666666667,52.73577777777778
9906,126729739,1732204132.0,15.252916666666668,52.73919444444444
9907,126729068,1732176197.0,14.826916666666667,52.35030555555556
9908,126729073,1732172977.0,15.537472222222222,52.244638888888886
9909,126727903,1732145429.0,15.071863,52.324626
9910,126727930,1732162185.0,21.023194444444446,52.187777777777775
9911,126729132,1732179240.0,15.536888888888889,52.245444444444445
9912,126754182,1732179600.0,15.243194444444445,52.746027777777776
9913,126729096,1732176441.0,15.203882,52.56624
9914,126729163,1732180385.0,14.726972222222223,51.94855555555556
9915,126729402,1732187965.0,16.121555,51.887093
9916,126748131,1732175100.0,15.244444444444444,52.74916666666667
9917,126729788,1732204562.0,15.243444444444444,52.72438888888889
9918,126729608,1732199428.0,15.269,52.76163888888889
9919,126729768,1732194477.0,15.10575,52.05272222222222
9920,126729248,1732179928.0,15.377472222222222,51.72163888888889
9921,126729933,1732205996.0,15.2525,52.718944444444446
9922,126727955,1732167000.0,15.707027777777778,52.101194444444445
9923,126729099,1732175059.0,14.606666666666667,52.329027777777775
9924,126729801,1732207869.0,15.70175,51.80555555555556
9925,126728037,1732174500.0,14.644833333333333,52.58272222222222
9926,126729430,1732190346.0,15.581388888888888,52.46033333333333
9927,126728028,1732173932.0,15.263055555555555,51.56144444444445
9928,126729707,1732202499.0,15.142555555555555,52.748666666666665
9929,126729421,1732185645.0,15.751083333333334,51.70736111111111
9930,126729811,1732206144.0,14.708722222222223,52.27136111111111
9931,126729913,1732208400.0,15.579527777777777,51.905833333333334
9932,126729875,1732210020.0,15.54711111111111,52.228972222222225
9933,126729390,1732190192.0,15.126555555555555,52.77325
9934,126729723,1732202100.0,15.259694444444445,51.782222222222224
9935,126729527,1732195200.0,15.534277777777778,51.92819444444444
9936,126729439,1732193100.0,15.410638888888888,51.9885
9937,126753408,1732186800.0,15.198194444444445,52.739111111111114
9938,126729202,1732190400.0,15.126777777777777,52.77372222222222
9939,126729258,1732184400.0,15.00593,52.583057
9940,126751182,1732296900.0,14.652138888888889,52.59827777777778
9941,126751237,1732286400.0,15.225416666666666,52.7315
9942,126754251,1732273200.0,15.254222222222221,52.76247222222222
9943,126728779,1732264200.0,15.49686111111111,51.94627777777778
9944,126731048,1732284633.0,15.683,51.79838888888889
9945,126730792,1732273814.0,14.753722222222223,51.95561111111111
9946,126730231,1732258057.0,15.477638888888889,52.42497222222222
9947,126730655,1732261588.0,15.546972222222223,51.78330555555556
9948,126731157,1732289695.0,15.541666666666666,52.40488888888889
9949,126730221,1732256697.0,15.710055555555556,51.826972222222224
9950,126730211,1732256819.0,15.202361111111111,52.74055555555555
9951,126730630,1732268850.0,15.249472222222222,52.72658333333333
9952,126731454,1732296600.0,15.565138888888889,51.91963888888889
9953,126730634,1732263208.0,15.860194444444444,51.720416666666665
9954,126730500,1732266531.0,15.242861111111111,52.749138888888886
9955,126731389,1732299182.0,15.352972222222222,51.62466666666667
9956,126730845,1732272640.0,15.684111111111111,51.798138888888886
9957,126742043,1732263180.0,15.860194444444444,51.720305555555555
9958,126730238,1732258298.0,15.084916666666667,51.67197222222222
9959,126730591,1732260773.0,15.60725,51.70675
9960,126731066,1732285780.0,15.635833333333334,52.08327777777778
9961,126730105,1732250022.0,15.255583333333334,52.73708333333333
9962,126731012,1732279773.0,14.759305555555555,51.93716666666667
9963,126730706,1732270229.0,15.237444444444444,52.757555555555555
9964,126731222,1732285779.0,15.495805555555556,51.944472222222224
9965,126731090,1732286141.0,15.14861111111111,52.74744444444445
9966,126731191,1732291664.0,14.561,52.35005555555556
9967,126736254,1732257000.0,15.497583333333333,51.936166666666665
9968,126731504,1732305741.0,15.141277777777777,51.647555555555556
9969,126732041,1732308693.0,15.536138888888889,52.24644444444444
9970,126731213,1732284000.0,15.516694444444445,51.948861111111114
9971,126732082,1732314686.0,15.083083333333333,51.672555555555554
9972,126731188,1732284000.0,15.514111111111111,51.9425
9973,126730871,1732275300.0,15.531694444444444,51.938916666666664
9974,126730801,1732274255.0,15.248083333333334,52.75977777777778
9975,126730249,1732257007.0,15.373583333333332,52.02213888888889
9976,126731288,1732295103.0,15.255833333333333,52.73475
9977,126732047,1732304700.0,15.524527777777777,51.95813888888889
9978,126731124,1732279773.0,15.047,52.079027777777775
9979,126730648,1732266720.0,14.648,52.48422222222222
9980,126730149,1732251000.0,15.591722222222222,51.94144444444444
9981,126732141,1732333704.0,14.817333333333334,51.850138888888885
9982,126751399,1732370400.0,15.238166666666666,52.72933333333334
9983,126732175,1732340820.0,15.437722222222222,52.316805555555554
9984,126732623,1732367313.0,15.87513,52.807061
9985,126733133,1732393800.0,15.55975,51.859
9986,126732852,1732389133.0,15.690333333333333,52.09561111111111
9987,126732892,1732359181.0,15.166444444444444,51.64116666666666
9988,126732574,1732370117.0,14.721305555555556,51.965944444444446
9989,126732974,1732400659.0,15.668861111111111,52.31525
9990,126732520,1732365293.0,14.940777777777777,51.84141666666667
9991,126732181,1732338600.0,15.496472222222222,51.93575
9992,126732696,1732372800.0,15.511083333333334,51.936194444444446
9993,126732472,1732362336.0,15.492166666666666,51.943333333333335
9994,126732215,1732346568.0,15.759166666666667,52.96872222222222
9995,126732404,1732359210.0,15.466083333333334,51.95927777777778
9996,126732361,1732357907.0,14.569833333333333,52.34777777777778
9997,126732409,1732343914.0,14.994416666666666,52.41386111111111
9998,126732562,1732358833.0,15.522166666666667,51.93808333333333
9999,126732134,1732324560.0,15.238055555555556,52.67616666666667
10000,126732106,1732321098.0,15.239555555555556,52.73019444444444
10001,126732762,1732379359.0,15.121166666666667,52.68805555555556
10002,126732742,1732378389.0,15.549333333333333,52.36369444444444
10003,126732393,1732357682.0,15.17725,51.638194444444444
10004,126732577,1732359997.0,15.0495,52.752805555555554
10005,126732273,1732352767.0,15.244194444444444,52.74525
10006,126732161,1732327262.0,15.750194444444444,52.001805555555556
10007,126733247,1732455605.0,15.179628,52.448463
10008,126751193,1732448400.0,15.244777777777777,52.76602777777778
10009,126739166,1732475400.0,15.80563888888889,52.320027777777774
10010,126733424,1732471517.0,15.591111111111111,51.74572222222222
10011,126733342,1732466574.0,16.079666666666668,51.89402777777778
10012,126733211,1732456467.0,15.558111111111112,52.247972222222224
10013,126733292,1732460673.0,15.065805555555556,52.01166666666666
10014,126733173,1732451220.0,15.52988888888889,52.24044444444444
10015,126733254,1732447680.0,14.662472222222222,52.59177777777778
10016,126733195,1732455180.0,14.584083333333334,52.34602777777778
10017,126733120,1732442767.0,15.542194444444444,52.54230555555556
10018,126733260,1732460400.0,15.504444444444445,51.94233333333333
10019,126733389,1732470316.0,15.09688888888889,52.0185
10020,126733422,1732475063.0,15.257027777777777,52.757666666666665
10021,126733240,1732458967.0,15.215666666666667,52.784666666666666
10022,126733517,1732464665.0,15.506194444444445,51.93552777777778
10023,126733927,1732522735.0,15.751666666666667,51.70652777777778
10024,126736259,1732519500.0,15.3225,51.77916666666667
10025,126734247,1732545492.0,14.595611111111111,52.33411111111111
10026,126728690,1732565100.0,15.495166666666666,51.95225
10027,126734024,1732532400.0,15.523138888888889,51.941694444444444
10028,126736447,1732539600.0,15.18763888888889,51.638
10029,126734359,1732547700.0,15.500055555555555,51.91752777777778
10030,126733609,1732512423.0,15.508027777777778,51.96047222222222
10031,126738824,1732518000.0,15.489416666666667,51.92861111111111
10032,126734035,1732533630.0,14.607416666666667,52.32113888888889
10033,126728476,1732533137.0,15.68436111111111,51.800444444444445
10034,126734123,1732537749.0,15.194916666666666,51.50611111111111
10035,126734355,1732540297.0,15.561361111111111,51.56177777777778
10036,126734349,1732548975.0,15.217923,52.440617
10037,126734116,1732537821.0,15.712861111111112,51.80580555555556
10038,126736773,1732519200.0,15.597027777777777,51.74066666666667
10039,126733709,1732518569.0,15.551555555555556,51.78644444444444
10040,126734392,1732547977.0,15.265611111111111,51.565555555555555
10041,126734376,1732551029.0,14.761833333333334,51.6675
10042,126733994,1732532673.0,15.146194444444445,51.64022222222222
10043,126734605,1732574512.0,15.215583333333333,52.744527777777776
10044,126734374,1732542309.0,15.246944444444445,52.726166666666664
10045,126734248,1732544696.0,15.098083333333333,52.039833333333334
10046,126733563,1732510421.0,15.449277777777779,52.205222222222226
10047,126728535,1732528837.0,15.210305555555555,52.72672222222222
10048,126734418,1732553660.0,15.244027777777777,52.74608333333333
10049,126734056,1732517301.0,14.681527777777777,52.60433333333334
10050,126728576,1732543289.0,15.255944444444445,52.71336111111111
10051,126733745,1732518600.0,15.516,51.947
10052,126733850,1732521238.0,15.245194444444444,52.76058333333334
10053,126734111,1732540279.0,15.577305555555556,52.45363888888889
10054,126733922,1732525411.0,15.23161111111111,52.749
10055,126733779,1732523819.0,15.099972222222222,52.05416666666667
10056,126728670,1732562303.0,15.585583333333334,52.44352777777778
10057,126734597,1732552053.0,15.050055555555556,51.56838888888889
10058,126734268,1732543707.0,14.738694444444445,51.954861111111114
10059,126728572,1732545145.0,15.099972222222222,51.05038888888889
10060,126733543,1732505876.0,14.87556,52.55958
10061,126751401,1732525200.0,15.24563888888889,52.740611111111114
10062,126806831,1732546800.0,15.23611111111111,52.76166666666667
10063,126728700,1732555800.0,15.517472222222223,51.923833333333334
10064,126728647,1732548188.0,15.523916666666667,51.95758333333333
10065,126836353,1732534800.0,,
10066,126735507,1732636479.0,15.238194444444444,52.67327777777778
10067,126735380,1732641537.0,14.978361111111111,51.78180555555556
10068,126766090,1732645200.0,15.321361111111111,52.43255555555555
10069,126739102,1732636200.0,15.511472222222222,51.93463888888889
10070,126735059,1732624024.0,15.244388888888889,52.74133333333333
10071,126735441,1732644842.0,15.782863,52.31227
10072,126735495,1732650782.0,15.633722222222222,52.44561111111111
10073,126736209,1732643505.0,15.273222222222222,52.76211111111111
10074,126728899,1732612550.0,16.071805555555557,51.88130555555556
10075,126728862,1732611095.0,16.3095,51.812305555555554
10076,126735119,1732628215.0,15.567388888888889,52.46511111111111
10077,126735314,1732636800.0,15.617416666666667,52.075805555555554
10078,126734995,1732615800.0,15.499611111111111,51.94427777777778
10079,126735425,1732643852.0,14.61111111111111,52.32208333333333
10080,126735064,1732621915.0,14.561833333333333,52.35402777777778
10081,126735036,1732622400.0,15.47525,51.96125
10082,126735302,1732634952.0,15.56338888888889,51.79069444444445
10083,126724669,1732642800.0,15.545583333333333,51.95622222222222
10084,126728771,1732607598.0,15.199527777777778,51.52875
10085,126724667,1732611000.0,15.518055555555556,51.949
10086,126734685,1732599520.0,15.145944444444444,51.53536111111111
10087,126734686,1732604457.0,15.577222222222222,52.44294444444444
10088,126735166,1732631222.0,15.869782,52.811927
10089,126736766,1732594500.0,15.117916666666666,51.54361111111111
10090,126729019,1732613478.0,16.286898,51.740814
10091,126735246,1732628972.0,15.238166666666666,52.731138888888886
10092,126736175,1732634025.0,15.251305555555556,52.74483333333333
10093,126806819,1732638600.0,14.900666666666666,52.67475
10094,126806722,1732713300.0,15.625555555555556,52.086222222222226
10095,126735729,1732691971.0,15.057738,52.483513
10096,126735939,1732710658.0,15.615555555555556,52.82233333333333
10097,126736314,1732696447.0,15.548805555555555,52.23361111111111
10098,126736005,1732711200.0,15.520916666666666,52.25613888888889
10099,126736619,1732729200.0,15.253833333333333,51.800916666666666
10100,126737172,1732701653.0,15.576694444444444,52.136805555555554
10101,126737278,1732725712.0,15.53961111111111,51.95905555555556
10102,126736496,1732714231.0,15.598083333333333,51.745777777777775
10103,126737330,1732729838.0,14.84913888888889,52.43805555555556
10104,126736602,1732721400.0,15.539222222222222,51.92641666666667
10105,126737260,1732728400.0,14.76525,51.95788888888889
10106,126735639,1732690253.0,15.218416666666666,52.742222222222225
10107,126735728,1732692143.0,15.269861111111112,52.714777777777776
10108,126735749,1732698181.0,15.22925,52.73286111111111
10109,126737259,1732729914.0,14.722444444444445,51.92583333333333
10110,126735551,1732668180.0,14.64325,52.601083333333335
10111,126736522,1732718977.0,14.716333333333333,51.91719444444445
10112,126736409,1732702440.0,15.234277777777777,52.69916666666667
10113,126738045,1732796361.0,15.038277777777777,52.675583333333336
10114,126737916,1732801741.0,14.763916666666667,52.542944444444444
10115,126737592,1732784042.0,15.535722222222223,52.247638888888886
10116,126738380,1732826880.0,15.5245,52.24502777777778
10117,126763953,1732809840.0,15.235166666666666,52.72825
10118,126738841,1732796400.0,15.522083333333333,51.94277777777778
10119,126737474,1732777806.0,15.633472222222222,52.44575
10120,126736819,1732788692.0,15.332166666666666,52.34727777777778
10121,126737542,1732780458.0,15.5655,52.442388888888885
10122,126737793,1732796400.0,15.494194444444444,51.94
10123,126738234,1732819376.0,15.490305555555555,51.93094444444444
10124,126737690,1732787842.0,14.567416666666666,52.36538888888889
10125,126737010,1732815307.0,15.233611111111111,52.733333333333334
10126,126737000,1732815266.0,14.640583333333334,52.580333333333336
10127,126737641,1732787147.0,14.960472222222222,51.786611111111114
10128,126737482,1732774800.0,15.544083333333333,51.92466666666667
10129,126737943,1732803374.0,15.52025,52.26122222222222
10130,126736975,1732811919.0,15.20225,52.73652777777778
10131,126737469,1732771467.0,15.967472222222222,51.87713888888889
10132,126738334,1732825800.0,14.673666666666666,52.32480555555556
10133,126739046,1732816758.0,14.646666666666667,52.39811111111111
10134,126757213,1732798380.0,15.093916666666667,52.03413888888889
10135,126753370,1732824000.0,15.199388888888889,52.726
10136,126738018,1732809265.0,15.326916666666667,51.61291666666666
10137,126737590,1732776192.0,15.10388888888889,52.03008333333333
10138,126736827,1732792661.0,15.312888888888889,51.61816666666667
10139,126737477,1732774987.0,15.236055555555556,52.74205555555555
10140,126738174,1732813768.0,15.841833333333334,52.15808333333333
10141,126737034,1732814340.0,15.237916666666667,52.73752777777778
10142,126737769,1732791566.0,15.638944444444444,52.54925
10143,126806856,1732889700.0,15.229833333333334,52.73247222222222
10144,126766081,1732892820.0,15.085777777777778,52.65647222222222
10145,126738903,1732881929.0,15.182944444444445,51.63744444444445
10146,126738817,1732879870.0,15.133555555555555,51.63811111111111
10147,126738648,1732858540.0,16.359873,51.818905
10148,126740387,1732900402.0,14.775527777777778,51.55191666666666
10149,126738516,1732861352.0,15.21775,52.70027777777778
10150,126743361,1732896000.0,15.391861111111112,51.89377777777778
10151,126739149,1732868890.0,15.549444444444445,52.232638888888886
10152,126742000,1732883700.0,15.755749999999999,51.80822222222222
10153,126739274,1732875173.0,15.11963888888889,51.63638888888889
10154,126740359,1732909452.0,14.621527777777779,52.34638888888889
10155,126743344,1732880280.0,15.501555555555555,51.93602777777778
10156,126738952,1732887800.0,15.25613888888889,52.73433333333333
10157,126738993,1732875777.0,15.626611111111112,52.09122222222222
10158,126738597,1732860617.0,15.238805555555556,52.73038888888889
10159,126740436,1732916469.0,14.89975,52.678583333333336
10160,126740153,1732896996.0,14.647694444444443,52.58786111111111
10161,126740154,1732893947.0,15.26225,52.716166666666666
10162,126738759,1732875729.0,16.308916666666665,51.8035
10163,126740371,1732909128.0,15.782833333333333,52.31225
10164,126740319,1732900747.0,15.238444444444445,52.73305555555555
10165,126739423,1732916762.0,15.6365,52.571222222222225
10166,126740303,1732906785.0,15.560305555555555,52.441916666666664
10167,126740298,1732903141.0,15.573027777777778,51.92347222222222
10168,126743368,1732896900.0,15.472055555555556,51.957166666666666
10169,126739386,1732897524.0,15.520472222222223,51.956472222222224
10170,126738944,1732885736.0,15.820555555555556,52.32436111111111
10171,126739204,1732876163.0,15.709722222222222,51.80277777777778
10172,126743332,1732875600.0,15.65911111111111,51.930638888888886
10173,126738501,1732862691.0,15.557583333333334,51.562777777777775
10174,126738864,1732884803.0,15.722555555555555,51.803444444444445
10175,126740115,1732895156.0,14.597555555555555,52.34077777777778
10176,126743354,1732880400.0,15.517805555555556,51.92447222222222
10177,126743323,1732875300.0,15.501777777777777,51.94247222222222
10178,126754250,1732906800.0,15.24463888888889,52.759027777777774
10179,126740671,1732957407.0,15.497305555555556,51.93438888888889
10180,126740520,1732950206.0,14.968861111111112,51.78508333333333
10181,126740787,1732978018.0,15.197888888888889,52.73886111111111
10182,126740453,1732922617.0,15.22675,52.73038888888889
10183,126740574,1732958743.0,15.25238888888889,52.720305555555555
10184,126740757,1732975997.0,15.530888888888889,52.26116666666667
10185,126740943,1732992176.0,14.78775,51.613194444444446
10186,126739565,1732983447.0,15.190944444444444,52.739583333333336
10187,126740801,1732975320.0,16.31522222222222,51.80925
10188,126740766,1732976936.0,14.572972222222223,52.35208333333333
10189,126740534,1732953176.0,15.533166666666666,52.261
10190,126740645,1732962795.0,15.539527777777778,52.249138888888886
10191,126740512,1732945609.0,16.26589,51.813534
10192,126740485,1732938175.0,15.774888888888889,52.3105
10193,126740596,1732960841.0,15.151527777777778,51.63066666666667
10194,126740484,1732925485.0,14.832777777777778,51.68313888888889
10195,126743376,1732969740.0,15.520833333333334,51.93186111111111
10196,126739544,1732980246.0,14.560527777777779,52.35491666666667
10197,126741040,1733003778.0,15.497666666666667,52.59211111111111
10198,126740675,1732963201.0,15.071861111111112,51.63986111111111
10199,126739612,1732993301.0,15.660083333333333,51.79688888888889
10200,126740556,1732956808.0,15.3245,51.62983333333333
10201,126741011,1732991397.0,15.452861111111112,52.95294444444444
10202,126740865,1732980847.0,15.499805555555556,51.942194444444446
10203,126740777,1732973988.0,15.53036111111111,51.96388888888889
10204,126739721,1733050800.0,15.503388888888889,51.957277777777776
10205,126754247,1733058000.0,15.245,52.762
10206,126741403,1733068525.0,14.85463888888889,52.17525
10207,126741363,1733065468.0,14.71325,51.96222222222222
10208,126741306,1733066099.0,16.096305555555556,51.775194444444445
10209,126741227,1733058120.0,14.726638888888889,51.95847222222222
10210,126741066,1733018498.0,15.098972222222223,51.01869444444444
10211,126741506,1733088155.0,15.147527777777778,52.78338888888889
10212,126741436,1733079253.0,15.03393,52.463861
10213,126739722,1733056965.0,15.25425,52.74202777777778
10214,126739799,1733085833.0,15.1385,52.78075
10215,126741338,1733067000.0,15.438666666666666,51.97680555555556
10216,126741484,1733089826.0,14.777222222222223,51.60177777777778
10217,126741131,1733036058.0,15.078166666666666,51.67852777777778
10218,126739671,1733041343.0,15.003944444444445,51.99375
10219,126741449,1733082651.0,15.781222222222222,52.31375
10220,126741288,1733062800.0,15.494944444444444,51.96208333333333
10221,126739657,1733023200.0,15.329666666666666,51.842333333333336
10222,126741143,1733041735.0,16.175472222222222,51.86486111111111
10223,126744361,1733152162.0,14.584722222222222,52.341
10224,126739944,1733128980.0,15.461083333333333,52.3165
10225,126742022,1733137068.0,16.071305555555554,51.87719444444444
10226,126788803,1733110800.0,15.079194444444445,52.69113888888889
10227,126746428,1733121000.0,15.679194444444445,52.57286111111111
10228,126739871,1733122153.0,14.729777777777779,52.35069444444444
10229,126741838,1733120423.0,15.250833333333333,52.748194444444444
10230,126741674,1733115750.0,14.797638888888889,51.964416666666665
10231,126741860,1733124472.0,15.322277777777778,52.79386111111111
10232,126740001,1733119196.0,15.302833333333334,52.68255555555555
10233,126744404,1733150373.0,15.245027777777779,52.759055555555555
10234,126744390,1733154133.0,14.972388888888888,51.45869444444445
10235,126741902,1733131164.0,15.238583333333333,52.73338888888889
10236,126743205,1733147043.0,15.11588888888889,52.02302777777778
10237,126744506,1733147523.0,15.957555555555555,51.925694444444446
10238,126744358,1733149200.0,15.617472222222222,52.075833333333335
10239,126744076,1733125659.0,15.356583333333333,51.57658333333333
10240,126743072,1733139006.0,15.817583333333333,52.35194444444444
10241,126744618,1733176275.0,15.190083333333334,52.739805555555556
10242,126744533,1733164613.0,15.255166666666666,52.73388888888889
10243,126741703,1733122707.0,15.541305555555555,52.859138888888886
10244,126743230,1733153180.0,15.486888888888888,51.952555555555556
10245,126744151,1733115160.0,15.612944444444445,52.02205555555555
10246,126744242,1733149353.0,15.493388888888889,52.59302777777778
10247,126741691,1733122564.0,15.639222222222223,52.09741666666667
10248,126744253,1733152136.0,15.716861111111111,51.803805555555556
10249,126741964,1733132494.0,15.229055555555556,52.72922222222222
10250,126763938,1733161980.0,15.203194444444444,52.74052777777778
10251,126744318,1733148900.0,15.51163888888889,51.94397222222222
10252,126744228,1733140200.0,15.592722222222223,51.92466666666667
10253,126744631,1733169515.0,14.604055555555556,52.330416666666665
10254,126744581,1733154300.0,15.482333333333333,51.93402777777778
10255,126741851,1733124383.0,15.611722222222221,51.593472222222225
10256,126744201,1733141022.0,14.916527777777778,52.51466666666666
10257,126741942,1733133963.0,14.642388888888888,52.325722222222225
10258,126739833,1733117400.0,15.524277777777778,51.93925
10259,126744471,1733152897.0,15.413916666666667,51.90425
10260,126746396,1733153700.0,15.741277777777778,51.80152777777778
10261,126744218,1733142600.0,15.499583333333334,51.95216666666666
10262,126743253,1733164851.0,14.569666666666667,52.34883333333333
10263,126745102,1733240208.0,16.105169,51.788395
10264,126745168,1733256600.0,15.441166666666668,51.946194444444444
10265,126746102,1733234366.0,15.824805555555555,52.15911111111111
10266,126754245,1733201400.0,15.245972222222223,52.71486111111111
10267,126753384,1733236200.0,15.524138888888888,51.938722222222225
10268,126744768,1733209771.0,15.720472222222222,51.78925
10269,126743899,1733243400.0,15.51775,51.94883333333333
10270,126744969,1733227560.0,14.722861111111111,51.95055555555555
10271,126746211,1733238900.0,15.522972222222222,51.95652777777778
10272,126743744,1733236800.0,15.481055555555555,51.92919444444444
10273,126745138,1733246527.0,15.775694444444444,52.56805555555555
10274,126743647,1733230903.0,15.076361111111112,52.011833333333335
10275,126744941,1733225012.0,15.018333333333333,51.75075
10276,126743392,1733203800.0,15.498777777777779,51.93311111111111
10277,126743334,1733208882.0,15.226138888888888,52.73013888888889
10278,126743322,1733207936.0,14.724805555555555,51.96069444444444
10279,126743721,1733236560.0,15.578805555555556,52.44255555555556
10280,126746151,1733205600.0,16.31438888888889,51.79569444444444
10281,126743816,1733242200.0,15.500777777777778,51.91930555555555
10282,126756935,1733246100.0,15.290833333333333,52.75944444444445
10283,126744888,1733216431.0,15.602194444444445,51.685694444444444
10284,126743908,1733255452.0,14.664694444444445,52.589666666666666
10285,126746130,1733239860.0,15.703527777777778,51.81
10286,126743609,1733228728.0,15.241138888888889,52.72852777777778
10287,126746159,1733247339.0,15.830444444444444,51.727777777777774
10288,126744927,1733224215.0,15.640944444444445,52.85063888888889
10289,126743815,1733238152.0,15.24375,52.74272222222222
10290,126743663,1733226910.0,14.623833333333334,52.32541666666667
10291,126746239,1733252115.0,15.249444444444444,52.74377777777778
10292,126743680,1733229610.0,15.713527777777777,51.79994444444444
10293,126744823,1733215213.0,15.1845,52.448
10294,126743736,1733233964.0,15.128722222222223,52.01775
10295,126743887,1733247795.0,16.345632,51.817479
10296,126807017,1733320800.0,15.242527777777777,52.74852777777778
10297,126746631,1733315590.0,15.585611111111112,52.838277777777776
10298,126746936,1733324489.0,15.324972222222222,51.61344444444445
10299,126754332,1733315400.0,15.250916666666667,52.757333333333335
10300,126745547,1733327157.0,15.523666666666667,51.933083333333336
10301,126754125,1733335200.0,15.759722222222223,52.471111111111114
10302,126746770,1733305800.0,15.708277777777777,51.811527777777776
10303,126746394,1733297921.0,15.123888888888889,51.65391666666667
10304,126746894,1733335200.0,15.248805555555556,52.71722222222222
10305,126745318,1733315247.0,15.508638888888889,51.90638888888889
10306,126746437,1733295077.0,15.169055555555556,51.54113888888889
10307,126746859,1733332326.0,15.860555555555555,52.49086111111111
10308,126746704,1733321100.0,15.482333333333333,51.93394444444444
10309,126745424,1733313309.0,15.564722222222223,52.24319444444444
10310,126747148,1733301253.0,15.286416666666666,51.62708333333333
10311,126746961,1733343225.0,15.501611111111112,51.94127777777778
10312,126746954,1733345107.0,15.126611111111112,51.63297222222222
10313,126769716,1733295000.0,15.311055555555555,51.62025
10314,126745373,1733321564.0,15.486222222222223,51.93125
10315,126745474,1733326200.0,15.527138888888889,51.960861111111114
10316,126745387,1733322480.0,14.59925,52.31880555555556
10317,126745344,1733319660.0,14.59925,52.318888888888885
10318,126746658,1733315400.0,15.51725,51.946555555555555
10319,126762421,1733289900.0,15.42025,51.913944444444446
10320,126778987,1733266800.0,15.519055555555555,51.78272222222222
10321,126746349,1733295187.0,14.965738,52.566048
10322,126746900,1733334283.0,15.24575,52.71472222222222
10323,126745554,1733342496.0,15.24575,52.71472222222222
10324,126746406,1733277300.0,15.713111111111111,51.80555555555556
10325,126746783,1733329282.0,15.305722222222222,52.677527777777776
10326,126747072,1733292521.0,15.531083333333333,52.24883333333333
10327,126746883,1733331600.0,15.245138888888889,52.71375
10328,126747096,1733294699.0,15.255666666666666,52.74225
10329,126748063,1733386714.0,14.678,52.60947222222222
10330,126745685,1733377667.0,15.282805555555555,52.74469444444444
10331,126748642,1733434033.0,15.851638888888889,52.837583333333335
10332,126755068,1733394600.0,15.311861111111112,51.61786111111111
10333,126748483,1733407668.0,15.53775,52.24366666666667
10334,126745913,1733403613.0,15.515666666666666,51.75491666666667
10335,126745823,1733401790.0,14.72675,51.94605555555555
10336,126748361,1733409900.0,16.31525,51.809666666666665
10337,126748530,1733417280.0,15.146666666666667,51.657694444444445
10338,126745990,1733414242.0,15.0585,51.63019444444444
10339,126764487,1733362200.0,15.624583333333334,51.499138888888886
10340,126750202,1733439025.0,14.652805555555556,52.32375
10341,126748499,1733415600.0,15.545777777777777,51.93852777777778
10342,126745693,1733381325.0,15.51388888888889,51.93613888888889
10343,126745745,1733389332.0,15.115194444444445,52.44588888888889
10344,126748270,1733399538.0,15.81461111111111,52.38297222222222
10345,126747025,1733378782.0,15.23775,52.73963888888889
10346,126748595,1733417591.0,15.2385,52.73294444444444
10347,126750109,1733423760.0,15.250333333333334,52.718333333333334
10348,126753592,1733426700.0,15.5975,51.74816666666667
10349,126747005,1733373600.0,15.478,51.93925
10350,126748416,1733411100.0,15.517277777777778,51.93530555555556
10351,126753562,1733401800.0,15.053194444444445,52.46136111111111
10352,126745634,1733373600.0,15.470333333333333,51.93938888888889
10353,126745917,1733396347.0,15.502472222222222,52.43313888888889
10354,126751393,1733405580.0,15.456333333333333,51.965472222222225
10355,126748965,1733488800.0,15.509944444444445,51.93833333333333
10356,126763980,1733475600.0,15.253722222222223,52.73297222222222
10357,126763948,1733518800.0,15.252277777777778,52.73902777777778
10358,126798528,1733466360.0,15.428833333333333,51.98075
10359,126750697,1733501549.0,15.552055555555556,52.256194444444446
10360,126751068,1733498722.0,15.559444444444445,51.93752777777778
10361,126751117,1733494200.0,15.756944444444445,52.00058333333333
10362,126748691,1733460600.0,15.524833333333333,51.95816666666666
10363,126755186,1733500800.0,15.162805555555556,52.32505555555556
10364,126750271,1733468863.0,14.832416666666667,52.346472222222225
10365,126756033,1733508000.0,14.648861111111112,52.57111111111111
10366,126748802,1733468100.0,15.506,51.93113888888889
10367,126750218,1733452102.0,16.313562,51.791424
10368,126748887,1733483466.0,15.14563888888889,51.63736111111111
10369,126750555,1733494608.0,15.212833333333334,52.738638888888886
10370,126750378,1733478240.0,15.65163888888889,51.87638888888889
10371,126749361,1733509342.0,15.618,52.08738888888889
10372,126748647,1733449271.0,15.594944444444444,51.5475
10373,126750569,1733489798.0,15.29186111111111,52.774388888888886
10374,126750421,1733483409.0,15.250666666666667,52.719166666666666
10375,126750560,1733495306.0,15.578972222222223,52.44708333333333
10376,126750738,1733505762.0,15.29,52.76094444444445
10377,126787711,1733482800.0,15.612666666666666,52.07988888888889
10378,126748655,1733450674.0,14.657055555555555,52.32391666666667
10379,126751153,1733508745.0,15.218027777777777,52.74158333333333
10380,126751090,1733501261.0,15.720611111111111,51.80722222222222
10381,126749410,1733516142.0,14.625777777777778,52.60480555555556
10382,126764460,1733488680.0,15.487694444444445,51.937805555555556
10383,126751132,1733510920.0,15.530805555555556,52.878277777777775
10384,126750296,1733466521.0,15.24525,52.7455
10385,126748931,1733488252.0,15.586694444444444,52.44311111111111
10386,126751131,1733505181.0,15.22236111111111,52.7425
10387,126751049,1733499113.0,15.271333333333333,52.73597222222222
10388,126748851,1733480864.0,14.65038888888889,52.589527777777775
10389,126750687,1733505078.0,15.664944444444444,51.85936111111111
10390,126751103,1733501316.0,15.1265,51.64044444444444
10391,126749221,1733492355.0,15.617666666666667,51.741277777777775
10392,126750437,1733483125.0,15.583666666666666,52.44361111111111
10393,126749381,1733505449.0,15.147055555555555,51.66766666666667
10394,126750648,1733501959.0,15.138194444444444,52.06075
10395,126749205,1733485082.0,15.138416666666666,51.643027777777775
10396,126806993,1733500800.0,15.247722222222222,52.75205555555556
10397,126750498,1733490300.0,15.412555555555556,52.31905555555556
10398,126820519,1733451300.0,15.614305555555555,52.06327777777778
10399,126826318,1733479200.0,15.272305555555555,52.764472222222224
10400,126806735,1733558400.0,14.650694444444444,52.58591666666667
10401,126750785,1733559617.0,15.088256,52.31916
10402,126749856,1733573100.0,15.512555555555556,51.93394444444444
10403,126749813,1733570100.0,15.401083333333334,51.92027777777778
10404,126750804,1733564732.0,15.513444444444444,51.87136111111111
10405,126750925,1733576926.0,15.324833333333334,51.63291666666667
10406,126754110,1733578800.0,15.499416666666667,52.596666666666664
10407,126750886,1733578800.0,15.861555555555556,52.071416666666664
10408,126750781,1733555730.0,14.640833333333333,52.57633333333333
10409,126751424,1733601600.0,15.531416666666667,51.939055555555555
10410,126752055,1733599594.0,14.874818,52.594116
10411,126757170,1733572200.0,15.559222222222223,52.44413888888889
10412,126749576,1733561069.0,15.729722222222222,52.12388888888889
10413,126749585,1733556180.0,15.548222222222222,52.48758333333333
10414,126749555,1733555953.0,15.26913888888889,51.56913888888889
10415,126749881,1733587628.0,15.669305555555555,52.576
10416,126751366,1733609700.0,15.519305555555556,51.945083333333336
10417,126749490,1733531470.0,15.74611111111111,52.96391666666667
10418,126749732,1733559880.0,15.077805555555555,52.69075
10419,126750880,1733564738.0,15.25,52.720305555555555
10420,126749755,1733575657.0,15.217555555555556,52.74388888888889
10421,126750977,1733586123.0,15.028777777777778,52.674638888888886
10422,126749986,1733605346.0,14.639166666666666,52.60911111111111
10423,126749952,1733585906.0,15.603166666666667,51.74469444444444
10424,126749610,1733564580.0,15.554666666666666,51.72338888888889
10425,126750782,1733558930.0,15.533166666666666,51.70130555555556
10426,126749956,1733600275.0,14.88825,51.78572222222222
10427,126749613,1733562315.0,15.117666666666667,51.63361111111111
10428,126750909,1733578590.0,15.708527777777778,52.22322222222222
10429,126749961,1733590885.0,15.565916666666666,52.44241666666667
10430,126814704,1733576400.0,15.229444444444445,52.73291666666667
10431,126753288,1733697447.0,14.72775,51.949555555555555
10432,126753100,1733654755.0,15.073307,52.277233
10433,126752276,1733669034.0,14.97331,52.567715
10434,126763944,1733666400.0,15.245694444444444,52.73997222222222
10435,126752394,1733679035.0,15.37138888888889,51.63386111111111
10436,126753176,1733671500.0,15.455722222222223,51.86655555555556
10437,126752376,1733676798.0,15.559555555555555,52.44430555555556
10438,126753085,1733654700.0,15.47888888888889,51.93088888888889
10439,126752391,1733684400.0,15.49775,51.94566666666667
10440,126752238,1733660658.0,15.528972222222222,51.95441666666667
10441,126753157,1733672418.0,15.236277777777778,52.688138888888886
10442,126752396,1733682344.0,15.2395,52.73627777777778
10443,126752399,1733677393.0,15.131027777777778,52.05094444444445
10444,126752155,1733636609.0,15.291638888888889,51.62877777777778
10445,126753256,1733689440.0,15.34361111111111,51.62277777777778
10446,126752283,1733663654.0,15.668333333333333,51.79783333333334
10447,126753146,1733667644.0,15.278527777777779,52.63952777777778
10448,126753372,1733722200.0,15.662333333333333,51.93097222222222
10449,126753437,1733726400.0,15.57161111111111,51.90102777777778
10450,126752842,1733756946.0,15.541416666666667,52.881055555555555
10451,126752947,1733765982.0,16.163746,51.85059
10452,126806737,1733754600.0,14.889916666666666,52.746722222222225
10453,126753746,1733755887.0,15.748566,52.989426
10454,126753818,1733751300.0,15.505888888888888,51.92044444444444
10455,126753833,1733762178.0,15.650055555555555,51.7835
10456,126752614,1733735382.0,15.571944444444444,51.617444444444445
10457,126753827,1733764412.0,14.654638888888888,52.598555555555556
10458,126753422,1733729480.0,15.313555555555556,51.6585
10459,126753836,1733743216.0,15.706944444444444,52.10161111111111
10460,126752928,1733761737.0,15.532416666666666,52.23513888888889
10461,126751316,1733758344.0,15.519638888888888,51.9395
10462,126752609,1733738100.0,15.197555555555555,52.73861111111111
10463,126753826,1733758620.0,15.31775,51.61688888888889
10464,126752988,1733767770.0,15.58163888888889,52.443888888888885
10465,126752756,1733749650.0,14.616,52.32472222222222
10466,126752990,1733771244.0,15.230527777777779,52.73486111111111
10467,126752955,1733759784.0,15.486527777777777,51.93116666666667
10468,126753546,1733740189.0,15.578083333333334,51.93416666666667
10469,126753666,1733750085.0,14.963916666666666,51.67675
10470,126753609,1733746283.0,15.225333333333333,52.733472222222225
10471,126753742,1733757551.0,14.566055555555556,52.34861111111111
10472,126752657,1733744998.0,15.199166666666667,52.73744444444444
10473,126752843,1733758580.0,15.203444444444445,52.736333333333334
10474,126754148,1733755200.0,15.704555555555556,51.80469444444444
10475,126753725,1733758608.0,14.639666666666667,52.57977777777778
10476,126753737,1733751300.0,15.528694444444444,51.930305555555556
10477,126753807,1733761897.0,14.667277777777779,52.602111111111114
10478,126753492,1733736300.0,15.512833333333333,51.946888888888886
10479,126752943,1733765340.0,15.437944444444444,52.31283333333333
10480,126752608,1733738250.0,15.250222222222222,52.719027777777775
10481,126752596,1733736136.0,15.703916666666666,51.80475
10482,126751226,1733731918.0,16.315242,51.800905
10483,126753621,1733705100.0,15.651444444444444,51.87663888888889
10484,126752677,1733745384.0,15.617916666666666,52.08763888888889
10485,126752654,1733744760.0,15.661694444444445,51.791666666666664
10486,126771577,1733749200.0,15.867027777777778,52.43680555555556
10487,126806823,1733745600.0,14.909972222222223,52.769444444444446
10488,126774738,1733752800.0,15.236,52.72313888888889
10489,126753954,1733760300.0,15.438694444444444,51.94697222222222
10490,126751606,1733821828.0,14.853944444444444,52.77638888888889
10491,126755130,1733820420.0,16.29142,51.706818
10492,126755125,1733822400.0,15.490694444444445,51.935138888888886
10493,126754057,1733813100.0,15.501027777777777,51.921
10494,126754142,1733820600.0,15.251111111111111,51.79816666666667
10495,126755492,1733849024.0,15.835472222222222,51.65541666666667
10496,126753994,1733794020.0,15.546805555555556,52.32472222222222
10497,126751729,1733849640.0,15.112388888888889,52.06102777777778
10498,126755504,1733853761.0,15.600305555555556,52.17133333333334
10499,126754056,1733814000.0,15.517888888888889,51.94902777777778
10500,126755482,1733851200.0,15.359972222222222,51.910222222222224
10501,126755088,1733814300.0,15.516083333333333,51.93669444444444
10502,126755590,1733850600.0,15.549694444444444,51.922694444444446
10503,126751469,1733825900.0,15.702944444444444,51.809666666666665
10504,126755120,1733819862.0,15.719611111111112,51.80708333333333
10505,126751613,1733841552.0,15.63675,51.769666666666666
10506,126755456,1733845459.0,15.642166666666666,51.798944444444444
10507,126751549,1733829663.0,15.502222222222223,52.053444444444445
10508,126751782,1733856475.0,15.2905,52.759277777777775
10509,126755422,1733849167.0,14.899583333333334,52.678805555555556
10510,126754351,1733824800.0,16.32063888888889,51.80752777777778
10511,126756407,1733826000.0,15.51286111111111,51.947
10512,126751673,1733845798.0,14.978694444444445,51.7815
10513,126768484,1733848200.0,15.797944444444445,51.668166666666664
10514,126755273,1733834881.0,15.141305555555556,51.647527777777775
10515,126755700,1733868728.0,15.491444444444445,52.12419444444444
10516,126751669,1733844574.0,15.083226,52.322899
10517,126755656,1733862066.0,15.231444444444444,51.52847222222222
10518,126756164,1733933027.0,14.965653,52.566055
10519,126807023,1733932200.0,15.243416666666667,52.72566666666667
10520,126755955,1733904600.0,15.259222222222222,51.85272222222222
10521,126751982,1733917914.0,15.462055555555555,52.83738888888889
10522,126751820,1733895282.0,15.060833333333333,51.63005555555556
10523,126763337,1733929200.0,15.607722222222222,51.74386111111111
10524,126757094,1733932568.0,15.335194444444445,51.61516666666667
10525,126755883,1733909190.0,14.59988888888889,52.31905555555556
10526,126756225,1733936991.0,15.712083333333334,51.80177777777778
10527,126754810,1733908800.0,15.20561111111111,51.50947222222222
10528,126754385,1733912918.0,15.684472222222222,51.8005
10529,126756503,1733917200.0,15.704083333333333,51.78436111111111
10530,126752031,1733928301.0,15.650722222222223,52.28588888888889
10531,126757047,1733926662.0,15.570666666666666,52.45988888888889
10532,126751971,1733913315.0,14.809194444444444,51.62744444444444
10533,126756301,1733947610.0,15.097972222222221,52.0485
10534,126754486,1733921853.0,14.965593,52.565987
10535,126763947,1733940000.0,15.495944444444444,51.93247222222222
10536,126756278,1733942966.0,15.489277777777778,51.94708333333333
10537,126755748,1733895302.0,15.023916666666667,51.75752777777778
10538,126764473,1733914800.0,15.516027777777778,51.95733333333333
10539,126754353,1733907276.0,16.108416666666667,51.78766666666667
10540,126756275,1733929091.0,15.226,52.7425
10541,126756286,1733933490.0,15.241527777777778,52.728027777777775
10542,126754403,1733913000.0,15.531055555555556,51.93983333333333
10543,126756049,1733924939.0,15.244277777777778,52.74588888888889
10544,126755846,1733908004.0,15.226555555555555,52.74327777777778
10545,126755800,1733900688.0,15.022944444444445,51.75763888888889
10546,126752036,1733928000.0,15.490805555555555,51.947722222222225
10547,126752018,1733925300.0,15.488083333333334,51.9455
10548,126774736,1733899500.0,15.214277777777777,52.73613888888889
10549,126774737,1733926800.0,15.231361111111111,52.7385
10550,126752023,1733925600.0,15.239361111111112,52.73236111111111
10551,126755718,1733894755.0,15.546194444444444,51.95616666666667
10552,126755719,1733895067.0,15.075444444444445,52.01244444444445
10553,126754416,1733915425.0,15.521361111111112,52.87697222222222
10554,126758284,1734016874.0,15.04927,52.315781
10555,126763961,1734040800.0,15.528972222222222,51.93886111111111
10556,126762761,1734013800.0,15.595444444444444,51.745305555555554
10557,126756517,1733994127.0,15.53636111111111,52.252916666666664
10558,126754869,1734000963.0,15.244222222222222,52.50961111111111
10559,126756379,1733985747.0,15.684166666666666,51.880694444444444
10560,126756360,1733983011.0,15.715444444444444,51.83525
10561,126767492,1733997600.0,16.3145,51.811055555555555
10562,126764537,1734013800.0,15.564722222222223,51.93855555555555
10563,126767233,1733983200.0,15.603972222222222,52.09386111111111
10564,126756840,1733983500.0,15.577944444444444,52.444805555555554
10565,126754808,1733996140.0,15.416083333333333,52.82625
10566,126758630,1734040800.0,15.528083333333333,51.93875
10567,126758102,1734010200.0,15.493333333333334,51.94005555555555
10568,126764496,1734012000.0,15.470027777777778,51.87813888888889
10569,126758258,1734023296.0,15.607777777777777,52.089
10570,126754663,1733978400.0,15.57236111111111,51.92677777777778
10571,126758422,1734029223.0,15.308472222222223,51.67783333333333
10572,126758371,1734022500.0,15.559388888888888,51.93963888888889
10573,126756582,1734008700.0,15.567222222222222,51.91316666666667
10574,126758426,1734036207.0,14.727055555555555,51.95527777777778
10575,126754913,1733999400.0,15.48525,51.931666666666665
10576,126756669,1734012142.0,15.76838888888889,51.79844444444444
10577,126754942,1734000300.0,15.49611111111111,51.959583333333335
10578,126756607,1734012900.0,15.493638888888889,51.94161111111111
10579,126758320,1734023969.0,15.575694444444444,52.835
10580,126754837,1733996553.0,15.269777777777778,52.75825
10581,126754901,1734002265.0,15.709388888888888,51.816361111111114
10582,126754684,1733982438.0,15.344666666666667,52.66425
10583,126754657,1733983477.0,15.272583333333333,52.76058333333334
10584,126758333,1734021000.0,15.490388888888889,51.934916666666666
10585,126755010,1734009000.0,15.49413888888889,51.93677777777778
10586,126758062,1734010539.0,15.671555555555555,51.653
10587,126806753,1733996100.0,14.640555555555556,52.60861111111111
10588,126806739,1733981580.0,15.121083333333333,52.783027777777775
10589,126803028,1734009600.0,15.511444444444445,51.934305555555554
10590,126756951,1734089350.0,15.409972222222223,51.68175
10591,126758676,1734078045.0,15.753583333333333,52.81227777777778
10592,126760336,1734117038.0,14.612333333333334,52.33394444444444
10593,126762719,1734089160.0,15.68213888888889,51.796416666666666
10594,126760485,1734130310.0,15.461055555555555,52.58075
10595,126758971,1734093000.0,14.636666666666667,52.54080555555556
10596,126775339,1734087600.0,15.226777777777778,52.75363888888889
10597,126774490,1734105600.0,15.799055555555556,53.01913888888889
10598,126807002,1734112800.0,15.241361111111111,52.73105555555556
10599,126763383,1734090000.0,15.749083333333333,51.709666666666664
10600,126761149,1734118837.0,14.780748,52.548084
10601,126758525,1734069297.0,15.116305555555556,51.655972222222225
10602,126756764,1734068930.0,14.72488888888889,51.97794444444445
10603,126758650,1734075817.0,16.328484,51.806957
10604,126760135,1734104959.0,15.249194444444445,52.74388888888889
10605,126760091,1734096900.0,15.203416666666667,51.63788888888889
10606,126760103,1734102567.0,15.48525,51.952777777777776
10607,126756958,1734094332.0,14.681527777777777,52.604083333333335
10608,126758728,1734079066.0,15.537305555555555,51.90069444444445
10609,126758924,1734093803.0,14.948944444444445,52.65738888888889
10610,126758639,1734071379.0,15.749805555555556,51.734833333333334
10611,126760207,1734108588.0,14.72725,51.95733333333333
10612,126758514,1734064119.0,15.087583333333333,51.63033333333333
10613,126756947,1734074950.0,15.517138888888889,52.19705555555556
10614,126760279,1734110160.0,15.208361111111111,52.735083333333336
10615,126756988,1734088123.0,15.495805555555556,51.96147222222222
10616,126760408,1734125465.0,15.664111111111112,51.79233333333333
10617,126756791,1734073450.0,15.228277777777778,52.743611111111115
10618,126756954,1734083400.0,15.563611111111111,51.925777777777775
10619,126760128,1734104796.0,15.487805555555555,51.9525
10620,126758568,1734065845.0,14.628416666666666,52.602583333333335
10621,126760204,1734105690.0,15.699694444444445,51.79994444444444
10622,126756911,1734079767.0,15.253472222222221,52.74272222222222
10623,126763974,1734089400.0,15.502666666666666,51.94102777777778
10624,126806998,1734108300.0,15.19475,52.7355
10625,126760594,1734168244.0,15.865444444444444,52.32875
10626,126760887,1734196244.0,15.207805555555556,52.735055555555554
10627,126763985,1734212880.0,15.489472222222222,51.937222222222225
10628,126761205,1734166620.0,15.118277777777777,52.44002777777778
10629,126764546,1734173100.0,15.505527777777777,51.9455
10630,126760770,1734191693.0,15.649083333333333,52.28916666666667
10631,126761209,1734168280.0,16.320879,51.801453
10632,126764552,1734175200.0,15.484166666666667,51.93086111111111
10633,126759266,1734211962.0,15.78125,52.31216666666667
10634,126760472,1734139816.0,15.233083333333333,52.74469444444444
10635,126759144,1734179319.0,15.742972222222223,51.687305555555554
10636,126760786,1734189491.0,15.69675,51.80338888888889
10637,126760820,1734194258.0,15.551444444444444,51.7145
10638,126760641,1734172532.0,15.238083333333334,52.75588888888889
10639,126760471,1734139933.0,14.6795,52.29344444444445
10640,126761235,1734173248.0,15.775055555555555,52.310694444444444
10641,126760761,1734188100.0,15.513111111111112,51.9365
10642,126764553,1734196800.0,15.511333333333333,51.93447222222222
10643,126760769,1734188412.0,16.291739,51.706832
10644,126760861,1734196152.0,15.23875,52.706805555555555
10645,126760902,1734203429.0,15.175944444444445,52.74191666666667
10646,126759093,1734170800.0,15.784805555555556,51.67461111111111
10647,126759159,1734180559.0,15.234361111111111,52.74472222222222
10648,126760522,1734161339.0,15.6715,52.918305555555555
10649,126759136,1734168380.0,15.153666666666666,52.00930555555556
10650,126806811,1734184800.0,15.248944444444444,52.62558333333333
10651,126817637,1734141600.0,15.439583333333333,52.59213888888889
10652,126760713,1734184386.0,15.454472222222222,52.9485
10653,126797068,1734282180.0,15.506416666666667,52.599
10654,126762220,1734276869.0,15.132141,52.581367
10655,126762123,1734265800.0,15.613111111111111,52.036611111111114
10656,126759366,1734267300.0,15.612777777777778,52.07672222222222
10657,126759316,1734257898.0,16.071694444444443,51.881083333333336
10658,126761426,1734253448.0,15.200055555555556,52.738166666666665
10659,126778978,1734257400.0,15.497777777777777,51.564166666666665
10660,126759347,1734265404.0,15.455083333333333,51.865944444444445
10661,126759391,1734272263.0,14.571333333333333,52.34888888888889
10662,126761010,1734248830.0,15.078444444444445,52.69088888888889
10663,126759321,1734260100.0,15.640027777777778,52.078
10664,126762233,1734276079.0,14.563916666666668,52.348555555555556
10665,126761404,1734233173.0,15.755583333333334,51.76375
10666,126761491,1734264233.0,15.729583333333334,52.858472222222225
10667,126762350,1734294410.0,15.141666666666667,52.781555555555556
10668,126759358,1734269844.0,15.556944444444444,52.84433333333333
10669,126762317,1734290165.0,15.223666666666666,52.74202777777778
10670,126761421,1734252135.0,15.500472222222221,51.95811111111111
10671,126761468,1734265656.0,14.729805555555556,51.94836111111111
10672,126760958,1734222002.0,15.071333333333333,52.06438888888889
10673,126762347,1734288000.0,15.499611111111111,51.93983333333333
10674,126775340,1734252000.0,15.195666666666666,52.73741666666667
10675,126759672,1734347220.0,15.49525,51.92863888888889
10676,126762741,1734350723.0,14.563333333333333,52.35063888888889
10677,126761607,1734329400.0,15.527055555555556,51.95825
10678,126762621,1734345438.0,15.687388888888888,52.43225
10679,126762831,1734354628.0,15.514,51.93552777777778
10680,126762832,1734354622.0,15.579333333333333,52.4455
10681,126762550,1734338957.0,15.848805555555556,51.723416666666665
10682,126762877,1734342600.0,15.685527777777779,51.80727777777778
10683,126764026,1734364200.0,15.499638888888889,51.936055555555555
10684,126762874,1734357670.0,15.833194444444445,52.84019444444444
10685,126762693,1734347427.0,15.710416666666667,51.806
10686,126761639,1734334200.0,15.505611111111111,51.90841666666667
10687,126764079,1734364616.0,15.49225,51.95480555555555
10688,126761621,1734332349.0,15.666361111111112,52.57544444444444
10689,126762475,1734333226.0,15.521027777777778,51.95883333333333
10690,126774480,1734337800.0,15.545777777777777,52.85183333333333
10691,126764288,1734367572.0,15.497833333333332,51.56402777777778
10692,126762393,1734324845.0,16.320083333333333,51.80847222222222
10693,126807024,1734345600.0,15.24011111111111,52.72986111111111
10694,126764129,1734363828.0,15.26361111111111,52.69997222222222
10695,126764158,1734368280.0,15.1365,51.637
10696,126763960,1734387000.0,15.063833333333333,52.31413888888889
10697,126767992,1734381000.0,15.501583333333333,51.94233333333333
10698,126762448,1734330862.0,15.19036111111111,51.93877777777778
10699,126762644,1734343140.0,15.135305555555556,51.65116666666667
10700,126759598,1734340631.0,14.761611111111112,52.39994444444444
10701,126762405,1734329739.0,14.559194444444444,52.34869444444445
10702,126762733,1734349140.0,15.098833333333333,52.050444444444445
10703,126763934,1734383700.0,15.059666666666667,52.31447222222222
10704,126764322,1734377531.0,15.156722222222223,52.748
10705,126762694,1734346242.0,15.752361111111112,52.98063888888889
10706,126764068,1734364680.0,15.209444444444445,52.73558333333333
10707,126761690,1734343285.0,15.938083333333333,52.06341666666667
10708,126762620,1734343038.0,14.609333333333334,52.32180555555556
10709,126764162,1734369154.0,15.2595,51.55625
10710,126762567,1734338269.0,15.545777777777777,52.85183333333333
10711,126771373,1734355800.0,16.018916666666666,51.85802777777778
10712,126762783,1734349586.0,14.775805555555555,51.66861111111111
10713,126764245,1734371112.0,15.275555555555556,52.7425
10714,126810069,1734325200.0,15.220833333333333,52.733
10715,126807010,1734361200.0,15.205,52.74377777777778
10716,126807030,1734339600.0,15.231,52.738638888888886
10717,126836350,1734351900.0,15.611027777777778,52.09213888888889
10718,126763582,1734448430.0,15.197222222222223,52.73791666666666
10719,126765385,1734457169.0,15.130972222222223,52.78019444444445
10720,126763292,1734415384.0,15.209777777777777,52.74588888888889
10721,126765283,1734449090.0,14.895222222222221,52.67536111111111
10722,126763488,1734438054.0,15.256222222222222,52.71347222222222
10723,126765441,1734462404.0,15.246805555555556,52.757
10724,126763280,1734418346.0,15.716277777777778,51.797666666666665
10725,126763502,1734427787.0,15.242694444444444,51.9875
10726,126765068,1734437652.0,15.75061111111111,52.96908333333333
10727,126763802,1734465806.0,15.24625,52.726055555555554
10728,126761831,1734424318.0,15.569305555555555,52.43913888888889
10729,126763687,1734454154.0,15.498555555555555,52.78611111111111
10730,126765142,1734436200.0,15.515361111111112,51.935722222222225
10731,126763734,1734458033.0,15.543388888888888,52.54247222222222
10732,126767746,1734452400.0,15.532027777777778,52.87833333333333
10733,126763534,1734441063.0,14.616,52.340694444444445
10734,126768467,1734453600.0,15.47375,51.593111111111114
10735,126764595,1734449700.0,15.521888888888888,51.94272222222222
10736,126764509,1734418511.0,15.332166666666666,51.60872222222222
10737,126763720,1734444600.0,15.471055555555555,51.955555555555556
10738,126765469,1734472500.0,15.508055555555556,51.96030555555556
10739,126761800,1734411208.0,15.532666666666668,52.24475
10740,126761795,1734419835.0,15.249638888888889,52.74447222222222
10741,126761870,1734416407.0,15.080055555555555,52.023472222222225
10742,126765876,1734521434.0,15.212083333333334,52.74008333333333
10743,126765808,1734516908.0,15.234833333333333,52.74330555555556
10744,126765760,1734517321.0,15.248166666666666,52.757444444444445
10745,126765931,1734526741.0,15.2555,52.73386111111111
10746,126765585,1734501768.0,15.228805555555555,52.695277777777775
10747,126765953,1734531000.0,15.255583333333334,52.733916666666666
10748,126763921,1734500491.0,15.212214,52.441514
10749,126765526,1734504054.0,15.2575,52.26808333333334
10750,126765706,1734514366.0,14.651527777777778,52.59397222222222
10751,126763936,1734507011.0,15.546138888888889,52.38386111111111
10752,126763911,1734503361.0,15.091083333333334,51.596
10753,126807037,1734501000.0,15.25088888888889,52.73361111111111
10754,126767155,1734539400.0,15.505222222222223,51.94211111111111
10755,126767185,1734541677.0,15.126416666666668,51.62991666666667
10756,126767078,1734530119.0,15.249833333333333,52.74358333333333
10757,126765605,1734507708.0,14.94763888888889,51.986666666666665
10758,126765518,1734497826.0,15.557333333333334,52.33741666666667
10759,126765954,1734526952.0,15.047978,52.001343
10760,126765614,1734504178.0,15.473944444444445,51.93797222222222
10761,126765623,1734508680.0,15.686333333333334,51.80727777777778
10762,126765896,1734516600.0,15.51375,51.93388888888889
10763,126766049,1734516572.0,15.519666666666666,51.93427777777778
10764,126768398,1734542259.0,15.124472222222222,51.64694444444444
10765,126765705,1734514949.0,15.119083333333334,52.439305555555556
10766,126768045,1734526438.0,15.048583333333333,51.565555555555555
10767,126765848,1734520926.0,15.534166666666668,52.235083333333336
10768,126765928,1734520200.0,15.493694444444444,51.963055555555556
10769,126765968,1734530400.0,15.498777777777779,51.940083333333334
10770,126763850,1734480632.0,15.614027777777778,51.46655555555556
10771,126765576,1734504900.0,15.502166666666668,51.939416666666666
10772,126765648,1734511357.0,15.322444444444445,51.62433333333333
10773,126765929,1734515100.0,15.718972222222222,51.80180555555555
10774,126767145,1734538378.0,14.793972222222223,51.645472222222224
10775,126776115,1734509100.0,14.980722222222223,51.78080555555555
10776,126768377,1734545493.0,15.552055555555556,51.93788888888889
10777,126781479,1734552000.0,15.232722222222222,51.79891666666666
10778,126810039,1734543420.0,15.23686111111111,52.728138888888886
10779,126767362,1734485400.0,15.467194444444445,51.92883333333333
10780,126774739,1734516600.0,15.279722222222222,52.769444444444446
10781,126765992,1734509372.0,15.252,52.719972222222225
10782,126767043,1734527197.0,15.162194444444445,52.74169444444444
10783,126768285,1734531761.0,15.095777777777778,52.05511111111111
10784,126767400,1734608228.0,15.479083333333334,52.25352777777778
10785,126769078,1734623892.0,15.432606,52.379413
10786,126769031,1734618136.0,16.247183,51.713802
10787,126768999,1734621617.0,15.167833333333334,51.63955555555555
10788,126767405,1734609327.0,15.578166666666666,52.44197222222222
10789,126768787,1734609082.0,15.240722222222223,52.72794444444445
10790,126768504,1734584988.0,15.72788888888889,51.795722222222224
10791,126768740,1734606855.0,15.237583333333333,52.73261111111111
10792,126769333,1734617293.0,14.670444444444444,52.61058333333333
10793,126768916,1734616562.0,15.143,51.63688888888889
10794,126769135,1734622578.0,15.275222222222222,52.742583333333336
10795,126768632,1734602388.0,14.655222222222223,52.32358333333333
10796,126768906,1734609758.0,14.755416666666667,51.967777777777776
10797,126810047,1734629400.0,15.237333333333334,52.75738888888889
10798,126769186,1734624900.0,15.492305555555555,51.9295
10799,126767579,1734620994.0,14.826972222222222,52.66275
10800,126767462,1734607800.0,15.524138888888888,51.95791666666667
10801,126768440,1734576713.0,15.251583333333333,52.76122222222222
10802,126768455,1734586863.0,15.052722222222222,51.571555555555555
10803,126767553,1734616800.0,15.508305555555555,51.94255555555556
10804,126768777,1734606900.0,15.517805555555556,51.94894444444444
10805,126768852,1734613589.0,15.552944444444444,52.84641666666667
10806,126769407,1734634800.0,15.494944444444444,51.95111111111111
10807,126769310,1734621300.0,15.492722222222222,51.96297222222222
10808,126768533,1734590700.0,15.486305555555555,51.93125
10809,126768622,1734599876.0,15.709472222222223,52.10791666666667
10810,126768518,1734590128.0,15.489194444444445,51.580222222222226
10811,126768730,1734604800.0,15.623305555555556,52.08102777777778
10812,126769122,1734626111.0,15.524444444444445,52.2465
10813,126769346,1734637415.0,15.643194444444445,51.653305555555555
10814,126768562,1734591987.0,15.532222222222222,51.56752777777778
10815,126769059,1734621438.0,15.621944444444445,52.86452777777778
10816,126768507,1734579569.0,15.116055555555555,52.77911111111111
10817,126769045,1734608797.0,14.954277777777778,52.67608333333333
10818,126810057,1734624300.0,15.205805555555555,52.73502777777778
10819,126806813,1734573600.0,15.381472222222222,52.74769444444444
10820,126769127,1734613200.0,15.769111111111112,51.99375
10821,126806745,1734611400.0,15.207055555555556,52.76858333333333
10822,126764768,1734696344.0,14.972138888888889,51.787
10823,126767790,1734709016.0,15.750681,52.931644
10824,126769755,1734683471.0,16.071361111111113,51.878083333333336
10825,126770230,1734697920.0,15.511055555555556,51.937555555555555
10826,126764859,1734703500.0,15.498805555555556,51.94488888888889
10827,126769790,1734684228.0,15.75275,52.970194444444445
10828,126769754,1734679272.0,15.121334,52.400684
10829,126769682,1734682149.0,15.146805555555556,51.63977777777778
10830,126770366,1734700320.0,15.504111111111111,51.94544444444445
10831,126770676,1734724200.0,15.490166666666667,51.93447222222222
10832,126770066,1734698050.0,14.621083333333333,52.32238888888889
10833,126770339,1734711438.0,15.113388888888888,52.77883333333333
10834,126764791,1734702911.0,15.252527777777777,52.71888888888889
10835,126770073,1734698092.0,15.254972222222221,52.757555555555555
10836,126770137,1734702918.0,15.831305555555556,52.83983333333333
10837,126770151,1734692254.0,14.591555555555555,52.33913888888889
10838,126770537,1734720820.0,14.884666666666666,52.68486111111111
10839,126769914,1734683702.0,14.569444444444445,52.36033333333334
10840,126770054,1734696300.0,15.251861111111111,52.71919444444445
10841,126770526,1734712800.0,15.236166666666668,51.798611111111114
10842,126769573,1734675900.0,15.543138888888889,52.24286111111111
10843,126769759,1734682644.0,15.312694444444444,51.61827777777778
10844,126770642,1734730387.0,14.78636111111111,51.66869444444445
10845,126764772,1734683039.0,15.498055555555556,51.93288888888889
10846,126770234,1734704220.0,16.06961111111111,51.87905555555555
10847,126770525,1734719563.0,14.614805555555556,52.32527777777778
10848,126769910,1734691706.0,15.033027777777777,52.67472222222222
10849,126769652,1734673790.0,15.24313888888889,52.725972222222225
10850,126770237,1734704665.0,14.659083333333333,52.41019444444444
10851,126769772,1734679868.0,15.24175,52.728138888888886
10852,126770008,1734690330.0,15.5975,51.73747222222222
10853,126770530,1734714661.0,15.598444444444445,52.72383333333333
10854,126767732,1734690300.0,15.702222222222222,51.80316666666667
10855,126770108,1734699075.0,15.715694444444445,51.806444444444445
10856,126764908,1734729365.0,15.996055555555555,51.97697222222222
10857,126771573,1734695820.0,15.528,51.94025
10858,126770190,1734700186.0,15.542972222222222,52.542138888888886
10859,126770289,1734702774.0,15.127027777777778,51.63366666666667
10860,126764755,1734694105.0,15.668166666666666,52.39008333333334
10861,126769899,1734691852.0,15.501777777777777,52.59755555555556
10862,126770708,1734718005.0,15.78961111111111,52.31511111111111
10863,126790270,1734699600.0,15.126972222222221,51.64033333333333
10864,126775792,1734724800.0,15.508555555555555,51.94130555555556
10865,126771571,1734692400.0,15.49563888888889,51.93805555555556
10866,126770615,1734724025.0,15.029222222222222,51.577444444444446
10867,126770767,1734760051.0,16.077972,51.891262
10868,126772216,1734793157.0,15.541166666666667,52.880944444444445
10869,126772272,1734799500.0,15.312583333333333,51.99325
10870,126770954,1734770700.0,15.515833333333333,51.93222222222222
10871,126765019,1734778982.0,15.253194444444444,52.73491666666666
10872,126772333,1734804540.0,15.678694444444444,52.75219444444444
10873,126770886,1734775640.0,15.560694444444444,51.55688888888889
10874,126771076,1734787990.0,15.727277777777777,51.838861111111115
10875,126772055,1734784116.0,15.332361111111112,51.61336111111111
10876,126770883,1734774985.0,15.210694444444444,52.745694444444446
10877,126770902,1734776090.0,15.276916666666667,52.7635
10878,126771081,1734790020.0,15.53063888888889,52.25061111111111
10879,126770838,1734772484.0,15.321555555555555,51.612972222222226
10880,126771092,1734792477.0,14.969916666666666,51.78461111111111
10881,126771046,1734776312.0,15.116666666666667,51.65577777777778
10882,126770979,1734781284.0,15.255444444444445,52.73433333333333
10883,126772324,1734802391.0,16.060194444444445,51.93763888888889
10884,126770745,1734762253.0,14.619805555555555,52.32286111111111
10885,126772100,1734785282.0,15.24238888888889,52.7505
10886,126771106,1734795427.0,15.109861111111112,52.799055555555555
10887,126772205,1734794103.0,15.662305555555555,51.79188888888889
10888,126772306,1734800898.0,15.15161111111111,51.67738888888889
10889,126770703,1734749153.0,15.146166666666666,51.664722222222224
10890,126810063,1734800400.0,15.24388888888889,52.76566666666667
10891,126810060,1734810600.0,15.22875,52.723
10892,126765029,1734779951.0,14.565916666666666,52.34913888888889
10893,126772331,1734805734.0,15.249472222222222,52.72658333333333
10894,126764946,1734756600.0,15.614416666666667,52.04116666666667
10895,126771170,1734801077.0,15.991816,51.917794
10896,126814591,1734739200.0,15.025611111111111,52.74297222222222
10897,126821865,1734780600.0,15.511138888888889,51.934805555555556
10898,126772697,1734875673.0,15.553555555555555,52.32311111111111
10899,126767836,1734871089.0,14.658222222222221,52.49702777777778
10900,126772996,1734906975.0,15.7635,52.98894444444444
10901,126771282,1734866400.0,15.438527777777777,51.94663888888889
10902,126772496,1734840181.0,15.160333333333334,51.56847222222222
10903,126772620,1734870619.0,15.665777777777778,52.856138888888886
10904,126772672,1734875650.0,15.069666666666667,52.68875
10905,126772873,1734889995.0,15.072333333333333,52.689277777777775
10906,126767856,1734881737.0,14.818777777777777,51.84444444444444
10907,126771251,1734854030.0,15.218972222222222,52.738416666666666
10908,126772880,1734889083.0,14.979222222222223,51.506277777777775
10909,126767863,1734879717.0,15.180211,52.322714
10910,126767841,1734880320.0,14.916719,52.561039
10911,126772975,1734893360.0,14.8295,51.677194444444446
10912,126772689,1734874758.0,15.636916666666666,52.21241666666667
10913,126772523,1734850578.0,15.266861111111112,52.76213888888889
10914,126772625,1734870462.0,15.200833333333334,52.73675
10915,126772753,1734882280.0,15.570055555555555,52.46202777777778
10916,126767834,1734869811.0,15.610944444444444,52.843833333333336
10917,126772460,1734833700.0,15.537666666666667,52.44038888888889
10918,126775799,1734866400.0,15.501,51.96261111111111
10919,126810065,1734825720.0,15.256777777777778,52.75197222222222
10920,126772524,1734856500.0,15.497416666666666,51.95575
10921,126814722,1734858000.0,15.238055555555556,52.75525
10922,126772483,1734842539.0,14.663416666666667,52.45263888888889
10923,126772755,1734883620.0,15.213611111111112,52.31194444444444
10924,126773895,1734978964.0,15.211527777777778,52.73427777777778
10925,126774434,1734982194.0,15.549861111111111,52.320083333333336
10926,126773185,1734943298.0,15.668333333333333,52.577666666666666
10927,126773887,1734986372.0,15.069734,52.324604
10928,126773393,1734953042.0,15.834277777777778,52.84663888888889
10929,126771396,1734961065.0,15.831583333333333,52.836
10930,126771526,1734976712.0,14.767138888888889,51.942055555555555
10931,126774134,1734949028.0,15.619583333333333,52.08772222222222
10932,126771541,1734983419.0,15.502527777777777,52.59677777777778
10933,126773776,1734970641.0,14.958944444444445,52.12277777777778
10934,126771449,1734968099.0,14.562833333333334,52.35713888888889
10935,126786855,1734908400.0,15.252444444444444,51.799416666666666
10936,126773316,1734948572.0,15.128949,52.582273
10937,126773311,1734948501.0,15.60736111111111,52.22172222222222
10938,126771515,1734975970.0,15.109638888888888,51.617777777777775
10939,126773257,1734947107.0,15.703027777777777,51.84372222222222
10940,126795478,1734982200.0,15.310888888888888,51.986583333333336
10941,126777988,1734964500.0,15.505138888888888,51.56144444444445
10942,126774430,1734983965.0,15.710055555555556,51.82711111111111
10943,126771416,1734963634.0,14.607722222222222,52.32863888888889
10944,126773527,1734959487.0,15.240555555555556,52.72902777777778
10945,126773670,1734967005.0,15.624972222222222,51.76616666666666
10946,126776174,1734967500.0,15.624972222222222,51.76616666666666
10947,126771417,1734961041.0,15.364416666666667,51.869055555555555
10948,126773963,1734982500.0,14.664888888888889,52.44697222222222
10949,126773837,1734983100.0,15.5195,51.950833333333335
10950,126771510,1734977365.0,15.48875,51.952333333333335
10951,126767981,1734933600.0,15.54675,51.92358333333333
10952,126773084,1734930900.0,15.641777777777778,51.92783333333333
10953,126773430,1734951331.0,15.49013888888889,51.94558333333333
10954,126773626,1734960000.0,15.470611111111111,51.955333333333336
10955,126771487,1734962400.0,15.317527777777778,51.98538888888889
10956,126773792,1734967447.0,15.624722222222221,52.08252777777778
10957,126771448,1734960000.0,15.3005,51.99955555555555
10958,126773501,1734955200.0,15.464444444444444,51.95975
10959,126773574,1734953400.0,15.513972222222222,51.94255555555556
10960,126773628,1734967800.0,15.49488888888889,51.95108333333334
10961,126773602,1734954000.0,15.492944444444444,51.95086111111111
10962,126781071,1734953400.0,15.520027777777777,51.93961111111111
10963,126798142,1734955200.0,15.53963888888889,51.764805555555554
10964,126774446,1734989859.0,14.689555555555556,51.88975
10965,126835513,1734978000.0,14.95411111111111,52.67638888888889
10966,126775313,1735073842.0,15.650663,52.28595
10967,126775173,1735048715.0,15.19361111111111,52.739
10968,126771572,1735014837.0,15.467888888888888,52.58680555555556
10969,126773973,1735029704.0,14.64875,52.58602777777778
10970,126774697,1735068600.0,15.527055555555556,51.93102777777778
10971,126771700,1735053600.0,15.553305555555555,51.92155555555556
10972,126776901,1735044300.0,15.466083333333334,51.95955555555555
10973,126774511,1735019054.0,14.7035,52.25372222222222
10974,126775252,1735065865.0,15.495111111111111,51.961333333333336
10975,126775115,1735038160.0,15.506833333333333,51.93138888888889
10976,126775168,1735045493.0,15.002222222222223,51.760555555555555
10977,126773939,1735021857.0,15.340388888888889,52.652166666666666
10978,126775206,1735047298.0,15.697527777777777,51.80722222222222
10979,126773943,1735026272.0,15.340444444444444,52.65219444444445
10980,126775107,1735039212.0,15.091666666666667,52.06272222222222
10981,126774705,1735073677.0,15.714833333333333,51.82202777777778
10982,126775263,1735066135.0,15.000277777777777,52.453472222222224
10983,126812913,1735034400.0,15.232388888888888,52.72488888888889
10984,126776222,1735077600.0,15.591166666666666,51.745916666666666
10985,126775289,1735071677.0,15.632583333333333,52.45463888888889
10986,126814658,1735158600.0,15.267888888888889,52.761361111111114
10987,126806814,1735138800.0,14.666666666666666,52.59025
10988,126774787,1735143339.0,15.492638888888889,52.250277777777775
10989,126775425,1735126449.0,16.034585,51.956981
10990,126775383,1735128164.0,15.5,52.598444444444446
10991,126771832,1735152005.0,15.52588888888889,52.55538888888889
10992,126771848,1735158780.0,15.45936111111111,52.53627777777778
10993,126771826,1735146607.0,15.734916666666667,52.46505555555556
10994,126820310,1735104000.0,15.561416666666666,51.939194444444446
10995,126774743,1735118815.0,14.568972222222222,52.35963888888889
10996,126774758,1735127470.0,15.234277777777777,52.745444444444445
10997,126771776,1735127613.0,14.758722222222222,51.95055555555555
10998,126774742,1735114586.0,15.755805555555556,52.97013888888889
10999,126775398,1735134180.0,15.51286111111111,52.25072222222222
11000,126775442,1735143814.0,15.769444444444444,52.307722222222225
11001,126775501,1735153471.0,15.698444444444444,51.75077777777778
11002,126775449,1735145528.0,14.924111111111111,52.822
11003,126781077,1735247700.0,15.505472222222222,51.94186111111111
11004,126775573,1735208008.0,15.586500000000001,52.44386111111111
11005,126775606,1735218917.0,15.562611111111112,52.452305555555554
11006,126775614,1735219500.0,15.566,51.97152777777778
11007,126771874,1735177327.0,14.69975,51.74963888888889
11008,126776918,1735219200.0,15.49563888888889,51.96125
11009,126775532,1735173614.0,14.574305555555556,52.37611111111111
11010,126775530,1735172126.0,15.284138888888888,52.706361111111114
11011,126776071,1735241090.0,15.14975,51.635305555555554
11012,126771864,1735181280.0,15.296444444444445,52.69855555555556
11013,126771987,1735239444.0,15.545722222222222,52.415
11014,126775539,1735194144.0,15.700694444444444,51.8185
11015,126775657,1735228081.0,15.709916666666667,51.82275
11016,126810072,1735200660.0,15.236666666666666,52.74805555555555
11017,126777126,1735309290.0,15.754694444444445,52.97027777777778
11018,126778210,1735315357.0,14.565722222222222,52.34869444444445
11019,126777255,1735329600.0,15.71441,52.766177
11020,126778066,1735296600.0,15.49413888888889,51.938138888888886
11021,126781119,1735314480.0,15.500166666666667,51.93988888888889
11022,126778161,1735310509.0,15.76525,52.39991666666667
11023,126777265,1735329667.0,14.763833333333334,51.81386111111111
11024,126781085,1735300800.0,15.494555555555555,51.94119444444444
11025,126775924,1735293600.0,15.491972222222222,51.9575
11026,126781079,1735284420.0,15.341388888888888,51.978
11027,126775761,1735259126.0,15.163666666666666,51.642722222222226
11028,126777287,1735331434.0,15.818777777777777,51.662277777777774
11029,126776445,1735317504.0,15.505888888888888,51.927194444444446
11030,126778110,1735310503.0,15.091138888888889,51.65463888888889
11031,126778200,1735315345.0,16.247631,51.865593
11032,126778130,1735310546.0,16.31036111111111,51.80927777777778
11033,126778155,1735315854.0,15.501277777777778,51.923
11034,126778291,1735314660.0,15.119444444444444,51.94544444444445
11035,126778189,1735316994.0,15.246916666666667,52.75725
11036,126775970,1735295234.0,15.716138888888889,51.77027777777778
11037,126777059,1735298914.0,15.140333333333333,51.63838888888889
11038,126776276,1735300860.0,15.205972222222222,51.99477777777778
11039,126775951,1735295558.0,14.66125,52.35783333333333
11040,126777068,1735299996.0,15.084666666666667,52.01336111111111
11041,126777140,1735307254.0,15.242444444444445,52.725833333333334
11042,126814656,1735304100.0,15.23863888888889,52.73294444444444
11043,126777437,1735389162.0,15.078166666666666,51.678444444444445
11044,126777504,1735396200.0,15.530305555555556,52.87672222222222
11045,126810067,1735383600.0,15.218111111111112,52.74375
11046,126781094,1735377600.0,15.507805555555555,51.926944444444445
11047,126777745,1735402500.0,16.307388888888887,51.81466666666667
11048,126777510,1735401619.0,15.660461,52.834769
11049,126777418,1735380171.0,16.11138888888889,51.96361111111111
11050,126776633,1735408412.0,15.838666666666667,52.78658333333333
11051,126778418,1735397100.0,15.120833333333334,51.63475
11052,126781103,1735411200.0,15.559055555555556,51.87036111111111
11053,126781099,1735402800.0,15.501972222222221,51.931444444444445
11054,126778973,1735374000.0,15.281944444444445,54.714416666666665
11055,126776510,1735382364.0,15.534833333333333,51.55894444444444
11056,126776518,1735387916.0,15.247027777777777,52.75575
11057,126777385,1735383005.0,14.764777777777777,51.95777777777778
11058,126777499,1735400445.0,15.111611111111111,52.44552777777778
11059,126776656,1735421009.0,15.74161111111111,51.70147222222222
11060,126776635,1735415311.0,14.629666666666667,52.58005555555555
11061,126778305,1735363500.0,14.77661111111111,52.64219444444444
11062,126777336,1735364494.0,14.870944444444444,52.284555555555556
11063,126778338,1735376664.0,15.627611111111111,52.08772222222222
11064,126777363,1735379400.0,15.233583333333334,52.73686111111111
11065,126778399,1735387500.0,15.70438888888889,51.804944444444445
11066,126781477,1735394400.0,15.553,51.93425
11067,126778471,1735414986.0,14.560972222222222,52.34880555555556
11068,126776569,1735388377.0,15.355694444444444,52.026833333333336
11069,126777665,1735454220.0,15.774027777777778,52.85575
11070,126777766,1735465623.0,14.757722222222222,52.52963888888889
11071,126797015,1735464360.0,16.321277777777777,51.812694444444446
11072,126776700,1735467483.0,15.527805555555556,52.882444444444445
11073,126778539,1735473600.0,15.500944444444444,51.92288888888889
11074,126777697,1735462618.0,15.5435,52.404666666666664
11075,126777716,1735469226.0,15.395222222222221,52.63536111111111
11076,126776752,1735476600.0,15.500722222222223,51.92316666666667
11077,126777853,1735497532.0,15.1235,51.65416666666667
11078,126778547,1735473000.0,15.516194444444444,51.93127777777778
11079,126776768,1735487999.0,15.533277777777778,52.26230555555556
11080,126776758,1735485006.0,15.141153,52.487339
11081,126778977,1735487400.0,15.616583333333333,51.46336111111111
11082,126778587,1735493228.0,15.310694444444444,52.34297222222222
11083,126777737,1735468515.0,14.818833333333334,52.34938888888889
11084,126777702,1735467667.0,15.729472222222222,51.75713888888889
11085,126777846,1735495188.0,15.855361111111112,51.87844444444445
11086,126776745,1735479929.0,15.217694444444444,52.73961111111111
11087,126777886,1735510338.0,15.229138888888889,52.768861111111114
11088,126777793,1735482625.0,14.754194444444444,51.666916666666665
11089,126778622,1735491316.0,15.367111111111111,51.82136111111111
11090,126777657,1735446146.0,15.255472222222222,52.73352777777778
11091,126776753,1735484772.0,15.249666666666666,52.7185
11092,126781460,1735468200.0,15.604777777777779,52.07983333333333
11093,126781483,1735484400.0,15.549944444444444,51.937583333333336
11094,126776720,1735470528.0,15.239055555555556,52.736555555555555
11095,126778604,1735488775.0,15.25838888888889,52.82805555555556
11096,126778548,1735479544.0,15.1295,51.59155555555556
11097,126778853,1735579396.0,15.516166666666667,52.583555555555556
11098,126780121,1735562191.0,14.723416666666667,51.93461111111111
11099,126777958,1735544784.0,15.193916666666667,52.73447222222222
11100,126779305,1735573423.0,14.640527777777777,52.581
11101,126779453,1735589220.0,15.217944444444445,52.738638888888886
11102,126780061,1735559485.0,15.694166666666666,52.85722222222222
11103,126781504,1735567200.0,15.536277777777778,52.87013888888889
11104,126781467,1735547400.0,15.503694444444445,51.93786111111111
11105,126779318,1735574322.0,15.487444444444444,51.58141666666667
11106,126776823,1735533925.0,15.218,51.54563888888889
11107,126777894,1735513745.0,14.858126,52.560158
11108,126779078,1735557155.0,14.845055555555556,52.669583333333335
11109,126779250,1735537356.0,15.494388888888889,51.96163888888889
11110,126776827,1735537040.0,16.327638888888888,51.80536111111111
11111,126778685,1735549092.0,15.123722222222222,51.65411111111111
11112,126781469,1735549800.0,15.52025,51.93955555555556
11113,126776978,1735552585.0,15.62575,52.084944444444446
11114,126779242,1735568963.0,15.695583333333333,51.80708333333333
11115,126780251,1735586089.0,15.556111111111111,51.837694444444445
11116,126777941,1735533600.0,15.524083333333333,51.95775
11117,126777907,1735531931.0,15.223666666666666,52.73086111111111
11118,126779128,1735557596.0,15.539055555555555,52.80636111111111
11119,126779457,1735586400.0,15.619,51.89047222222222
11120,126778844,1735574520.0,15.509972222222222,51.936416666666666
11121,126779483,1735582329.0,15.485527777777778,51.93136111111111
11122,126779294,1735571400.0,15.49,51.944916666666664
11123,126779100,1735556976.0,15.407861111111112,52.82275
11124,126779447,1735581580.0,15.2115,52.740027777777776
11125,126779280,1735568400.0,15.501583333333333,51.93788888888889
11126,126780068,1735559564.0,15.265833333333333,52.75519444444444
11127,126814695,1735531200.0,15.268555555555556,52.76466666666666
11128,126782144,1735683303.0,15.064805555555555,52.324555555555555
11129,126781265,1735653554.0,14.653777777777778,52.49447222222222
11130,126779656,1735641181.0,14.561222222222222,52.35327777777778
11131,126779692,1735642166.0,14.561527777777778,52.35338888888889
11132,126782200,1735685927.0,15.507833333333334,51.96019444444445
11133,126781231,1735648552.0,14.658527777777778,52.591055555555556
11134,126782121,1735677465.0,15.546833333333334,52.243833333333335
11135,126780022,1735660602.0,15.237944444444445,52.73280555555556
11136,126788816,1735637400.0,15.086777777777778,52.05858333333333
11137,126781221,1735645010.0,15.115444444444444,51.62647222222222
11138,126778986,1735647060.0,15.093111111111112,52.06180555555556
11139,126779941,1735657571.0,15.213111111111111,52.73244444444445
11140,126779548,1735627400.0,15.276583333333333,52.74102777777778
11141,126779843,1735648143.0,15.152583333333334,51.627944444444445
11142,126782125,1735664311.0,15.49475,51.93647222222222
11143,126779569,1735628400.0,15.517194444444444,51.92241666666666
11144,126786814,1735664400.0,15.505888888888888,51.94513888888889
11145,126778961,1735626382.0,14.827583333333333,51.648694444444445
11146,126779918,1735653960.0,15.532333333333334,51.974583333333335
11147,126779947,1735657215.0,16.315483,51.801651
11148,126779749,1735645200.0,15.535305555555556,51.92805555555555
11149,126780000,1735651753.0,16.068558,51.879589
11150,126780036,1735663989.0,15.34238888888889,51.88616666666667
11151,126782048,1735666726.0,15.101277777777778,52.050472222222226
